ISO-10303-21;
HEADER;
FILE_DESCRIPTION((''),'2;1');
FILE_NAME('C-0170360-01-3-UNCRIMPED','2007-09-04T',('workeradm'),(
'Tyco Electronics Corporation'),
'PRO/ENGINEER BY PARAMETRIC TECHNOLOGY CORPORATION, 2005450',
'PRO/ENGINEER BY PARAMETRIC TECHNOLOGY CORPORATION, 2005450','');
FILE_SCHEMA(('CONFIG_CONTROL_DESIGN', 'GEOMETRIC_VALIDATION_PROPERTIES_MIM'));
ENDSEC;
DATA;
#1=DRAUGHTING_PRE_DEFINED_COLOUR('black');
#2=COLOUR_RGB('',0.E0,0.E0,3.6E-1);
#3=COLOUR_RGB('',0.E0,0.E0,4.8E-1);
#4=DRAUGHTING_PRE_DEFINED_COLOUR('blue');
#5=COLOUR_RGB('',0.E0,3.6E-1,9.E-2);
#6=COLOUR_RGB('',0.E0,3.6E-1,2.7E-1);
#7=COLOUR_RGB('',0.E0,5.6E-1,6.4E-1);
#8=COLOUR_RGB('',0.E0,5.8E-1,8.E-1);
#9=COLOUR_RGB('',0.E0,7.1E-1,6.6E-1);
#10=COLOUR_RGB('',0.E0,7.13E-1,0.E0);
#11=COLOUR_RGB('',0.E0,9.5E-1,8.4E-1);
#12=DRAUGHTING_PRE_DEFINED_COLOUR('green');
#13=DRAUGHTING_PRE_DEFINED_COLOUR('cyan');
#14=COLOUR_RGB('',4.E-2,0.E0,1.6E-1);
#15=COLOUR_RGB('',9.E-2,0.E0,1.2E-1);
#16=COLOUR_RGB('',1.E-1,0.E0,2.5E-1);
#17=COLOUR_RGB('',1.6E-1,3.2E-2,0.E0);
#18=COLOUR_RGB('',1.6E-1,4.6E-1,6.5E-1);
#19=COLOUR_RGB('',1.6E-1,1.E0,1.6E-1);
#20=COLOUR_RGB('',2.E-1,3.2E-2,0.E0);
#21=COLOUR_RGB('',3.1E-1,3.1E-1,5.6E-1);
#22=COLOUR_RGB('',3.2E-1,1.5E-1,0.E0);
#23=COLOUR_RGB('',4.E-1,4.E-1,4.E-1);
#24=COLOUR_RGB('',4.2E-1,4.2E-1,1.E0);
#25=COLOUR_RGB('',4.4E-1,8.5E-1,1.E0);
#26=COLOUR_RGB('',4.9E-1,4.9E-1,0.E0);
#27=COLOUR_RGB('',4.9E-1,1.E0,0.E0);
#28=COLOUR_RGB('',5.E-1,0.E0,0.E0);
#29=COLOUR_RGB('',5.E-1,0.E0,2.3E-1);
#30=COLOUR_RGB('',5.E-1,5.E-1,5.E-1);
#31=COLOUR_RGB('',5.3E-1,0.E0,0.E0);
#32=COLOUR_RGB('',5.4E-1,0.E0,4.4E-1);
#33=COLOUR_RGB('',5.5E-1,3.E-1,0.E0);
#34=COLOUR_RGB('',5.6E-1,1.E-1,5.E-2);
#35=COLOUR_RGB('',5.8E-1,2.2E-1,1.E-2);
#36=COLOUR_RGB('',6.E-1,6.E-1,6.E-1);
#37=COLOUR_RGB('',6.2E-1,0.E0,5.5E-1);
#38=COLOUR_RGB('',6.4E-1,0.E0,2.5E-1);
#39=COLOUR_RGB('',6.4E-1,1.E-2,0.E0);
#40=COLOUR_RGB('',6.8E-1,7.5E-1,1.E0);
#41=COLOUR_RGB('',7.1E-1,3.1E-1,0.E0);
#42=COLOUR_RGB('',7.2E-1,7.2E-1,7.2E-1);
#43=COLOUR_RGB('',7.4E-1,1.E0,2.6E-1);
#44=COLOUR_RGB('',7.5E-1,3.E-2,0.E0);
#45=COLOUR_RGB('',7.6E-1,0.E0,4.7E-1);
#46=COLOUR_RGB('',8.1E-1,4.E-2,0.E0);
#47=COLOUR_RGB('',8.1E-1,6.1E-1,0.E0);
#48=COLOUR_RGB('',8.2E-1,4.E-2,6.6E-1);
#49=COLOUR_RGB('',8.5E-1,8.5E-1,8.5E-1);
#50=COLOUR_RGB('',8.784E-1,9.49E-1,1.E0);
#51=COLOUR_RGB('',9.E-1,1.E0,0.E0);
#52=COLOUR_RGB('',9.37E-1,7.85E-1,0.E0);
#53=COLOUR_RGB('',9.5E-1,2.2E-1,8.1E-1);
#54=COLOUR_RGB('',9.6E-1,3.7E-1,3.E-1);
#55=COLOUR_RGB('',9.6E-1,7.1E-1,3.75E-1);
#56=DRAUGHTING_PRE_DEFINED_COLOUR('red');
#57=COLOUR_RGB('',1.E0,0.E0,6.1E-1);
#58=COLOUR_RGB('',1.E0,4.E-2,0.E0);
#59=COLOUR_RGB('',1.E0,2.3E-1,0.E0);
#60=COLOUR_RGB('',1.E0,3.5E-1,5.2E-1);
#61=COLOUR_RGB('',1.E0,3.6E-1,0.E0);
#62=COLOUR_RGB('',1.E0,4.9E-1,3.7E-1);
#63=COLOUR_RGB('',1.E0,5.E-1,0.E0);
#64=COLOUR_RGB('',1.E0,5.6E-1,7.8E-1);
#65=COLOUR_RGB('',1.E0,6.4E-1,4.9E-1);
#66=COLOUR_RGB('',1.E0,6.7E-1,0.E0);
#67=COLOUR_RGB('',1.E0,7.6E-1,6.5E-1);
#68=COLOUR_RGB('',1.E0,8.6E-1,4.E-2);
#69=COLOUR_RGB('',1.E0,9.8E-1,7.2E-1);
#70=DRAUGHTING_PRE_DEFINED_COLOUR('yellow');
#71=DRAUGHTING_PRE_DEFINED_COLOUR('white');
#72=CARTESIAN_POINT('',(0.E0,1.45E0,-4.2E0));
#73=DIRECTION('',(0.E0,0.E0,-1.E0));
#74=DIRECTION('',(0.E0,1.E0,0.E0));
#75=AXIS2_PLACEMENT_3D('',#72,#73,#74);
#77=DIRECTION('',(-7.660436430467E-1,-6.427885631744E-1,0.E0));
#78=VECTOR('',#77,1.999998806382E-1);
#79=CARTESIAN_POINT('',(6.894399988071E-1,2.028508848718E0,-6.8E0));
#80=LINE('',#79,#78);
#81=DIRECTION('',(1.070003494318E-7,-4.849921447898E-8,-1.E0));
#82=VECTOR('',#81,2.35E0);
#83=CARTESIAN_POINT('',(5.362311101833E-1,1.899951326781E0,-4.45E0));
#84=LINE('',#83,#82);
#85=DIRECTION('',(0.E0,0.E0,-1.E0));
#86=VECTOR('',#85,2.35E0);
#87=CARTESIAN_POINT('',(6.894399988071E-1,2.028508848718E0,-4.45E0));
#88=LINE('',#87,#86);
#89=DIRECTION('',(-7.660436430467E-1,-6.427885631744E-1,0.E0));
#90=VECTOR('',#89,1.999998806382E-1);
#91=CARTESIAN_POINT('',(6.894399988071E-1,2.028508848718E0,-7.1E0));
#92=LINE('',#91,#90);
#93=DIRECTION('',(0.E0,0.E0,-1.E0));
#94=VECTOR('',#93,2.E-1);
#95=CARTESIAN_POINT('',(6.894399988071E-1,2.028508848718E0,-7.1E0));
#96=LINE('',#95,#94);
#97=DIRECTION('',(-1.257254105823E-6,5.698657701275E-7,-9.999999999990E-1));
#98=VECTOR('',#97,2.000000000002E-1);
#99=CARTESIAN_POINT('',(5.362313616341E-1,1.899951212807E0,-7.1E0));
#100=LINE('',#99,#98);
#101=CARTESIAN_POINT('',(0.E0,1.45E0,-6.8E0));
#102=DIRECTION('',(0.E0,0.E0,-1.E0));
#103=DIRECTION('',(7.660444431190E-1,6.427876096865E-1,0.E0));
#104=AXIS2_PLACEMENT_3D('',#101,#102,#103);
#106=DIRECTION('',(0.E0,-1.E0,0.E0));
#107=VECTOR('',#106,2.E-1);
#108=CARTESIAN_POINT('',(7.362314759300E-1,1.967651633678E0,-6.8E0));
#109=LINE('',#108,#107);
#110=DIRECTION('',(-1.E0,0.E0,0.E0));
#111=VECTOR('',#110,2.E-1);
#112=CARTESIAN_POINT('',(7.362314759300E-1,1.767651633678E0,-6.8E0));
#113=LINE('',#112,#111);
#114=DIRECTION('',(-8.639169441940E-7,9.999999999996E-1,0.E0));
#115=VECTOR('',#114,1.322995791290E-1);
#116=CARTESIAN_POINT('',(5.362314759300E-1,1.767651633678E0,-6.8E0));
#117=LINE('',#116,#115);
#118=DIRECTION('',(1.036699911781E-6,9.999999999995E-1,0.E0));
#119=VECTOR('',#118,1.322996063716E-1);
#120=CARTESIAN_POINT('',(5.362313387750E-1,1.000048759950E0,-6.8E0));
#121=LINE('',#120,#119);
#122=DIRECTION('',(1.E0,0.E0,0.E0));
#123=VECTOR('',#122,2.E-1);
#124=CARTESIAN_POINT('',(5.362314759300E-1,1.132348366322E0,-6.8E0));
#125=LINE('',#124,#123);
#126=DIRECTION('',(0.E0,-1.E0,0.E0));
#127=VECTOR('',#126,2.E-1);
#128=CARTESIAN_POINT('',(7.362314759300E-1,1.132348366322E0,-6.8E0));
#129=LINE('',#128,#127);
#130=CARTESIAN_POINT('',(0.E0,1.45E0,-6.8E0));
#131=DIRECTION('',(0.E0,0.E0,-1.E0));
#132=DIRECTION('',(8.180349732555E-1,-5.751684818650E-1,0.E0));
#133=AXIS2_PLACEMENT_3D('',#130,#131,#132);
#135=CARTESIAN_POINT('',(0.E0,1.45E0,-6.8E0));
#136=DIRECTION('',(0.E0,0.E0,-1.E0));
#137=DIRECTION('',(-7.660444431190E-1,-6.427876096865E-1,0.E0));
#138=AXIS2_PLACEMENT_3D('',#135,#136,#137);
#140=DIRECTION('',(0.E0,1.E0,0.E0));
#141=VECTOR('',#140,2.E-1);
#142=CARTESIAN_POINT('',(-7.362314759300E-1,9.323483663215E-1,-6.8E0));
#143=LINE('',#142,#141);
#144=DIRECTION('',(1.E0,0.E0,0.E0));
#145=VECTOR('',#144,2.E-1);
#146=CARTESIAN_POINT('',(-7.362314759300E-1,1.132348366322E0,-6.8E0));
#147=LINE('',#146,#145);
#148=DIRECTION('',(8.639169441940E-7,-9.999999999996E-1,0.E0));
#149=VECTOR('',#148,1.322995791290E-1);
#150=CARTESIAN_POINT('',(-5.362314759300E-1,1.132348366322E0,-6.8E0));
#151=LINE('',#150,#149);
#152=DIRECTION('',(-1.036699913459E-6,-9.999999999995E-1,0.E0));
#153=VECTOR('',#152,1.322996063716E-1);
#154=CARTESIAN_POINT('',(-5.362313387750E-1,1.899951240050E0,-6.8E0));
#155=LINE('',#154,#153);
#156=DIRECTION('',(-1.E0,0.E0,0.E0));
#157=VECTOR('',#156,2.E-1);
#158=CARTESIAN_POINT('',(-5.362314759300E-1,1.767651633678E0,-6.8E0));
#159=LINE('',#158,#157);
#160=DIRECTION('',(0.E0,1.E0,0.E0));
#161=VECTOR('',#160,2.E-1);
#162=CARTESIAN_POINT('',(-7.362314759300E-1,1.767651633678E0,-6.8E0));
#163=LINE('',#162,#161);
#164=CARTESIAN_POINT('',(0.E0,1.45E0,-6.8E0));
#165=DIRECTION('',(0.E0,0.E0,-1.E0));
#166=DIRECTION('',(-8.180349732555E-1,5.751684818650E-1,0.E0));
#167=AXIS2_PLACEMENT_3D('',#164,#165,#166);
#169=DIRECTION('',(0.E0,0.E0,-1.E0));
#170=VECTOR('',#169,3.E-1);
#171=CARTESIAN_POINT('',(7.362314759300E-1,9.323483663215E-1,-6.8E0));
#172=LINE('',#171,#170);
#173=CARTESIAN_POINT('',(0.E0,1.45E0,-1.13E1));
#174=DIRECTION('',(0.E0,0.E0,-1.E0));
#175=DIRECTION('',(4.973757870984E-2,9.987623207070E-1,0.E0));
#176=AXIS2_PLACEMENT_3D('',#173,#174,#175);
#178=CARTESIAN_POINT('',(7.245966680484E-1,1.983816137495E0,-1.130000000002E1));
#179=CARTESIAN_POINT('',(7.253768777802E-1,1.982757088645E0,-1.129999999991E1));
#180=CARTESIAN_POINT('',(7.269369983967E-1,1.980627726101E0,-1.130012004206E1));
#181=CARTESIAN_POINT('',(7.285022430267E-1,1.978479345377E0,-1.129991891951E1));
#182=CARTESIAN_POINT('',(7.292855913643E-1,1.977396127990E0,-1.129992212593E1));
#184=CARTESIAN_POINT('',(7.292855913643E-1,1.977396127990E0,-1.129992212593E1));
#185=CARTESIAN_POINT('',(7.330986036025E-1,1.972123478577E0,-1.129993773342E1));
#186=CARTESIAN_POINT('',(7.407634844088E-1,1.961275393303E0,-1.130004899118E1));
#187=CARTESIAN_POINT('',(7.522003284050E-1,1.944310010956E0,-1.129992126701E1));
#188=CARTESIAN_POINT('',(7.600431802444E-1,1.932069665150E0,-1.130000126684E1));
#189=CARTESIAN_POINT('',(7.640001543450E-1,1.925714121330E0,-1.130000037756E1));
#191=CARTESIAN_POINT('',(7.640001543450E-1,1.925714121330E0,-1.130000037756E1));
#192=CARTESIAN_POINT('',(7.663324694083E-1,1.921968044098E0,-1.129999987010E1));
#193=CARTESIAN_POINT('',(7.706956357003E-1,1.914825002090E0,-1.130016257671E1));
#194=CARTESIAN_POINT('',(7.752415397365E-1,1.907202431560E0,-1.130025139034E1));
#195=CARTESIAN_POINT('',(7.809942197179E-1,1.897312555365E0,-1.130027952191E1));
#196=CARTESIAN_POINT('',(7.863475891648E-1,1.887848221845E0,-1.130022103568E1));
#197=CARTESIAN_POINT('',(7.913257258200E-1,1.878760202010E0,-1.129999984917E1));
#198=CARTESIAN_POINT('',(7.939842999575E-1,1.873779463476E0,-1.130000023542E1));
#200=CARTESIAN_POINT('',(7.939842999575E-1,1.873779463476E0,-1.130000023542E1));
#201=CARTESIAN_POINT('',(7.974837041107E-1,1.867223461570E0,-1.130000076101E1));
#202=CARTESIAN_POINT('',(8.041405245347E-1,1.854358094426E0,-1.129992159257E1));
#203=CARTESIAN_POINT('',(8.131181305458E-1,1.835969542192E0,-1.130004910307E1));
#204=CARTESIAN_POINT('',(8.187047093461E-1,1.823857759826E0,-1.129993783194E1));
#205=CARTESIAN_POINT('',(8.213812403793E-1,1.817881784740E0,-1.129992212593E1));
#207=CARTESIAN_POINT('',(8.213812403793E-1,1.817881784740E0,-1.129992212593E1));
#208=CARTESIAN_POINT('',(8.219270462385E-1,1.816663146818E0,-1.129991892312E1));
#209=CARTESIAN_POINT('',(8.230043678414E-1,1.814234805963E0,-1.130012016466E1));
#210=CARTESIAN_POINT('',(8.240690082885E-1,1.811817638914E0,-1.130000000013E1));
#211=CARTESIAN_POINT('',(8.245966680434E-1,1.810611057866E0,-1.129999999997E1));
#213=CARTESIAN_POINT('',(0.E0,1.45E0,-1.13E1));
#214=DIRECTION('',(0.E0,0.E0,-1.E0));
#215=DIRECTION('',(9.162185173991E-1,4.006789592368E-1,0.E0));
#216=AXIS2_PLACEMENT_3D('',#213,#214,#215);
#218=CARTESIAN_POINT('',(0.E0,1.45E0,-1.13E1));
#219=DIRECTION('',(0.E0,0.E0,-1.E0));
#220=DIRECTION('',(8.660254278360E-1,-4.999999583414E-1,0.E0));
#221=AXIS2_PLACEMENT_3D('',#218,#219,#220);
#223=CARTESIAN_POINT('',(1.000000019967E-1,5.555728092248E-1,
-1.130000000002E1));
#224=CARTESIAN_POINT('',(9.869273392278E-2,5.554266522020E-1,
-1.129999999991E1));
#225=CARTESIAN_POINT('',(9.606859155724E-2,5.551402293872E-1,
-1.130012004206E1));
#226=CARTESIAN_POINT('',(9.342541695883E-2,5.548588781363E-1,
-1.129991891951E1));
#227=CARTESIAN_POINT('',(9.209564901494E-2,5.547220872694E-1,
-1.129992212593E1));
#229=CARTESIAN_POINT('',(9.209564901494E-2,5.547220872694E-1,
-1.129992212593E1));
#230=CARTESIAN_POINT('',(8.562289455840E-2,5.540562465130E-1,
-1.129993773342E1));
#231=CARTESIAN_POINT('',(7.239576419555E-2,5.528423071975E-1,
-1.130004899370E1));
#232=CARTESIAN_POINT('',(5.198476648528E-2,5.514204029888E-1,
-1.129992125818E1));
#233=CARTESIAN_POINT('',(3.746319231685E-2,5.507484619305E-1,
-1.130000128576E1));
#234=CARTESIAN_POINT('',(2.998002546724E-2,5.504993834744E-1,
-1.130000037830E1));
#236=CARTESIAN_POINT('',(0.E0,1.45E0,-1.130017537287E1));
#237=DIRECTION('',(0.E0,0.E0,-1.E0));
#238=DIRECTION('',(3.326674365408E-2,-9.994465087070E-1,0.E0));
#239=AXIS2_PLACEMENT_3D('',#236,#237,#238);
#241=CARTESIAN_POINT('',(0.E0,1.45E0,-4.45E0));
#242=DIRECTION('',(0.E0,0.E0,-1.E0));
#243=DIRECTION('',(7.660444431190E-1,6.427876096865E-1,0.E0));
#244=AXIS2_PLACEMENT_3D('',#241,#242,#243);
#246=DIRECTION('',(-7.660444431190E-1,-6.427876096865E-1,0.E0));
#247=VECTOR('',#246,2.E-1);
#248=CARTESIAN_POINT('',(6.894399988071E-1,2.028508848718E0,-4.45E0));
#249=LINE('',#248,#247);
#250=CARTESIAN_POINT('',(0.E0,1.45E0,-4.45E0));
#251=DIRECTION('',(0.E0,0.E0,-1.E0));
#252=DIRECTION('',(7.660444431190E-1,6.427876096865E-1,0.E0));
#253=AXIS2_PLACEMENT_3D('',#250,#251,#252);
#255=DIRECTION('',(7.660444431190E-1,-6.427876096865E-1,0.E0));
#256=VECTOR('',#255,2.E-1);
#257=CARTESIAN_POINT('',(5.362311101833E-1,1.000048673219E0,-4.45E0));
#258=LINE('',#257,#256);
#259=CARTESIAN_POINT('',(0.E0,1.45E0,-4.45E0));
#260=DIRECTION('',(0.E0,0.E0,-1.E0));
#261=DIRECTION('',(8.957954233028E-1,-4.444666012084E-1,0.E0));
#262=AXIS2_PLACEMENT_3D('',#259,#260,#261);
#264=CARTESIAN_POINT('',(8.062222572208E-1,1.850005227208E0,-4.450193798351E0));
#265=CARTESIAN_POINT('',(8.309683896590E-1,1.800041562613E0,-4.450193798351E0));
#266=CARTESIAN_POINT('',(8.706319611638E-1,1.697618421986E0,-4.449911909840E0));
#267=CARTESIAN_POINT('',(9.013826245979E-1,1.531839423930E0,-4.450017618032E0));
#268=CARTESIAN_POINT('',(9.013204246401E-1,1.367642426326E0,-4.450017618032E0));
#269=CARTESIAN_POINT('',(8.705646026841E-1,1.202207314896E0,-4.449911909841E0));
#270=CARTESIAN_POINT('',(8.309371291563E-1,1.099900197028E0,-4.450193798350E0));
#271=CARTESIAN_POINT('',(8.062222568839E-1,1.049994771680E0,-4.450193798350E0));
#273=CARTESIAN_POINT('',(0.E0,1.45E0,-4.45E0));
#274=DIRECTION('',(0.E0,0.E0,-1.E0));
#275=DIRECTION('',(-7.660444431190E-1,-6.427876096865E-1,0.E0));
#276=AXIS2_PLACEMENT_3D('',#273,#274,#275);
#278=DIRECTION('',(7.660444431190E-1,6.427876096865E-1,0.E0));
#279=VECTOR('',#278,2.E-1);
#280=CARTESIAN_POINT('',(-6.894399988071E-1,8.714911512821E-1,-4.45E0));
#281=LINE('',#280,#279);
#282=CARTESIAN_POINT('',(0.E0,1.45E0,-4.45E0));
#283=DIRECTION('',(0.E0,0.E0,-1.E0));
#284=DIRECTION('',(-7.660444431190E-1,-6.427876096865E-1,0.E0));
#285=AXIS2_PLACEMENT_3D('',#282,#283,#284);
#287=DIRECTION('',(-7.660444431190E-1,6.427876096865E-1,0.E0));
#288=VECTOR('',#287,2.E-1);
#289=CARTESIAN_POINT('',(-5.362311101833E-1,1.899951326781E0,-4.45E0));
#290=LINE('',#289,#288);
#291=CARTESIAN_POINT('',(0.E0,1.45E0,-4.45E0));
#292=DIRECTION('',(0.E0,0.E0,-1.E0));
#293=DIRECTION('',(-8.957954264598E-1,4.444665948456E-1,0.E0));
#294=AXIS2_PLACEMENT_3D('',#291,#292,#293);
#296=CARTESIAN_POINT('',(-8.062222568839E-1,1.049994771680E0,
-4.450193798350E0));
#297=CARTESIAN_POINT('',(-8.309371291563E-1,1.099900197028E0,
-4.450193798350E0));
#298=CARTESIAN_POINT('',(-8.705646026841E-1,1.202207314896E0,
-4.449911909841E0));
#299=CARTESIAN_POINT('',(-9.013204246401E-1,1.367642426326E0,
-4.450017618032E0));
#300=CARTESIAN_POINT('',(-9.013826245979E-1,1.531839423930E0,
-4.450017618032E0));
#301=CARTESIAN_POINT('',(-8.706319611638E-1,1.697618421986E0,
-4.449911909840E0));
#302=CARTESIAN_POINT('',(-8.309683896590E-1,1.800041562613E0,
-4.450193798351E0));
#303=CARTESIAN_POINT('',(-8.062222572208E-1,1.850005227208E0,
-4.450193798351E0));
#305=DIRECTION('',(7.660437573428E-1,-6.427884269619E-1,0.E0));
#306=VECTOR('',#305,1.999998806381E-1);
#307=CARTESIAN_POINT('',(5.362313387750E-1,1.000048759950E0,-6.8E0));
#308=LINE('',#307,#306);
#309=DIRECTION('',(0.E0,0.E0,-1.E0));
#310=VECTOR('',#309,2.35E0);
#311=CARTESIAN_POINT('',(6.894399988071E-1,8.714911512821E-1,-4.45E0));
#312=LINE('',#311,#310);
#313=DIRECTION('',(9.727305514265E-8,3.690664558834E-8,-1.E0));
#314=VECTOR('',#313,2.35E0);
#315=CARTESIAN_POINT('',(5.362311101833E-1,1.000048673219E0,-4.45E0));
#316=LINE('',#315,#314);
#317=DIRECTION('',(7.660437573428E-1,-6.427884269619E-1,0.E0));
#318=VECTOR('',#317,1.999998806381E-1);
#319=CARTESIAN_POINT('',(5.362313387750E-1,1.000048759950E0,-7.1E0));
#320=LINE('',#319,#318);
#321=DIRECTION('',(-1.142958397370E-6,-4.336530856627E-7,-9.999999999993E-1));
#322=VECTOR('',#321,2.000000000001E-1);
#323=CARTESIAN_POINT('',(5.362313387750E-1,1.000048759950E0,-7.1E0));
#324=LINE('',#323,#322);
#325=DIRECTION('',(0.E0,0.E0,-1.E0));
#326=VECTOR('',#325,2.E-1);
#327=CARTESIAN_POINT('',(6.894399988071E-1,8.714911512821E-1,-7.1E0));
#328=LINE('',#327,#326);
#329=DIRECTION('',(-8.639169441940E-7,9.999999999996E-1,0.E0));
#330=VECTOR('',#329,1.322995791290E-1);
#331=CARTESIAN_POINT('',(5.362314759300E-1,1.767651633678E0,-7.1E0));
#332=LINE('',#331,#330);
#333=DIRECTION('',(-1.E0,0.E0,0.E0));
#334=VECTOR('',#333,2.E-1);
#335=CARTESIAN_POINT('',(7.362314759300E-1,1.767651633678E0,-7.1E0));
#336=LINE('',#335,#334);
#337=DIRECTION('',(0.E0,-1.E0,0.E0));
#338=VECTOR('',#337,2.E-1);
#339=CARTESIAN_POINT('',(7.362314759300E-1,1.967651633678E0,-7.1E0));
#340=LINE('',#339,#338);
#341=CARTESIAN_POINT('',(0.E0,1.45E0,-7.1E0));
#342=DIRECTION('',(0.E0,0.E0,-1.E0));
#343=DIRECTION('',(7.660444431190E-1,6.427876096865E-1,0.E0));
#344=AXIS2_PLACEMENT_3D('',#341,#342,#343);
#346=CARTESIAN_POINT('',(0.E0,1.45E0,-7.1E0));
#347=DIRECTION('',(0.E0,0.E0,-1.E0));
#348=DIRECTION('',(8.180349732555E-1,-5.751684818650E-1,0.E0));
#349=AXIS2_PLACEMENT_3D('',#346,#347,#348);
#351=DIRECTION('',(0.E0,-1.E0,0.E0));
#352=VECTOR('',#351,2.E-1);
#353=CARTESIAN_POINT('',(7.362314759300E-1,1.132348366322E0,-7.1E0));
#354=LINE('',#353,#352);
#355=DIRECTION('',(1.E0,0.E0,0.E0));
#356=VECTOR('',#355,2.E-1);
#357=CARTESIAN_POINT('',(5.362314759300E-1,1.132348366322E0,-7.1E0));
#358=LINE('',#357,#356);
#359=DIRECTION('',(1.036699911781E-6,9.999999999995E-1,0.E0));
#360=VECTOR('',#359,1.322996063716E-1);
#361=CARTESIAN_POINT('',(5.362313387750E-1,1.000048759950E0,-7.1E0));
#362=LINE('',#361,#360);
#363=DIRECTION('',(8.639169441940E-7,-9.999999999996E-1,0.E0));
#364=VECTOR('',#363,1.322995791290E-1);
#365=CARTESIAN_POINT('',(-5.362314759300E-1,1.132348366322E0,-7.1E0));
#366=LINE('',#365,#364);
#367=DIRECTION('',(1.E0,0.E0,0.E0));
#368=VECTOR('',#367,2.E-1);
#369=CARTESIAN_POINT('',(-7.362314759300E-1,1.132348366322E0,-7.1E0));
#370=LINE('',#369,#368);
#371=DIRECTION('',(0.E0,1.E0,0.E0));
#372=VECTOR('',#371,2.E-1);
#373=CARTESIAN_POINT('',(-7.362314759300E-1,9.323483663215E-1,-7.1E0));
#374=LINE('',#373,#372);
#375=CARTESIAN_POINT('',(0.E0,1.45E0,-7.1E0));
#376=DIRECTION('',(0.E0,0.E0,-1.E0));
#377=DIRECTION('',(-7.660444431190E-1,-6.427876096865E-1,0.E0));
#378=AXIS2_PLACEMENT_3D('',#375,#376,#377);
#380=CARTESIAN_POINT('',(0.E0,1.45E0,-7.1E0));
#381=DIRECTION('',(0.E0,0.E0,-1.E0));
#382=DIRECTION('',(-8.180349732555E-1,5.751684818650E-1,0.E0));
#383=AXIS2_PLACEMENT_3D('',#380,#381,#382);
#385=DIRECTION('',(0.E0,1.E0,0.E0));
#386=VECTOR('',#385,2.E-1);
#387=CARTESIAN_POINT('',(-7.362314759300E-1,1.767651633678E0,-7.1E0));
#388=LINE('',#387,#386);
#389=DIRECTION('',(-1.E0,0.E0,0.E0));
#390=VECTOR('',#389,2.E-1);
#391=CARTESIAN_POINT('',(-5.362314759300E-1,1.767651633678E0,-7.1E0));
#392=LINE('',#391,#390);
#393=DIRECTION('',(-1.036699912620E-6,-9.999999999995E-1,0.E0));
#394=VECTOR('',#393,1.322996063716E-1);
#395=CARTESIAN_POINT('',(-5.362313387750E-1,1.899951240050E0,-7.1E0));
#396=LINE('',#395,#394);
#397=DIRECTION('',(0.E0,0.E0,-1.E0));
#398=VECTOR('',#397,3.E-1);
#399=CARTESIAN_POINT('',(5.362314759300E-1,1.767651633678E0,-6.8E0));
#400=LINE('',#399,#398);
#401=DIRECTION('',(0.E0,0.E0,-1.E0));
#402=VECTOR('',#401,3.E-1);
#403=CARTESIAN_POINT('',(5.362313616341E-1,1.899951212807E0,-6.8E0));
#404=LINE('',#403,#402);
#405=DIRECTION('',(0.E0,0.E0,-1.E0));
#406=VECTOR('',#405,3.E-1);
#407=CARTESIAN_POINT('',(7.362314759300E-1,1.767651633678E0,-6.8E0));
#408=LINE('',#407,#406);
#409=DIRECTION('',(0.E0,0.E0,-1.E0));
#410=VECTOR('',#409,3.E-1);
#411=CARTESIAN_POINT('',(7.362314759300E-1,1.967651633678E0,-6.8E0));
#412=LINE('',#411,#410);
#413=DIRECTION('',(0.E0,0.E0,-1.E0));
#414=VECTOR('',#413,3.E-1);
#415=CARTESIAN_POINT('',(7.362314759300E-1,1.132348366322E0,-6.8E0));
#416=LINE('',#415,#414);
#417=DIRECTION('',(0.E0,0.E0,-1.E0));
#418=VECTOR('',#417,3.E-1);
#419=CARTESIAN_POINT('',(5.362314759300E-1,1.132348366322E0,-6.8E0));
#420=LINE('',#419,#418);
#421=DIRECTION('',(0.E0,0.E0,-1.E0));
#422=VECTOR('',#421,3.E-1);
#423=CARTESIAN_POINT('',(5.362313387750E-1,1.000048759950E0,-6.8E0));
#424=LINE('',#423,#422);
#425=DIRECTION('',(7.660436430467E-1,6.427885631744E-1,0.E0));
#426=VECTOR('',#425,1.999998806382E-1);
#427=CARTESIAN_POINT('',(-6.894399988071E-1,8.714911512821E-1,-6.8E0));
#428=LINE('',#427,#426);
#429=DIRECTION('',(-1.070003494791E-7,4.849921466796E-8,-1.E0));
#430=VECTOR('',#429,2.35E0);
#431=CARTESIAN_POINT('',(-5.362311101833E-1,1.000048673219E0,-4.45E0));
#432=LINE('',#431,#430);
#433=DIRECTION('',(0.E0,0.E0,-1.E0));
#434=VECTOR('',#433,2.35E0);
#435=CARTESIAN_POINT('',(-6.894399988071E-1,8.714911512821E-1,-4.45E0));
#436=LINE('',#435,#434);
#437=DIRECTION('',(7.660436430467E-1,6.427885631744E-1,0.E0));
#438=VECTOR('',#437,1.999998806382E-1);
#439=CARTESIAN_POINT('',(-6.894399988071E-1,8.714911512821E-1,-7.1E0));
#440=LINE('',#439,#438);
#441=DIRECTION('',(0.E0,0.E0,-1.E0));
#442=VECTOR('',#441,2.E-1);
#443=CARTESIAN_POINT('',(-6.894399988071E-1,8.714911512821E-1,-7.1E0));
#444=LINE('',#443,#442);
#445=DIRECTION('',(1.257254106378E-6,-5.698657723480E-7,-9.999999999990E-1));
#446=VECTOR('',#445,2.000000000002E-1);
#447=CARTESIAN_POINT('',(-5.362313616341E-1,1.000048787193E0,-7.1E0));
#448=LINE('',#447,#446);
#449=DIRECTION('',(0.E0,0.E0,-1.E0));
#450=VECTOR('',#449,7.1E0);
#451=CARTESIAN_POINT('',(0.E0,7.5E-1,-4.2E0));
#452=LINE('',#451,#450);
#453=CARTESIAN_POINT('',(0.E0,1.45E0,-4.2E0));
#454=DIRECTION('',(0.E0,0.E0,1.E0));
#455=DIRECTION('',(0.E0,1.E0,0.E0));
#456=AXIS2_PLACEMENT_3D('',#453,#454,#455);
#458=DIRECTION('',(0.E0,0.E0,-1.E0));
#459=VECTOR('',#458,2.825526241444E0);
#460=CARTESIAN_POINT('',(0.E0,2.15E0,-4.2E0));
#461=LINE('',#460,#459);
#462=DIRECTION('',(0.E0,0.E0,-1.E0));
#463=VECTOR('',#462,3.E-1);
#464=CARTESIAN_POINT('',(-5.362313616341E-1,1.000048787193E0,-6.8E0));
#465=LINE('',#464,#463);
#466=DIRECTION('',(0.E0,0.E0,-1.E0));
#467=VECTOR('',#466,3.E-1);
#468=CARTESIAN_POINT('',(-5.362314759300E-1,1.132348366322E0,-6.8E0));
#469=LINE('',#468,#467);
#470=DIRECTION('',(0.E0,0.E0,-1.E0));
#471=VECTOR('',#470,3.E-1);
#472=CARTESIAN_POINT('',(-7.362314759300E-1,1.132348366322E0,-6.8E0));
#473=LINE('',#472,#471);
#474=DIRECTION('',(0.E0,0.E0,-1.E0));
#475=VECTOR('',#474,3.E-1);
#476=CARTESIAN_POINT('',(-7.362314759300E-1,9.323483663215E-1,-6.8E0));
#477=LINE('',#476,#475);
#478=DIRECTION('',(0.E0,0.E0,-1.E0));
#479=VECTOR('',#478,3.E-1);
#480=CARTESIAN_POINT('',(-7.362314759300E-1,1.967651633678E0,-6.8E0));
#481=LINE('',#480,#479);
#482=DIRECTION('',(0.E0,0.E0,1.E0));
#483=VECTOR('',#482,2.825526241444E0);
#484=CARTESIAN_POINT('',(0.E0,2.35E0,-7.025526241444E0));
#485=LINE('',#484,#483);
#486=DIRECTION('',(-1.359038408031E-9,0.E0,1.E0));
#487=VECTOR('',#486,7.100269218127E0);
#488=CARTESIAN_POINT('',(9.649538464578E-9,5.5E-1,-1.130026921813E1));
#489=LINE('',#488,#487);
#490=CARTESIAN_POINT('',(9.649538464578E-9,5.5E-1,-1.130026921813E1));
#491=CARTESIAN_POINT('',(-2.656132431220E-3,5.5E-1,-1.130026921805E1));
#492=CARTESIAN_POINT('',(-8.412709495566E-3,5.500252303702E-1,
-1.130024583428E1));
#493=CARTESIAN_POINT('',(-1.769564981732E-2,5.501537081362E-1,
-1.130015653350E1));
#494=CARTESIAN_POINT('',(-2.568294393619E-2,5.503562740606E-1,
-1.129999993006E1));
#495=CARTESIAN_POINT('',(-2.998791966810E-2,5.504996793776E-1,
-1.130000023610E1));
#497=CARTESIAN_POINT('',(-2.998791966810E-2,5.504996793776E-1,
-1.130000023610E1));
#498=CARTESIAN_POINT('',(-3.741596031800E-2,5.507471187571E-1,
-1.130000078138E1));
#499=CARTESIAN_POINT('',(-5.188577525138E-2,5.514148320046E-1,
-1.129992158306E1));
#500=CARTESIAN_POINT('',(-7.229966665241E-2,5.528342710944E-1,
-1.130004910579E1));
#501=CARTESIAN_POINT('',(-8.558203726201E-2,5.540520435955E-1,
-1.129993783194E1));
#502=CARTESIAN_POINT('',(-9.209564901494E-2,5.547220872694E-1,
-1.129992212593E1));
#504=CARTESIAN_POINT('',(-9.209564901494E-2,5.547220872694E-1,
-1.129992212593E1));
#505=CARTESIAN_POINT('',(-9.342392334299E-2,5.548587244907E-1,
-1.129991892312E1));
#506=CARTESIAN_POINT('',(-9.606558901432E-2,5.551399070424E-1,
-1.130012016466E1));
#507=CARTESIAN_POINT('',(-9.869123730757E-2,5.554264848938E-1,
-1.130000000013E1));
#508=CARTESIAN_POINT('',(-9.999999702375E-2,5.555728086652E-1,
-1.129999999997E1));
#510=CARTESIAN_POINT('',(0.E0,1.45E0,-1.13E1));
#511=DIRECTION('',(0.E0,0.E0,-1.E0));
#512=DIRECTION('',(-1.111111012386E-1,-9.938079911037E-1,0.E0));
#513=AXIS2_PLACEMENT_3D('',#510,#511,#512);
#515=CARTESIAN_POINT('',(0.E0,1.45E0,-1.13E1));
#516=DIRECTION('',(0.E0,0.E0,-1.E0));
#517=DIRECTION('',(-8.660253909008E-1,-5.000000223151E-1,0.E0));
#518=AXIS2_PLACEMENT_3D('',#515,#516,#517);
#520=CARTESIAN_POINT('',(-8.245966700453E-1,1.810611053280E0,
-1.130000000002E1));
#521=CARTESIAN_POINT('',(-8.240696117029E-1,1.811816259153E0,
-1.129999999991E1));
#522=CARTESIAN_POINT('',(-8.230055899540E-1,1.814232044512E0,
-1.130012004206E1));
#523=CARTESIAN_POINT('',(-8.219276599854E-1,1.816661776486E0,
-1.129991891951E1));
#524=CARTESIAN_POINT('',(-8.213812403793E-1,1.817881784740E0,
-1.129992212593E1));
#526=CARTESIAN_POINT('',(-8.213812403793E-1,1.817881784740E0,
-1.129992212593E1));
#527=CARTESIAN_POINT('',(-8.187214981609E-1,1.823820274910E0,
-1.129993773342E1));
#528=CARTESIAN_POINT('',(-8.131592211342E-1,1.835882299043E0,
-1.130004899118E1));
#529=CARTESIAN_POINT('',(-8.041851910355E-1,1.854269587656E0,
-1.129992126701E1));
#530=CARTESIAN_POINT('',(-7.975061665357E-1,1.867181869490E0,
-1.130000126684E1));
#531=CARTESIAN_POINT('',(-7.939805911832E-1,1.873786481493E0,
-1.130000037756E1));
#533=CARTESIAN_POINT('',(-7.939805911832E-1,1.873786481493E0,
-1.130000037756E1));
#534=CARTESIAN_POINT('',(-7.919025506673E-1,1.877679364204E0,
-1.129999987010E1));
#535=CARTESIAN_POINT('',(-7.878980779738E-1,1.885029498058E0,
-1.130016257671E1));
#536=CARTESIAN_POINT('',(-7.835696902716E-1,1.892777651701E0,
-1.130025139034E1));
#537=CARTESIAN_POINT('',(-7.778811462367E-1,1.902704556802E0,
-1.130027952191E1));
#538=CARTESIAN_POINT('',(-7.723614777020E-1,1.912072877499E0,
-1.130022103568E1));
#539=CARTESIAN_POINT('',(-7.669800899824E-1,1.920928080223E0,
-1.129999984917E1));
#540=CARTESIAN_POINT('',(-7.639959309508E-1,1.925720842231E0,
-1.130000023542E1));
#542=CARTESIAN_POINT('',(-7.639959309508E-1,1.925720842231E0,
-1.130000023542E1));
#543=CARTESIAN_POINT('',(-7.600679688295E-1,1.932029416079E0,
-1.130000076101E1));
#544=CARTESIAN_POINT('',(-7.522546442662E-1,1.944227075247E0,
-1.129992159257E1));
#545=CARTESIAN_POINT('',(-7.408184938983E-1,1.961196186234E0,
-1.130004910307E1));
#546=CARTESIAN_POINT('',(-7.331226720841E-1,1.972090196579E0,
-1.129993783194E1));
#547=CARTESIAN_POINT('',(-7.292855913643E-1,1.977396127990E0,
-1.129992212593E1));
#549=CARTESIAN_POINT('',(-7.292855913643E-1,1.977396127990E0,
-1.129992212593E1));
#550=CARTESIAN_POINT('',(-7.285031228955E-1,1.978478128691E0,
-1.129991892312E1));
#551=CARTESIAN_POINT('',(-7.269387788270E-1,1.980625286995E0,
-1.130012016466E1));
#552=CARTESIAN_POINT('',(-7.253777709810E-1,1.982755876192E0,
-1.130000000013E1));
#553=CARTESIAN_POINT('',(-7.245966710197E-1,1.983816133468E0,
-1.129999999997E1));
#555=CARTESIAN_POINT('',(0.E0,1.45E0,-1.13E1));
#556=DIRECTION('',(0.E0,0.E0,-1.E0));
#557=DIRECTION('',(-8.051074161605E-1,5.931290318669E-1,0.E0));
#558=AXIS2_PLACEMENT_3D('',#555,#556,#557);
#560=DIRECTION('',(-7.660437573428E-1,6.427884269619E-1,0.E0));
#561=VECTOR('',#560,1.999998806381E-1);
#562=CARTESIAN_POINT('',(-5.362313387750E-1,1.899951240050E0,-6.8E0));
#563=LINE('',#562,#561);
#564=DIRECTION('',(0.E0,0.E0,-1.E0));
#565=VECTOR('',#564,2.35E0);
#566=CARTESIAN_POINT('',(-6.894399988071E-1,2.028508848718E0,-4.45E0));
#567=LINE('',#566,#565);
#568=DIRECTION('',(-9.727305509540E-8,-3.690664558834E-8,-1.E0));
#569=VECTOR('',#568,2.35E0);
#570=CARTESIAN_POINT('',(-5.362311101833E-1,1.899951326781E0,-4.45E0));
#571=LINE('',#570,#569);
#572=DIRECTION('',(-7.660437573428E-1,6.427884269619E-1,0.E0));
#573=VECTOR('',#572,1.999998806381E-1);
#574=CARTESIAN_POINT('',(-5.362313387750E-1,1.899951240050E0,-7.1E0));
#575=LINE('',#574,#573);
#576=DIRECTION('',(1.142958396815E-6,4.336530845525E-7,-9.999999999993E-1));
#577=VECTOR('',#576,2.000000000001E-1);
#578=CARTESIAN_POINT('',(-5.362313387750E-1,1.899951240050E0,-7.1E0));
#579=LINE('',#578,#577);
#580=DIRECTION('',(0.E0,0.E0,-1.E0));
#581=VECTOR('',#580,2.E-1);
#582=CARTESIAN_POINT('',(-6.894399988071E-1,2.028508848718E0,-7.1E0));
#583=LINE('',#582,#581);
#584=CARTESIAN_POINT('',(0.E0,1.45E0,-7.3E0));
#585=DIRECTION('',(0.E0,0.E0,-1.E0));
#586=DIRECTION('',(7.660444431190E-1,6.427876096865E-1,0.E0));
#587=AXIS2_PLACEMENT_3D('',#584,#585,#586);
#589=DIRECTION('',(-7.660444431190E-1,-6.427876096865E-1,0.E0));
#590=VECTOR('',#589,2.E-1);
#591=CARTESIAN_POINT('',(6.894399988071E-1,2.028508848718E0,-7.3E0));
#592=LINE('',#591,#590);
#593=CARTESIAN_POINT('',(0.E0,1.45E0,-7.3E0));
#594=DIRECTION('',(0.E0,0.E0,-1.E0));
#595=DIRECTION('',(7.660444431190E-1,6.427876096865E-1,0.E0));
#596=AXIS2_PLACEMENT_3D('',#593,#594,#595);
#598=DIRECTION('',(7.660444431190E-1,-6.427876096865E-1,0.E0));
#599=VECTOR('',#598,2.E-1);
#600=CARTESIAN_POINT('',(5.362311101833E-1,1.000048673219E0,-7.3E0));
#601=LINE('',#600,#599);
#602=CARTESIAN_POINT('',(0.E0,1.45E0,-7.3E0));
#603=DIRECTION('',(0.E0,0.E0,-1.E0));
#604=DIRECTION('',(-7.660444431190E-1,-6.427876096865E-1,0.E0));
#605=AXIS2_PLACEMENT_3D('',#602,#603,#604);
#607=DIRECTION('',(7.660444431190E-1,6.427876096865E-1,0.E0));
#608=VECTOR('',#607,2.E-1);
#609=CARTESIAN_POINT('',(-6.894399988071E-1,8.714911512821E-1,-7.3E0));
#610=LINE('',#609,#608);
#611=CARTESIAN_POINT('',(0.E0,1.45E0,-7.3E0));
#612=DIRECTION('',(0.E0,0.E0,-1.E0));
#613=DIRECTION('',(-7.660444431190E-1,-6.427876096865E-1,0.E0));
#614=AXIS2_PLACEMENT_3D('',#611,#612,#613);
#616=DIRECTION('',(-7.660444431190E-1,6.427876096865E-1,0.E0));
#617=VECTOR('',#616,2.E-1);
#618=CARTESIAN_POINT('',(-5.362311101833E-1,1.899951326781E0,-7.3E0));
#619=LINE('',#618,#617);
#620=DIRECTION('',(0.E0,0.E0,-1.E0));
#621=VECTOR('',#620,3.E-1);
#622=CARTESIAN_POINT('',(-7.362314759300E-1,1.767651633678E0,-6.8E0));
#623=LINE('',#622,#621);
#624=DIRECTION('',(0.E0,0.E0,-1.E0));
#625=VECTOR('',#624,3.E-1);
#626=CARTESIAN_POINT('',(-5.362314759300E-1,1.767651633678E0,-6.8E0));
#627=LINE('',#626,#625);
#628=DIRECTION('',(0.E0,0.E0,-1.E0));
#629=VECTOR('',#628,3.E-1);
#630=CARTESIAN_POINT('',(-5.362313387750E-1,1.899951240050E0,-6.8E0));
#631=LINE('',#630,#629);
#632=CARTESIAN_POINT('',(0.E0,1.45E0,-4.450086534258E0));
#633=DIRECTION('',(0.E0,0.E0,-1.E0));
#634=DIRECTION('',(-8.958046409879E-1,-4.444480230405E-1,0.E0));
#635=AXIS2_PLACEMENT_3D('',#632,#633,#634);
#637=CARTESIAN_POINT('',(-8.062222572208E-1,1.850005227208E0,
-4.450193798351E0));
#638=CARTESIAN_POINT('',(-8.147322507186E-1,1.841706738168E0,
-4.676617958328E0));
#639=CARTESIAN_POINT('',(-8.570345821302E-1,1.825086571691E0,
-5.128236008752E0));
#640=CARTESIAN_POINT('',(-9.956646008824E-1,1.800082001471E0,
-5.793846856418E0));
#641=CARTESIAN_POINT('',(-1.207517190803E0,1.775036973755E0,-6.438252705323E0));
#642=CARTESIAN_POINT('',(-1.395203113672E0,1.758346469571E0,-6.847579038682E0));
#643=CARTESIAN_POINT('',(-1.5E0,1.75E0,-7.045995682626E0));
#645=CARTESIAN_POINT('',(-8.062222568839E-1,1.049994771680E0,
-4.450193798350E0));
#646=CARTESIAN_POINT('',(-8.147301337834E-1,1.058291196727E0,
-4.676561642306E0));
#647=CARTESIAN_POINT('',(-8.570355649929E-1,1.074914387107E0,
-5.128262155476E0));
#648=CARTESIAN_POINT('',(-9.956643362655E-1,1.099917740391E0,
-5.793839816915E0));
#649=CARTESIAN_POINT('',(-1.207517266407E0,1.124963099999E0,-6.438254716609E0));
#650=CARTESIAN_POINT('',(-1.395203113672E0,1.141653530429E0,-6.847579038682E0));
#651=CARTESIAN_POINT('',(-1.5E0,1.15E0,-7.045995682626E0));
#653=DIRECTION('',(-9.999931272762E-1,2.255324688987E-5,3.707410371415E-3));
#654=VECTOR('',#653,2.317718617023E-1);
#655=CARTESIAN_POINT('',(-5.744519884225E-1,1.85E0,-4.451053071755E0));
#656=LINE('',#655,#654);
#657=CARTESIAN_POINT('',(-5.744519884225E-1,1.05E0,-4.451053071755E0));
#658=CARTESIAN_POINT('',(-6.019256130176E-1,1.089460406225E0,
-4.450964200998E0));
#659=CARTESIAN_POINT('',(-6.476160044776E-1,1.172012867397E0,
-4.450816403257E0));
#660=CARTESIAN_POINT('',(-6.904617008073E-1,1.308378804876E0,
-4.450677807440E0));
#661=CARTESIAN_POINT('',(-7.047666598505E-1,1.45E0,-4.450631534240E0));
#662=CARTESIAN_POINT('',(-6.904617008073E-1,1.591621195124E0,
-4.450677807440E0));
#663=CARTESIAN_POINT('',(-6.476160044776E-1,1.727987132603E0,
-4.450816403257E0));
#664=CARTESIAN_POINT('',(-6.019256130176E-1,1.810539593775E0,
-4.450964200998E0));
#665=CARTESIAN_POINT('',(-5.744519884225E-1,1.85E0,-4.451053071755E0));
#667=DIRECTION('',(9.999931272761E-1,2.255804337909E-5,-3.707410381001E-3));
#668=VECTOR('',#667,2.317718613654E-1);
#669=CARTESIAN_POINT('',(-8.062222568839E-1,1.049994771680E0,
-4.450193798350E0));
#670=LINE('',#669,#668);
#671=CARTESIAN_POINT('',(-5.744519884225E-1,1.85E0,-4.451053071755E0));
#672=CARTESIAN_POINT('',(-5.856139707609E-1,1.841714178161E0,
-4.685722949368E0));
#673=CARTESIAN_POINT('',(-6.341097671620E-1,1.825113319560E0,
-5.153491948037E0));
#674=CARTESIAN_POINT('',(-7.847164980483E-1,1.800105192032E0,
-5.842154164590E0));
#675=CARTESIAN_POINT('',(-1.010953936628E0,1.775047809466E0,-6.507543338185E0));
#676=CARTESIAN_POINT('',(-1.209508364747E0,1.758350273450E0,-6.929094728273E0));
#677=CARTESIAN_POINT('',(-1.320001046363E0,1.75E0,-7.133175821933E0));
#679=DIRECTION('',(0.E0,-1.E0,0.E0));
#680=VECTOR('',#679,6.E-1);
#681=CARTESIAN_POINT('',(-1.5E0,1.75E0,-7.045995682626E0));
#682=LINE('',#681,#680);
#683=DIRECTION('',(8.999947681844E-1,0.E0,-4.359006965362E-1));
#684=VECTOR('',#683,2.E-1);
#685=CARTESIAN_POINT('',(-1.5E0,1.15E0,-7.045995682626E0));
#686=LINE('',#685,#684);
#687=DIRECTION('',(0.E0,1.E0,0.E0));
#688=VECTOR('',#687,6.E-1);
#689=CARTESIAN_POINT('',(-1.320001046363E0,1.15E0,-7.133175821933E0));
#690=LINE('',#689,#688);
#691=DIRECTION('',(-8.999947681844E-1,0.E0,4.359006965362E-1));
#692=VECTOR('',#691,2.E-1);
#693=CARTESIAN_POINT('',(-1.320001046363E0,1.75E0,-7.133175821933E0));
#694=LINE('',#693,#692);
#695=CARTESIAN_POINT('',(-5.744519884225E-1,1.05E0,-4.451053071755E0));
#696=CARTESIAN_POINT('',(-5.856139707609E-1,1.058285821839E0,
-4.685722949368E0));
#697=CARTESIAN_POINT('',(-6.341097671620E-1,1.074886680440E0,
-5.153491948037E0));
#698=CARTESIAN_POINT('',(-7.847164980483E-1,1.099894807968E0,
-5.842154164590E0));
#699=CARTESIAN_POINT('',(-1.010953936628E0,1.124952190534E0,-6.507543338185E0));
#700=CARTESIAN_POINT('',(-1.209508364747E0,1.141649726550E0,-6.929094728273E0));
#701=CARTESIAN_POINT('',(-1.320001046363E0,1.15E0,-7.133175821933E0));
#703=CARTESIAN_POINT('',(-4.476382083880E-2,2.148567248262E0,
-1.129999999999E1));
#704=CARTESIAN_POINT('',(-2.984254890726E-2,2.149523395497E0,
-9.875175574367E0));
#705=CARTESIAN_POINT('',(-1.492127529089E-2,2.15E0,-8.450350987855E0));
#706=CARTESIAN_POINT('',(0.E0,2.15E0,-7.025526241444E0));
#708=DIRECTION('',(0.E0,1.E0,-1.776356839400E-14));
#709=VECTOR('',#708,2.E-1);
#710=CARTESIAN_POINT('',(0.E0,2.15E0,-7.025526241444E0));
#711=LINE('',#710,#709);
#712=CARTESIAN_POINT('',(-4.476382083884E-2,2.348886088636E0,-1.13E1));
#713=CARTESIAN_POINT('',(-2.984254824098E-2,2.349629156286E0,
-9.875175510744E0));
#714=CARTESIAN_POINT('',(-1.492127462677E-2,2.35E0,-8.450350924439E0));
#715=CARTESIAN_POINT('',(0.E0,2.35E0,-7.025526241444E0));
#717=CARTESIAN_POINT('',(0.E0,2.15E0,-7.025526241444E0));
#718=CARTESIAN_POINT('',(1.492127529089E-2,2.15E0,-8.450350987855E0));
#719=CARTESIAN_POINT('',(2.984254890727E-2,2.149523395497E0,-9.875175574367E0));
#720=CARTESIAN_POINT('',(4.476382083881E-2,2.148567248262E0,-1.13E1));
#722=CARTESIAN_POINT('',(0.E0,2.35E0,-7.025526241444E0));
#723=CARTESIAN_POINT('',(1.492127462678E-2,2.35E0,-8.450350924439E0));
#724=CARTESIAN_POINT('',(2.984254824098E-2,2.349629156286E0,-9.875175510744E0));
#725=CARTESIAN_POINT('',(4.476382083885E-2,2.348886088636E0,-1.13E1));
#727=CARTESIAN_POINT('',(4.476382083883E-2,2.148567248262E0,-1.13E1));
#728=CARTESIAN_POINT('',(4.535656778790E-2,2.148521710530E0,-1.135660109507E1));
#729=CARTESIAN_POINT('',(4.653476214815E-2,2.148431292094E0,-1.146910625618E1));
#730=CARTESIAN_POINT('',(4.828015510974E-2,2.148305888898E0,-1.163577291405E1));
#731=CARTESIAN_POINT('',(4.942915151296E-2,2.148238117252E0,-1.174548997757E1));
#732=CARTESIAN_POINT('',(5.E-2,2.148212002188E0,-1.18E1));
#734=CARTESIAN_POINT('',(0.E0,1.45E0,-1.13E1));
#735=DIRECTION('',(0.E0,0.E0,-1.E0));
#736=DIRECTION('',(6.394831548407E-2,9.979532118024E-1,0.E0));
#737=AXIS2_PLACEMENT_3D('',#734,#735,#736);
#739=CARTESIAN_POINT('',(-5.E-2,2.148212002188E0,-1.18E1));
#740=CARTESIAN_POINT('',(-4.942915944534E-2,2.148238116890E0,
-1.174549073503E1));
#741=CARTESIAN_POINT('',(-4.828017361868E-2,2.148305887677E0,
-1.163577468146E1));
#742=CARTESIAN_POINT('',(-4.653478066077E-2,2.148431290683E0,
-1.146910802394E1));
#743=CARTESIAN_POINT('',(-4.535657572191E-2,2.148521709921E0,
-1.135660185269E1));
#744=CARTESIAN_POINT('',(-4.476382083883E-2,2.148567248262E0,-1.13E1));
#746=DIRECTION('',(1.818184856524E-1,1.896691987674E-1,-9.648666401705E-1));
#747=VECTOR('',#746,5.182063294381E-1);
#748=CARTESIAN_POINT('',(-5.499999999779E-1,1.883012701920E0,-1.13E1));
#749=LINE('',#748,#747);
#750=CARTESIAN_POINT('',(0.E0,1.45E0,-1.13E1));
#751=DIRECTION('',(0.E0,0.E0,-1.E0));
#752=DIRECTION('',(-7.857142856195E-1,6.185895742521E-1,0.E0));
#753=AXIS2_PLACEMENT_3D('',#750,#751,#752);
#755=DIRECTION('',(-1.818058705029E-1,1.896670874232E-1,-9.648694323063E-1));
#756=VECTOR('',#755,5.182048298544E-1);
#757=CARTESIAN_POINT('',(5.499999999779E-1,1.883012701920E0,-1.13E1));
#758=LINE('',#757,#756);
#759=CARTESIAN_POINT('',(0.E0,1.45E0,-1.13E1));
#760=DIRECTION('',(0.E0,0.E0,-1.E0));
#761=DIRECTION('',(7.857142856195E-1,6.185895742521E-1,0.E0));
#762=AXIS2_PLACEMENT_3D('',#759,#760,#761);
#764=CARTESIAN_POINT('',(0.E0,1.45E0,-1.13E1));
#765=DIRECTION('',(0.E0,0.E0,-1.E0));
#766=DIRECTION('',(7.912830899489E-1,6.114499747002E-1,0.E0));
#767=AXIS2_PLACEMENT_3D('',#764,#765,#766);
#769=CARTESIAN_POINT('',(7.822793785847E-1,1.859893281939E0,-1.179999999315E1));
#770=CARTESIAN_POINT('',(7.715319205016E-1,1.854192419538E0,-1.176926836760E1));
#771=CARTESIAN_POINT('',(7.509574442911E-1,1.843453332918E0,-1.170987286527E1));
#772=CARTESIAN_POINT('',(7.228988501301E-1,1.829519695971E0,-1.162717076179E1));
#773=CARTESIAN_POINT('',(6.973614137929E-1,1.817880768278E0,-1.155029631916E1));
#774=CARTESIAN_POINT('',(6.740023453648E-1,1.808804907063E0,-1.147893243320E1));
#775=CARTESIAN_POINT('',(6.521655845311E-1,1.802689398934E0,-1.141289277858E1));
#776=CARTESIAN_POINT('',(6.306024573999E-1,1.799955247508E0,-1.135254792301E1));
#777=CARTESIAN_POINT('',(6.148249594795E-1,1.800033127295E0,-1.131670209117E1));
#778=CARTESIAN_POINT('',(6.062177851997E-1,1.799999995582E0,-1.13E1));
#780=CARTESIAN_POINT('',(7.822793785847E-1,1.859893281939E0,-1.179999999315E1));
#781=CARTESIAN_POINT('',(7.845872871284E-1,1.866768481006E0,-1.179999999315E1));
#782=CARTESIAN_POINT('',(7.861752960677E-1,1.880107189100E0,-1.180000000342E1));
#783=CARTESIAN_POINT('',(7.800950814806E-1,1.900388101103E0,-1.179999999830E1));
#784=CARTESIAN_POINT('',(7.655714382864E-1,1.915794152355E0,-1.180000000336E1));
#785=CARTESIAN_POINT('',(7.532257537388E-1,1.921088277482E0,-1.179999999328E1));
#786=CARTESIAN_POINT('',(7.461176845562E-1,1.922527173204E0,-1.179999999328E1));
#788=CARTESIAN_POINT('',(7.461176845562E-1,1.922527173204E0,-1.179999999328E1));
#789=CARTESIAN_POINT('',(7.358067056347E-1,1.916069933242E0,-1.176926789697E1));
#790=CARTESIAN_POINT('',(7.162195468464E-1,1.903621696521E0,-1.170987359516E1));
#791=CARTESIAN_POINT('',(6.901232517316E-1,1.886289055016E0,-1.162717121633E1));
#792=CARTESIAN_POINT('',(6.672749685529E-1,1.869992313756E0,-1.155029678628E1));
#793=CARTESIAN_POINT('',(6.477359537108E-1,1.854301573610E0,-1.147893498983E1));
#794=CARTESIAN_POINT('',(6.315207916403E-1,1.838446351990E0,-1.141289246958E1));
#795=CARTESIAN_POINT('',(6.183740833158E-1,1.821145054404E0,-1.135255821315E1));
#796=CARTESIAN_POINT('',(6.105430478133E-1,1.807425413391E0,-1.131667503633E1));
#797=CARTESIAN_POINT('',(6.062177851997E-1,1.799999995582E0,-1.13E1));
#799=CARTESIAN_POINT('',(0.E0,1.45E0,-1.13E1));
#800=DIRECTION('',(0.E0,0.E0,-1.E0));
#801=DIRECTION('',(8.660254183595E-1,4.999999747553E-1,0.E0));
#802=AXIS2_PLACEMENT_3D('',#799,#800,#801);
#804=CARTESIAN_POINT('',(0.E0,1.45E0,-1.13E1));
#805=DIRECTION('',(0.E0,0.E0,-1.E0));
#806=DIRECTION('',(9.251727562082E-1,3.795462701307E-1,0.E0));
#807=AXIS2_PLACEMENT_3D('',#804,#805,#806);
#809=DIRECTION('',(7.334910634425E-2,-2.522940384098E-1,-9.648666367853E-1));
#810=VECTOR('',#809,5.182063312562E-1);
#811=CARTESIAN_POINT('',(6.499999974327E-1,1.709807627558E0,-1.13E1));
#812=LINE('',#811,#810);
#813=CARTESIAN_POINT('',(0.E0,1.45E0,-1.13E1));
#814=DIRECTION('',(0.E0,0.E0,-1.E0));
#815=DIRECTION('',(9.285714175688E-1,3.711537720060E-1,0.E0));
#816=AXIS2_PLACEMENT_3D('',#813,#814,#815);
#818=CARTESIAN_POINT('',(2.322503972095E-1,7.896522600622E-1,
-1.180006805232E1));
#819=CARTESIAN_POINT('',(2.488294737363E-1,7.954763016452E-1,
-1.180037002854E1));
#820=CARTESIAN_POINT('',(2.805236055078E-1,8.079940126314E-1,
-1.180031122987E1));
#821=CARTESIAN_POINT('',(3.246445735079E-1,8.292777175107E-1,
-1.180022993660E1));
#822=CARTESIAN_POINT('',(3.617253421376E-1,8.501922224056E-1,
-1.180032716110E1));
#823=CARTESIAN_POINT('',(3.987962328796E-1,8.741536542753E-1,
-1.179988840252E1));
#824=CARTESIAN_POINT('',(4.217592367123E-1,8.911256921807E-1,
-1.180040173408E1));
#825=CARTESIAN_POINT('',(4.331174954469E-1,9.000823297109E-1,
-1.180000593115E1));
#827=CARTESIAN_POINT('',(4.331174954469E-1,9.000823297109E-1,
-1.180000593115E1));
#828=CARTESIAN_POINT('',(4.367329143647E-1,9.029332607638E-1,
-1.179988343356E1));
#829=CARTESIAN_POINT('',(4.440967491742E-1,9.088703157813E-1,
-1.179845206446E1));
#830=CARTESIAN_POINT('',(4.511312845253E-1,9.147210081111E-1,
-1.180049974526E1));
#831=CARTESIAN_POINT('',(4.546626516787E-1,9.177266409486E-1,
-1.180190351755E1));
#833=CARTESIAN_POINT('',(4.546626516787E-1,9.177266409486E-1,
-1.180190351755E1));
#834=CARTESIAN_POINT('',(4.849825131997E-1,9.436257908555E-1,
-1.180250921784E1));
#835=CARTESIAN_POINT('',(5.414814782097E-1,1.000895328528E0,-1.179967167843E1));
#836=CARTESIAN_POINT('',(6.109542129509E-1,1.101169971302E0,-1.180018509550E1));
#837=CARTESIAN_POINT('',(6.621134681370E-1,1.212025404612E0,-1.180055045963E1));
#838=CARTESIAN_POINT('',(6.830870797843E-1,1.291738343383E0,-1.179890316627E1));
#839=CARTESIAN_POINT('',(6.900047500952E-1,1.332040378887E0,-1.180224972135E1));
#841=CARTESIAN_POINT('',(6.924889415454E-1,1.347692732899E0,-1.180073237683E1));
#842=CARTESIAN_POINT('',(6.920981897043E-1,1.345050776646E0,-1.180069029797E1));
#843=CARTESIAN_POINT('',(6.912897011293E-1,1.339778527350E0,-1.180090586864E1));
#844=CARTESIAN_POINT('',(6.904380566331E-1,1.334594779523E0,-1.180170739929E1));
#845=CARTESIAN_POINT('',(6.900047500952E-1,1.332040378887E0,-1.180224972135E1));
#847=CARTESIAN_POINT('',(6.924889415454E-1,1.347692732899E0,-1.180073237683E1));
#848=CARTESIAN_POINT('',(6.932691948760E-1,1.352968191512E0,-1.180081639989E1));
#849=CARTESIAN_POINT('',(6.947470337700E-1,1.363854838735E0,-1.179981695110E1));
#850=CARTESIAN_POINT('',(6.966811414488E-1,1.381221307580E0,-1.179903233343E1));
#851=CARTESIAN_POINT('',(6.977538732650E-1,1.393602577742E0,-1.18E1));
#852=CARTESIAN_POINT('',(6.982120021884E-1,1.4E0,-1.18E1));
#854=DIRECTION('',(-6.618511245647E-1,7.496353039306E-1,3.645283131658E-6));
#855=VECTOR('',#854,4.722249704483E-1);
#856=CARTESIAN_POINT('',(-3.748025654221E-2,2.669057350961E-1,-1.18E1));
#857=LINE('',#856,#855);
#858=CARTESIAN_POINT('',(3.748025654221E-2,2.669057350961E-1,-1.18E1));
#859=CARTESIAN_POINT('',(3.057486727832E-2,2.590851727755E-1,-1.18E1));
#860=CARTESIAN_POINT('',(1.613670650503E-2,2.514560152529E-1,-1.18E1));
#861=CARTESIAN_POINT('',(0.E0,2.492719923735E-1,-1.18E1));
#862=CARTESIAN_POINT('',(-1.613670650503E-2,2.514560152529E-1,-1.18E1));
#863=CARTESIAN_POINT('',(-3.057486727832E-2,2.590851727755E-1,-1.18E1));
#864=CARTESIAN_POINT('',(-3.748025654221E-2,2.669057350961E-1,-1.18E1));
#866=DIRECTION('',(-6.618511337093E-1,-7.496352958569E-1,-3.645272895916E-6));
#867=VECTOR('',#866,4.722228887138E-1);
#868=CARTESIAN_POINT('',(3.500215108009E-1,6.209006799875E-1,
-1.179999827862E1));
#869=LINE('',#868,#867);
#870=CARTESIAN_POINT('',(3.500215108009E-1,6.209006799875E-1,
-1.179999827862E1));
#871=CARTESIAN_POINT('',(3.230742077503E-1,6.095236749298E-1,
-1.179999827862E1));
#872=CARTESIAN_POINT('',(2.387294925374E-1,5.786914706299E-1,
-1.180000182967E1));
#873=CARTESIAN_POINT('',(1.618645486551E-1,5.636745551114E-1,-1.18E1));
#874=CARTESIAN_POINT('',(1.201351335596E-1,5.580540677794E-1,-1.18E1));
#876=CARTESIAN_POINT('',(1.201351335596E-1,5.580540677794E-1,-1.18E1));
#877=CARTESIAN_POINT('',(9.372162945724E-2,5.544964630332E-1,-1.18E1));
#878=CARTESIAN_POINT('',(5.082542120701E-2,5.508848670414E-1,-1.18E1));
#879=CARTESIAN_POINT('',(1.562363838997E-9,5.495575663697E-1,-1.18E1));
#880=CARTESIAN_POINT('',(-5.082542745647E-2,5.508848674799E-1,-1.18E1));
#881=CARTESIAN_POINT('',(-9.372161695833E-2,5.544964620101E-1,-1.18E1));
#882=CARTESIAN_POINT('',(-1.201351210607E-1,5.580540667562E-1,-1.18E1));
#884=CARTESIAN_POINT('',(-1.201351210607E-1,5.580540667562E-1,-1.18E1));
#885=CARTESIAN_POINT('',(-1.618645361562E-1,5.636745540882E-1,-1.18E1));
#886=CARTESIAN_POINT('',(-2.387279674812E-1,5.786897828288E-1,
-1.180000182969E1));
#887=CARTESIAN_POINT('',(-3.230755978282E-1,6.095252481307E-1,
-1.179999827861E1));
#888=CARTESIAN_POINT('',(-3.500228842810E-1,6.209022443418E-1,
-1.179999827861E1));
#890=DIRECTION('',(0.E0,-1.E0,0.E0));
#891=VECTOR('',#890,2.003980355921E-1);
#892=CARTESIAN_POINT('',(5.E-2,2.348610037781E0,-1.18E1));
#893=LINE('',#892,#891);
#894=CARTESIAN_POINT('',(0.E0,1.45E0,-1.18E1));
#895=DIRECTION('',(0.E0,0.E0,1.E0));
#896=DIRECTION('',(6.511686465762E-1,7.589330627375E-1,0.E0));
#897=AXIS2_PLACEMENT_3D('',#894,#895,#896);
#899=DIRECTION('',(-9.801197516714E-1,1.984068355265E-1,-2.268133527181E-8));
#900=VECTOR('',#899,2.962192775665E-1);
#901=CARTESIAN_POINT('',(7.461176845562E-1,1.922527173204E0,-1.179999999328E1));
#902=LINE('',#901,#900);
#903=DIRECTION('',(3.182345175037E-1,9.480120209519E-1,2.311780117328E-8));
#904=VECTOR('',#903,2.962262252125E-1);
#905=CARTESIAN_POINT('',(6.880099687323E-1,1.579067259516E0,-1.18E1));
#906=LINE('',#905,#904);
#907=CARTESIAN_POINT('',(0.E0,1.45E0,-1.18E1));
#908=DIRECTION('',(0.E0,0.E0,1.E0));
#909=DIRECTION('',(9.974457174121E-1,-7.142857142870E-2,0.E0));
#910=AXIS2_PLACEMENT_3D('',#907,#908,#909);
#912=DIRECTION('',(-1.E0,-4.542873274694E-14,0.E0));
#913=VECTOR('',#912,2.003980355921E-1);
#914=CARTESIAN_POINT('',(8.986100377806E-1,1.4E0,-1.18E1));
#915=LINE('',#914,#913);
#916=CARTESIAN_POINT('',(0.E0,1.45E0,-1.18E1));
#917=DIRECTION('',(0.E0,0.E0,-1.E0));
#918=DIRECTION('',(9.923003675747E-1,1.238546749665E-1,0.E0));
#919=AXIS2_PLACEMENT_3D('',#916,#917,#918);
#921=DIRECTION('',(-3.182344370791E-1,-9.480120479493E-1,0.E0));
#922=VECTOR('',#921,4.721660148143E-1);
#923=CARTESIAN_POINT('',(1.043329816750E0,2.009088278146E0,-1.18E1));
#924=LINE('',#923,#922);
#925=CARTESIAN_POINT('',(1.005849560207E0,2.074005986758E0,-1.18E1));
#926=CARTESIAN_POINT('',(1.016075060481E0,2.071936025393E0,-1.18E1));
#927=CARTESIAN_POINT('',(1.029901185091E0,2.063246790140E0,-1.18E1));
#928=CARTESIAN_POINT('',(1.039860957640E0,2.050364003813E0,-1.18E1));
#929=CARTESIAN_POINT('',(1.046037891597E0,2.035297194607E0,-1.18E1));
#930=CARTESIAN_POINT('',(1.046649927759E0,2.018978801832E0,-1.18E1));
#931=CARTESIAN_POINT('',(1.043329816750E0,2.009088278146E0,-1.18E1));
#933=DIRECTION('',(9.801197351573E-1,-1.984069171051E-1,0.E0));
#934=VECTOR('',#933,4.721660148143E-1);
#935=CARTESIAN_POINT('',(5.430703308173E-1,2.167686990119E0,-1.18E1));
#936=LINE('',#935,#934);
#937=CARTESIAN_POINT('',(0.E0,1.45E0,-1.18E1));
#938=DIRECTION('',(0.E0,0.E0,-1.E0));
#939=DIRECTION('',(5.555555555556E-2,9.984555975340E-1,0.E0));
#940=AXIS2_PLACEMENT_3D('',#937,#938,#939);
#942=DIRECTION('',(0.E0,-1.E0,0.E0));
#943=VECTOR('',#942,2.003980355921E-1);
#944=CARTESIAN_POINT('',(-5.E-2,2.348610037781E0,-1.18E1));
#945=LINE('',#944,#943);
#946=CARTESIAN_POINT('',(0.E0,1.45E0,-1.18E1));
#947=DIRECTION('',(0.E0,0.E0,-1.E0));
#948=DIRECTION('',(-6.034114786859E-1,7.974299890211E-1,0.E0));
#949=AXIS2_PLACEMENT_3D('',#946,#947,#948);
#951=DIRECTION('',(9.801197351573E-1,1.984069171051E-1,0.E0));
#952=VECTOR('',#951,4.721660148143E-1);
#953=CARTESIAN_POINT('',(-1.005849560207E0,2.074005986758E0,-1.18E1));
#954=LINE('',#953,#952);
#955=CARTESIAN_POINT('',(-1.043329816750E0,2.009088278146E0,-1.18E1));
#956=CARTESIAN_POINT('',(-1.046649927759E0,2.018978801832E0,-1.18E1));
#957=CARTESIAN_POINT('',(-1.046037891597E0,2.035297194607E0,-1.18E1));
#958=CARTESIAN_POINT('',(-1.039860957640E0,2.050364003813E0,-1.18E1));
#959=CARTESIAN_POINT('',(-1.029901185091E0,2.063246790140E0,-1.18E1));
#960=CARTESIAN_POINT('',(-1.016075060481E0,2.071936025393E0,-1.18E1));
#961=CARTESIAN_POINT('',(-1.005849560207E0,2.074005986758E0,-1.18E1));
#963=DIRECTION('',(-3.182344370791E-1,9.480120479493E-1,0.E0));
#964=VECTOR('',#963,4.721660148143E-1);
#965=CARTESIAN_POINT('',(-8.930703308173E-1,1.561469207470E0,-1.18E1));
#966=LINE('',#965,#964);
#967=CARTESIAN_POINT('',(0.E0,1.45E0,-1.18E1));
#968=DIRECTION('',(0.E0,0.E0,-1.E0));
#969=DIRECTION('',(-9.984555975340E-1,-5.555555555566E-2,0.E0));
#970=AXIS2_PLACEMENT_3D('',#967,#968,#969);
#972=DIRECTION('',(-1.E0,0.E0,0.E0));
#973=VECTOR('',#972,2.003980355921E-1);
#974=CARTESIAN_POINT('',(-6.982120021884E-1,1.4E0,-1.18E1));
#975=LINE('',#974,#973);
#976=CARTESIAN_POINT('',(0.E0,1.45E0,-1.18E1));
#977=DIRECTION('',(0.E0,0.E0,1.E0));
#978=DIRECTION('',(-9.828396353907E-1,1.844620587141E-1,0.E0));
#979=AXIS2_PLACEMENT_3D('',#976,#977,#978);
#981=DIRECTION('',(3.182345159852E-1,-9.480120214616E-1,-2.268133527181E-8));
#982=VECTOR('',#981,2.962192775665E-1);
#983=CARTESIAN_POINT('',(-7.822793782508E-1,1.859893282437E0,
-1.179999999328E1));
#984=LINE('',#983,#982);
#985=DIRECTION('',(-9.801197519892E-1,-1.984068339567E-1,2.311779517666E-8));
#986=VECTOR('',#985,2.962262252125E-1);
#987=CARTESIAN_POINT('',(-4.557805099039E-1,1.981300481221E0,-1.18E1));
#988=LINE('',#987,#986);
#989=CARTESIAN_POINT('',(0.E0,1.45E0,-1.18E1));
#990=DIRECTION('',(0.E0,0.E0,1.E0));
#991=DIRECTION('',(-7.142857142857E-2,9.974457174121E-1,0.E0));
#992=AXIS2_PLACEMENT_3D('',#989,#990,#991);
#994=DIRECTION('',(-1.303298121525E-2,-4.933139834320E-1,-8.697536749857E-1));
#995=VECTOR('',#994,5.748751379567E-1);
#996=CARTESIAN_POINT('',(-2.998791966810E-2,5.504996793776E-1,
-1.130000023610E1));
#997=LINE('',#996,#995);
#998=CARTESIAN_POINT('',(-6.930836301897E-1,8.758614503770E-1,
-1.179999944395E1));
#999=CARTESIAN_POINT('',(-7.220248398747E-1,9.107754717817E-1,
-1.180277638796E1));
#1000=CARTESIAN_POINT('',(-7.740007998441E-1,9.843521676912E-1,
-1.180008337188E1));
#1001=CARTESIAN_POINT('',(-8.333221079742E-1,1.101844802601E0,
-1.180023467963E1));
#1002=CARTESIAN_POINT('',(-8.742227561390E-1,1.223905153712E0,
-1.180002856690E1));
#1003=CARTESIAN_POINT('',(-8.894858566364E-1,1.306557657291E0,
-1.180007685740E1));
#1004=CARTESIAN_POINT('',(-8.942167850083E-1,1.347691771470E0,
-1.180073197109E1));
#1006=CARTESIAN_POINT('',(-8.986100377806E-1,1.4E0,-1.18E1));
#1007=CARTESIAN_POINT('',(-8.983029301903E-1,1.394480600735E0,-1.18E1));
#1008=CARTESIAN_POINT('',(-8.975520812328E-1,1.383259848983E0,
-1.179919281641E1));
#1009=CARTESIAN_POINT('',(-8.960655878413E-1,1.365581036205E0,
-1.179956873595E1));
#1010=CARTESIAN_POINT('',(-8.949083800625E-1,1.353704853025E0,
-1.180082787798E1));
#1011=CARTESIAN_POINT('',(-8.942167850083E-1,1.347691771470E0,
-1.180073197109E1));
#1013=DIRECTION('',(-4.442244867861E-1,1.160731137610E-1,-8.883645859676E-1));
#1014=VECTOR('',#1013,5.628300435802E-1);
#1015=CARTESIAN_POINT('',(-9.999999702375E-2,5.555728086652E-1,
-1.129999999997E1));
#1016=LINE('',#1015,#1014);
#1017=CARTESIAN_POINT('',(-3.500228842810E-1,6.209022443418E-1,
-1.179999827861E1));
#1018=CARTESIAN_POINT('',(-3.551677117624E-1,6.230201949692E-1,
-1.180066560875E1));
#1019=CARTESIAN_POINT('',(-3.652695372403E-1,6.273102446474E-1,
-1.180065781538E1));
#1020=CARTESIAN_POINT('',(-3.751888059370E-1,6.321049970291E-1,
-1.179799776725E1));
#1021=CARTESIAN_POINT('',(-3.801349515515E-1,6.345464026302E-1,
-1.179599795985E1));
#1023=CARTESIAN_POINT('',(-3.801349515515E-1,6.345464026302E-1,
-1.179599795985E1));
#1024=CARTESIAN_POINT('',(-4.055066557335E-1,6.462031540688E-1,
-1.179800007281E1));
#1025=CARTESIAN_POINT('',(-4.541046840982E-1,6.714470755219E-1,
-1.180092807161E1));
#1026=CARTESIAN_POINT('',(-5.219177941344E-1,7.154318824893E-1,
-1.179974909806E1));
#1027=CARTESIAN_POINT('',(-5.822345421734E-1,7.622191716E-1,-1.180006701381E1));
#1028=CARTESIAN_POINT('',(-6.412921925975E-1,8.168444015572E-1,
-1.179998105066E1));
#1029=CARTESIAN_POINT('',(-6.763670259762E-1,8.556789874087E-1,
-1.179999982121E1));
#1030=CARTESIAN_POINT('',(-6.930836301897E-1,8.758614503770E-1,
-1.179999944395E1));
#1032=CARTESIAN_POINT('',(-7.749958923376E-1,1.153584678346E0,
-1.265376195194E1));
#1033=CARTESIAN_POINT('',(-7.727576716570E-1,1.150085393383E0,
-1.267619459607E1));
#1034=CARTESIAN_POINT('',(-7.696089897766E-1,1.147992741455E0,
-1.272285829564E1));
#1035=CARTESIAN_POINT('',(-7.693786998876E-1,1.162349668097E0,
-1.279569958394E1));
#1036=CARTESIAN_POINT('',(-7.737522922901E-1,1.194926370642E0,
-1.286339648633E1));
#1037=CARTESIAN_POINT('',(-7.815014383091E-1,1.240243259178E0,
-1.291848607769E1));
#1038=CARTESIAN_POINT('',(-7.928734737913E-1,1.300288231902E0,
-1.296378594971E1));
#1039=CARTESIAN_POINT('',(-8.077649190304E-1,1.372980571506E0,
-1.299342834628E1));
#1040=CARTESIAN_POINT('',(-8.190679846489E-1,1.424257101698E0,-1.3E1));
#1041=CARTESIAN_POINT('',(-8.249680633616E-1,1.449999912009E0,-1.3E1));
#1043=CARTESIAN_POINT('',(-8.787905345653E-1,1.277414398172E0,
-1.185993462203E1));
#1044=CARTESIAN_POINT('',(-8.747580546624E-1,1.272458604431E0,
-1.189170441460E1));
#1045=CARTESIAN_POINT('',(-8.646530026837E-1,1.261914054693E0,
-1.195930169073E1));
#1046=CARTESIAN_POINT('',(-8.470010808809E-1,1.244034463998E0,
-1.207392124862E1));
#1047=CARTESIAN_POINT('',(-8.286261595147E-1,1.224328411709E0,
-1.220024958801E1));
#1048=CARTESIAN_POINT('',(-8.103242538902E-1,1.202915769252E0,
-1.233751825672E1));
#1049=CARTESIAN_POINT('',(-7.923776195544E-1,1.179591519058E0,
-1.248704154790E1));
#1050=CARTESIAN_POINT('',(-7.806963194047E-1,1.162496855276E0,
-1.259662922462E1));
#1051=CARTESIAN_POINT('',(-7.749958923376E-1,1.153584678346E0,
-1.265376195194E1));
#1053=CARTESIAN_POINT('',(-8.942167850083E-1,1.347691771470E0,
-1.180073197109E1));
#1054=CARTESIAN_POINT('',(-8.936013394335E-1,1.342340584791E0,
-1.180064659512E1));
#1055=CARTESIAN_POINT('',(-8.922916097100E-1,1.331045012262E0,
-1.180167741887E1));
#1056=CARTESIAN_POINT('',(-8.895646547532E-1,1.313217186845E0,
-1.180817321328E1));
#1057=CARTESIAN_POINT('',(-8.861591302094E-1,1.296944191969E0,
-1.181989760970E1));
#1058=CARTESIAN_POINT('',(-8.821839838973E-1,1.283589122492E0,
-1.183750715987E1));
#1059=CARTESIAN_POINT('',(-8.797783866498E-1,1.278628437992E0,
-1.185215185397E1));
#1060=CARTESIAN_POINT('',(-8.787905345653E-1,1.277414398172E0,
-1.185993462203E1));
#1062=DIRECTION('',(2.660575952285E-3,-1.268373333302E-2,-9.999160185957E-1));
#1063=VECTOR('',#1062,1.200101342214E0);
#1064=CARTESIAN_POINT('',(-6.930836301897E-1,8.758614503770E-1,
-1.179999944395E1));
#1065=LINE('',#1064,#1063);
#1066=DIRECTION('',(-2.234007875119E-1,9.747266735547E-1,-5.283515121573E-10));
#1067=VECTOR('',#1066,5.430858864532E-1);
#1068=CARTESIAN_POINT('',(-6.898906694432E-1,8.606396849911E-1,
-1.499999999971E1));
#1069=LINE('',#1068,#1067);
#1070=DIRECTION('',(2.234007875510E-1,-9.747266735458E-1,0.E0));
#1071=VECTOR('',#1070,1.292670088599E0);
#1072=CARTESIAN_POINT('',(-1.1E0,2.65E0,-1.5E1));
#1073=LINE('',#1072,#1071);
#1074=DIRECTION('',(0.E0,0.E0,1.E0));
#1075=VECTOR('',#1074,2.E0);
#1076=CARTESIAN_POINT('',(-1.1E0,2.65E0,-1.5E1));
#1077=LINE('',#1076,#1075);
#1078=DIRECTION('',(2.234007875509E-1,-9.747266735458E-1,3.462924532276E-13));
#1079=VECTOR('',#1078,1.231114445269E0);
#1080=CARTESIAN_POINT('',(-1.1E0,2.65E0,-1.3E1));
#1081=LINE('',#1080,#1079);
#1082=DIRECTION('',(2.234007875510E-1,-9.747266735458E-1,4.714983921959E-11));
#1083=VECTOR('',#1082,6.046415297995E-1);
#1084=CARTESIAN_POINT('',(-8.249680633616E-1,1.449999912009E0,-1.3E1));
#1085=LINE('',#1084,#1083);
#1086=CARTESIAN_POINT('',(-1.463237786985E0,2.021431734812E0,
-1.614106715800E1));
#1087=CARTESIAN_POINT('',(-1.465226920522E0,2.037367832026E0,
-1.615287167446E1));
#1088=CARTESIAN_POINT('',(-1.469201974562E0,2.072389844419E0,
-1.617390293869E1));
#1089=CARTESIAN_POINT('',(-1.476224308288E0,2.133047373775E0,
-1.619486366028E1));
#1090=CARTESIAN_POINT('',(-1.482084264219E0,2.177373042716E0,-1.62E1));
#1091=CARTESIAN_POINT('',(-1.485320714986E0,2.199999864577E0,-1.62E1));
#1093=CARTESIAN_POINT('',(-9.386290986810E-1,1.211431734812E0,
-1.554106715800E1));
#1094=CARTESIAN_POINT('',(-9.703011851493E-1,1.242665769111E0,
-1.556420347971E1));
#1095=CARTESIAN_POINT('',(-1.040838151449E0,1.306542099542E0,
-1.561151928003E1));
#1096=CARTESIAN_POINT('',(-1.163656893317E0,1.412971194857E0,
-1.569035564693E1));
#1097=CARTESIAN_POINT('',(-1.280672720897E0,1.535402625282E0,
-1.578104559539E1));
#1098=CARTESIAN_POINT('',(-1.373393094462E0,1.680827735151E0,
-1.588876789900E1));
#1099=CARTESIAN_POINT('',(-1.433613275446E0,1.843608829851E0,
-1.600934648766E1));
#1100=CARTESIAN_POINT('',(-1.455649848830E0,1.960640381280E0,
-1.609603652576E1));
#1101=CARTESIAN_POINT('',(-1.463237786985E0,2.021431734812E0,
-1.614106715800E1));
#1103=CARTESIAN_POINT('',(-8.112164841635E-1,1.389999984548E0,-1.5E1));
#1104=CARTESIAN_POINT('',(-8.052614354874E-1,1.364017333142E0,-1.5E1));
#1105=CARTESIAN_POINT('',(-7.925868387127E-1,1.312665871453E0,
-1.500670193975E1));
#1106=CARTESIAN_POINT('',(-7.725246383916E-1,1.240937212324E0,
-1.503597187154E1));
#1107=CARTESIAN_POINT('',(-7.549584558304E-1,1.181717171391E0,
-1.508023606489E1));
#1108=CARTESIAN_POINT('',(-7.425038550908E-1,1.136677066149E0,
-1.513407750763E1));
#1109=CARTESIAN_POINT('',(-7.375898414206E-1,1.104391465879E0,
-1.519938118943E1));
#1110=CARTESIAN_POINT('',(-7.441048500631E-1,1.089787335253E0,
-1.526533334533E1));
#1111=CARTESIAN_POINT('',(-7.609086005417E-1,1.089047277533E0,
-1.532677979626E1));
#1112=CARTESIAN_POINT('',(-7.911915882838E-1,1.101390955790E0,
-1.539023848242E1));
#1113=CARTESIAN_POINT('',(-8.353734318944E-1,1.127690903378E0,
-1.545033094933E1));
#1114=CARTESIAN_POINT('',(-8.875855566955E-1,1.165199584847E0,
-1.550182339311E1));
#1115=CARTESIAN_POINT('',(-9.220068331376E-1,1.195039369484E0,
-1.552892466517E1));
#1116=CARTESIAN_POINT('',(-9.386290986810E-1,1.211431734812E0,
-1.554106715800E1));
#1118=DIRECTION('',(1.415948970103E-1,-9.899246866003E-1,-5.681641271775E-12));
#1119=VECTOR('',#1118,1.051749683217E0);
#1120=CARTESIAN_POINT('',(-1.485320714986E0,2.199999864577E0,-1.62E1));
#1121=LINE('',#1120,#1119);
#1122=DIRECTION('',(0.E0,0.E0,1.E0));
#1123=VECTOR('',#1122,8.E-1);
#1124=CARTESIAN_POINT('',(-1.8E0,4.4E0,-1.7E1));
#1125=LINE('',#1124,#1123);
#1126=DIRECTION('',(1.415948970100E-1,-9.899246866003E-1,0.E0));
#1127=VECTOR('',#1126,2.222391425532E0);
#1128=CARTESIAN_POINT('',(-1.8E0,4.4E0,-1.62E1));
#1129=LINE('',#1128,#1127);
#1130=CARTESIAN_POINT('',(-1.336398326910E0,1.158846889036E0,
-1.620000000001E1));
#1131=CARTESIAN_POINT('',(-1.329479788555E0,1.110477688891E0,
-1.620000000001E1));
#1132=CARTESIAN_POINT('',(-1.310228236021E0,1.013469841678E0,
-1.620005030268E1));
#1133=CARTESIAN_POINT('',(-1.264698727539E0,8.696129416018E-1,
-1.619995788828E1));
#1134=CARTESIAN_POINT('',(-1.201620345548E0,7.279122298299E-1,
-1.620042073572E1));
#1135=CARTESIAN_POINT('',(-1.146484042143E0,6.351635057260E-1,
-1.620023376703E1));
#1136=CARTESIAN_POINT('',(-1.115867030372E0,5.901705536763E-1,
-1.619999961222E1));
#1138=CARTESIAN_POINT('',(-1.115867030372E0,5.901705536763E-1,
-1.619999961222E1));
#1139=CARTESIAN_POINT('',(-1.080716772660E0,5.385158111574E-1,
-1.619973075256E1));
#1140=CARTESIAN_POINT('',(-9.997210137004E-1,4.345248349380E-1,
-1.620048079772E1));
#1141=CARTESIAN_POINT('',(-8.347882732733E-1,2.805496207522E-1,
-1.619891230075E1));
#1142=CARTESIAN_POINT('',(-6.369837713601E-1,1.518106235955E-1,
-1.620013471104E1));
#1143=CARTESIAN_POINT('',(-4.133406494889E-1,5.679748114821E-2,
-1.619962836612E1));
#1144=CARTESIAN_POINT('',(-1.621952153558E-1,1.217086002545E-3,
-1.619840314752E1));
#1145=CARTESIAN_POINT('',(1.037468519899E-1,-4.769580123629E-3,
-1.620065077093E1));
#1146=CARTESIAN_POINT('',(3.637262177789E-1,4.135796577108E-2,
-1.619883580097E1));
#1147=CARTESIAN_POINT('',(5.983274171967E-1,1.318130780579E-1,
-1.619927830121E1));
#1148=CARTESIAN_POINT('',(7.976765709216E-1,2.530644101837E-1,
-1.620037789577E1));
#1149=CARTESIAN_POINT('',(9.657123095654E-1,3.983084949675E-1,
-1.619906140075E1));
#1150=CARTESIAN_POINT('',(1.100040877128E0,5.593296996684E-1,
-1.620036346319E1));
#1151=CARTESIAN_POINT('',(1.162352618594E0,6.611497982709E-1,
-1.619999978059E1));
#1152=CARTESIAN_POINT('',(1.188654799644E0,7.100001819863E-1,
-1.620000000126E1));
#1154=CARTESIAN_POINT('',(0.E0,1.35E0,-1.620012748451E1));
#1155=DIRECTION('',(0.E0,0.E0,1.E0));
#1156=DIRECTION('',(8.804851820302E-1,-4.740736696182E-1,0.E0));
#1157=AXIS2_PLACEMENT_3D('',#1154,#1155,#1156);
#1159=DIRECTION('',(3.691491556906E-13,-1.701416785251E-13,1.E0));
#1160=VECTOR('',#1159,7.999999999940E-1);
#1161=CARTESIAN_POINT('',(-1.336398326910E0,1.158846889036E0,-1.7E1));
#1162=LINE('',#1161,#1160);
#1163=CARTESIAN_POINT('',(0.E0,1.35E0,-1.675E1));
#1164=DIRECTION('',(0.E0,0.E0,1.E0));
#1165=DIRECTION('',(-7.785682394074E-2,-9.969645505061E-1,0.E0));
#1166=AXIS2_PLACEMENT_3D('',#1163,#1164,#1165);
#1168=CARTESIAN_POINT('',(9.366981027200E-1,3.778391777279E-1,
-1.653755435733E1));
#1169=CARTESIAN_POINT('',(9.366981027200E-1,3.778391777279E-1,
-1.654867624008E1));
#1170=CARTESIAN_POINT('',(9.336897916397E-1,3.749278753422E-1,
-1.656921114270E1));
#1171=CARTESIAN_POINT('',(9.205078191001E-1,3.624015335971E-1,
-1.659492591588E1));
#1172=CARTESIAN_POINT('',(8.992990408557E-1,3.429662474565E-1,
-1.661544957691E1));
#1173=CARTESIAN_POINT('',(8.723420644875E-1,3.194615995351E-1,
-1.663053963926E1));
#1174=CARTESIAN_POINT('',(8.408403371073E-1,2.935386506754E-1,
-1.664134265392E1));
#1175=CARTESIAN_POINT('',(8.047579220001E-1,2.657411228280E-1,
-1.664867768172E1));
#1176=CARTESIAN_POINT('',(7.643605398874E-1,2.368248854261E-1,
-1.665293130449E1));
#1177=CARTESIAN_POINT('',(7.338183682734E-1,2.166972792224E-1,
-1.665388650160E1));
#1178=CARTESIAN_POINT('',(7.176485352320E-1,2.065488292545E-1,
-1.665388650160E1));
#1180=CARTESIAN_POINT('',(7.176485352320E-1,2.065488292545E-1,-1.6420816E1));
#1181=CARTESIAN_POINT('',(7.337717521858E-1,2.166680222084E-1,-1.6420816E1));
#1182=CARTESIAN_POINT('',(7.642906174171E-1,2.367728890415E-1,
-1.642176462216E1));
#1183=CARTESIAN_POINT('',(8.050160917769E-1,2.659282652477E-1,
-1.642607394822E1));
#1184=CARTESIAN_POINT('',(8.412490572127E-1,2.938591534668E-1,
-1.643349850957E1));
#1185=CARTESIAN_POINT('',(8.731450543763E-1,3.201365848797E-1,
-1.644456309807E1));
#1186=CARTESIAN_POINT('',(9.002084433046E-1,3.437784982417E-1,
-1.646004417362E1));
#1187=CARTESIAN_POINT('',(9.214259956669E-1,3.632589774761E-1,
-1.648104468339E1));
#1188=CARTESIAN_POINT('',(9.343256715654E-1,3.755409207813E-1,
-1.650805592136E1));
#1189=CARTESIAN_POINT('',(9.366981027200E-1,3.778391777279E-1,
-1.652735316568E1));
#1190=CARTESIAN_POINT('',(9.366981027200E-1,3.778391777279E-1,
-1.653755435733E1));
#1192=CARTESIAN_POINT('',(7.176485352320E-1,2.065488292545E-1,
-1.656203988621E1));
#1193=CARTESIAN_POINT('',(7.217534028248E-1,2.091251108576E-1,
-1.656203988621E1));
#1194=CARTESIAN_POINT('',(7.290127716684E-1,2.137395068504E-1,
-1.656018202174E1));
#1195=CARTESIAN_POINT('',(7.379740079427E-1,2.195500862426E-1,
-1.655275288522E1));
#1196=CARTESIAN_POINT('',(7.424544411062E-1,2.224977096776E-1,
-1.654235843871E1));
#1197=CARTESIAN_POINT('',(7.421902690891E-1,2.223234506143E-1,
-1.653179806588E1));
#1198=CARTESIAN_POINT('',(7.376753960465E-1,2.193555835915E-1,
-1.652209212722E1));
#1199=CARTESIAN_POINT('',(7.289214065283E-1,2.136816267817E-1,
-1.651490681759E1));
#1200=CARTESIAN_POINT('',(7.217231996871E-1,2.091061548776E-1,
-1.651306882845E1));
#1201=CARTESIAN_POINT('',(7.176485352320E-1,2.065488292545E-1,
-1.651306882845E1));
#1203=CARTESIAN_POINT('',(-1.336398326910E0,1.158846889036E0,
-1.620000000001E1));
#1204=CARTESIAN_POINT('',(-1.342271428010E0,1.161555907310E0,
-1.614443842227E1));
#1205=CARTESIAN_POINT('',(-1.338596151936E0,1.159860654687E0,
-1.562718030579E1));
#1206=CARTESIAN_POINT('',(-6.841528849584E-1,8.579930826673E-1,
-1.564283855306E1));
#1207=CARTESIAN_POINT('',(-6.732902833657E-1,8.529826144814E-1,
-1.509905319484E1));
#1208=CARTESIAN_POINT('',(-6.898906694432E-1,8.606396849911E-1,
-1.499999999971E1));
#1210=CARTESIAN_POINT('',(-2.999999999708E-1,5.499999999986E-1,
-1.500000000027E1));
#1211=CARTESIAN_POINT('',(-3.114867556173E-1,5.499999999986E-1,
-1.500141946897E1));
#1212=CARTESIAN_POINT('',(-3.344640169422E-1,5.509878467192E-1,
-1.500341752156E1));
#1213=CARTESIAN_POINT('',(-3.572757855780E-1,5.539599083864E-1,
-1.500373380325E1));
#1214=CARTESIAN_POINT('',(-3.685989325950E-1,5.559310247334E-1,
-1.500347150156E1));
#1216=CARTESIAN_POINT('',(-6.898906694432E-1,8.606396849911E-1,
-1.499999999971E1));
#1217=CARTESIAN_POINT('',(-6.838634832659E-1,8.343422882905E-1,
-1.499999999972E1));
#1218=CARTESIAN_POINT('',(-6.665275783123E-1,7.830287428361E-1,
-1.499944944474E1));
#1219=CARTESIAN_POINT('',(-6.251247657045E-1,7.123138661353E-1,
-1.499966830899E1));
#1220=CARTESIAN_POINT('',(-5.716750650404E-1,6.529947266556E-1,
-1.499835990320E1));
#1221=CARTESIAN_POINT('',(-5.105643689589E-1,6.071336066205E-1,
-1.500050318585E1));
#1222=CARTESIAN_POINT('',(-4.428749022482E-1,5.738596244271E-1,
-1.499314574613E1));
#1223=CARTESIAN_POINT('',(-3.939753541522E-1,5.603485139070E-1,
-1.500373197377E1));
#1224=CARTESIAN_POINT('',(-3.685989325950E-1,5.559310247334E-1,
-1.500347150156E1));
#1226=DIRECTION('',(1.245020753321E-11,-5.664357872368E-12,1.E0));
#1227=VECTOR('',#1226,1.999999999742E0);
#1228=CARTESIAN_POINT('',(-6.898906694432E-1,8.606396849911E-1,
-1.499999999971E1));
#1229=LINE('',#1228,#1227);
#1230=CARTESIAN_POINT('',(-6.898906694183E-1,8.606396849798E-1,
-1.299999999997E1));
#1231=CARTESIAN_POINT('',(-6.830548757271E-1,8.308142285939E-1,
-1.300030390735E1));
#1232=CARTESIAN_POINT('',(-6.626750817450E-1,7.730067923388E-1,
-1.300079773911E1));
#1233=CARTESIAN_POINT('',(-6.125981293852E-1,6.950116541355E-1,
-1.299732647180E1));
#1234=CARTESIAN_POINT('',(-5.494921316326E-1,6.333841547590E-1,
-1.300125338792E1));
#1235=CARTESIAN_POINT('',(-4.754613684309E-1,5.868507847572E-1,
-1.299742349394E1));
#1236=CARTESIAN_POINT('',(-3.893783299378E-1,5.565961562835E-1,
-1.300075892942E1));
#1237=CARTESIAN_POINT('',(-3.298207362598E-1,5.500000023703E-1,
-1.300028710273E1));
#1238=CARTESIAN_POINT('',(-2.999999470653E-1,5.500000023703E-1,
-1.299999928292E1));
#1240=DIRECTION('',(-1.482283242037E-1,-6.637431528274E-3,-9.889308916231E-1));
#1241=VECTOR('',#1240,1.213430880844E0);
#1242=CARTESIAN_POINT('',(-1.201351210607E-1,5.580540667562E-1,-1.18E1));
#1243=LINE('',#1242,#1241);
#1244=DIRECTION('',(1.482282701659E-1,-6.637430413001E-3,-9.889308997302E-1));
#1245=VECTOR('',#1244,1.213431596004E0);
#1246=CARTESIAN_POINT('',(1.201351335596E-1,5.580540677794E-1,-1.18E1));
#1247=LINE('',#1246,#1245);
#1248=DIRECTION('',(-1.E0,0.E0,1.628920110761E-13));
#1249=VECTOR('',#1248,7.633583620003E-2);
#1250=CARTESIAN_POINT('',(3.E-1,5.5E-1,-1.5E1));
#1251=LINE('',#1250,#1249);
#1252=DIRECTION('',(-1.E0,0.E0,0.E0));
#1253=VECTOR('',#1252,5.036330677752E-1);
#1254=CARTESIAN_POINT('',(2.236641638E-1,5.5E-1,-1.5E1));
#1255=LINE('',#1254,#1253);
#1256=DIRECTION('',(-1.E0,-7.145387969097E-11,-1.337116472827E-8));
#1257=VECTOR('',#1256,2.003109599559E-2);
#1258=CARTESIAN_POINT('',(-2.799689039752E-1,5.5E-1,-1.5E1));
#1259=LINE('',#1258,#1257);
#1260=DIRECTION('',(2.645276131919E-8,1.185883521250E-9,1.E0));
#1261=VECTOR('',#1260,2.000000717351E0);
#1262=CARTESIAN_POINT('',(-2.999999999708E-1,5.499999999986E-1,
-1.500000000027E1));
#1263=LINE('',#1262,#1261);
#1264=DIRECTION('',(9.999999999993E-1,-3.950544684640E-9,-1.195134277808E-6));
#1265=VECTOR('',#1264,5.999999470655E-1);
#1266=CARTESIAN_POINT('',(-2.999999470653E-1,5.500000023703E-1,
-1.299999928292E1));
#1267=LINE('',#1266,#1265);
#1268=CARTESIAN_POINT('',(-1.115867030372E0,5.901705536763E-1,
-1.619999961222E1));
#1269=CARTESIAN_POINT('',(-1.123277595840E0,5.905339276306E-1,
-1.614443803449E1));
#1270=CARTESIAN_POINT('',(-1.117979202951E0,5.893360287216E-1,
-1.562718212470E1));
#1271=CARTESIAN_POINT('',(-2.928040867122E-1,5.497094716240E-1,
-1.564283840490E1));
#1272=CARTESIAN_POINT('',(-2.790539536260E-1,5.489729194444E-1,
-1.509905319540E1));
#1273=CARTESIAN_POINT('',(-2.999999999708E-1,5.499999999986E-1,
-1.500000000027E1));
#1275=CARTESIAN_POINT('',(1.188654799644E0,7.100001819863E-1,
-1.620000000126E1));
#1276=CARTESIAN_POINT('',(1.196727648969E0,7.114536778034E-1,
-1.614443842353E1));
#1277=CARTESIAN_POINT('',(1.191675254840E0,7.105430719287E-1,
-1.562718029994E1));
#1278=CARTESIAN_POINT('',(2.921131867623E-1,5.485800616356E-1,
-1.564283855272E1));
#1279=CARTESIAN_POINT('',(2.771820009124E-1,5.458916777835E-1,
-1.509905319513E1));
#1280=CARTESIAN_POINT('',(3.E-1,5.5E-1,-1.5E1));
#1282=CARTESIAN_POINT('',(3.E-1,9.5E-1,-1.499999951359E1));
#1283=DIRECTION('',(0.E0,0.E0,-1.E0));
#1284=DIRECTION('',(5.995395144135E-1,-8.003451572021E-1,0.E0));
#1285=AXIS2_PLACEMENT_3D('',#1282,#1283,#1284);
#1287=DIRECTION('',(-1.097733015596E-13,0.E0,1.E0));
#1288=VECTOR('',#1287,2.000000000003E0);
#1289=CARTESIAN_POINT('',(3.E-1,5.5E-1,-1.5E1));
#1290=LINE('',#1289,#1288);
#1291=CARTESIAN_POINT('',(2.999999999998E-1,5.5E-1,-1.3E1));
#1292=CARTESIAN_POINT('',(3.306904626914E-1,5.5E-1,-1.3E1));
#1293=CARTESIAN_POINT('',(3.916619449073E-1,5.569950281664E-1,
-1.300096772700E1));
#1294=CARTESIAN_POINT('',(4.785798433731E-1,5.883174618577E-1,
-1.299719322338E1));
#1295=CARTESIAN_POINT('',(5.524652838734E-1,6.357409762825E-1,
-1.300122276536E1));
#1296=CARTESIAN_POINT('',(6.148433071309E-1,6.978534974473E-1,
-1.299716149678E1));
#1297=CARTESIAN_POINT('',(6.637838138789E-1,7.755004212303E-1,
-1.300268666737E1));
#1298=CARTESIAN_POINT('',(6.833652536440E-1,8.321707726769E-1,
-1.299586385561E1));
#1299=CARTESIAN_POINT('',(6.898906694183E-1,8.606396849796E-1,-1.3E1));
#1301=CARTESIAN_POINT('',(3.E-1,9.5E-1,-1.499999654617E1));
#1302=DIRECTION('',(0.E0,0.E0,1.E0));
#1303=DIRECTION('',(8.512078039620E-1,-5.248288049205E-1,0.E0));
#1304=AXIS2_PLACEMENT_3D('',#1301,#1302,#1303);
#1306=CARTESIAN_POINT('',(3.E-1,9.5E-1,-1.499999365772E1));
#1307=DIRECTION('',(0.E0,0.E0,-1.E0));
#1308=DIRECTION('',(8.512078039620E-1,-5.248288049205E-1,0.E0));
#1309=AXIS2_PLACEMENT_3D('',#1306,#1307,#1308);
#1311=DIRECTION('',(-2.669646061593E-3,-1.269468262278E-2,-9.999158554714E-1));
#1312=VECTOR('',#1311,1.200102477148E0);
#1313=CARTESIAN_POINT('',(6.930945182699E-1,8.758746050418E-1,
-1.179999850491E1));
#1314=LINE('',#1313,#1312);
#1315=CARTESIAN_POINT('',(8.942170464233E-1,1.347693982053E0,
-1.180073196182E1));
#1316=CARTESIAN_POINT('',(8.947928238973E-1,1.352700538856E0,
-1.180081170204E1));
#1317=CARTESIAN_POINT('',(8.958426504031E-1,1.363236782602E0,
-1.179991974627E1));
#1318=CARTESIAN_POINT('',(8.973070044661E-1,1.380076379805E0,
-1.179896429270E1));
#1319=CARTESIAN_POINT('',(8.982267170382E-1,1.393110882664E0,-1.18E1));
#1320=CARTESIAN_POINT('',(8.986100377806E-1,1.4E0,-1.18E1));
#1322=CARTESIAN_POINT('',(8.942170464233E-1,1.347693982053E0,
-1.180073196182E1));
#1323=CARTESIAN_POINT('',(8.878155320353E-1,1.292032087888E0,
-1.179984560970E1));
#1324=CARTESIAN_POINT('',(8.643621123509E-1,1.180672162740E0,
-1.180070513048E1));
#1325=CARTESIAN_POINT('',(7.982096788084E-1,1.022132571655E0,
-1.179818998418E1));
#1326=CARTESIAN_POINT('',(7.316004278457E-1,9.223299301007E-1,
-1.180369072906E1));
#1327=CARTESIAN_POINT('',(6.930945182699E-1,8.758746050418E-1,
-1.179999850491E1));
#1329=CARTESIAN_POINT('',(6.930945182699E-1,8.758746050418E-1,
-1.179999850491E1));
#1330=CARTESIAN_POINT('',(6.709658190483E-1,8.491548600780E-1,
-1.179999957933E1));
#1331=CARTESIAN_POINT('',(6.242817002968E-1,7.990804882531E-1,
-1.180007257658E1));
#1332=CARTESIAN_POINT('',(5.483318001185E-1,7.340852740143E-1,
-1.179974757248E1));
#1333=CARTESIAN_POINT('',(4.677013490511E-1,6.789356118237E-1,
-1.180092930641E1));
#1334=CARTESIAN_POINT('',(4.099230135439E-1,6.482568114614E-1,
-1.179800042246E1));
#1335=CARTESIAN_POINT('',(3.801349515515E-1,6.345464026302E-1,
-1.179599795985E1));
#1337=CARTESIAN_POINT('',(3.801349515515E-1,6.345464026302E-1,
-1.179599795985E1));
#1338=CARTESIAN_POINT('',(3.751704384932E-1,6.320964678016E-1,
-1.179799759822E1));
#1339=CARTESIAN_POINT('',(3.652333367072E-1,6.272946651165E-1,
-1.180065747733E1));
#1340=CARTESIAN_POINT('',(3.551477297683E-1,6.230107894005E-1,
-1.180066543971E1));
#1341=CARTESIAN_POINT('',(3.500215108009E-1,6.209006799875E-1,
-1.179999827862E1));
#1343=DIRECTION('',(1.216629055343E-1,-4.426712429499E-1,-8.883919788484E-1));
#1344=VECTOR('',#1343,5.628146268015E-1);
#1345=CARTESIAN_POINT('',(8.245966680434E-1,1.810611057866E0,
-1.129999999997E1));
#1346=LINE('',#1345,#1344);
#1347=DIRECTION('',(-9.999999999787E-1,-6.192267318419E-6,-2.057264253306E-6));
#1348=VECTOR('',#1347,2.017281048822E-1);
#1349=CARTESIAN_POINT('',(8.942170464233E-1,1.347693982053E0,
-1.180073196182E1));
#1350=LINE('',#1349,#1348);
#1351=CARTESIAN_POINT('',(-6.907404206237E-1,1.336063117260E0,
-1.180103647892E1));
#1352=CARTESIAN_POINT('',(-7.588486648029E-1,1.336063117260E0,
-1.180103647892E1));
#1353=CARTESIAN_POINT('',(-8.261085408291E-1,1.347691771470E0,
-1.180073197109E1));
#1354=CARTESIAN_POINT('',(-8.942167850083E-1,1.347691771470E0,
-1.180073197109E1));
#1356=CARTESIAN_POINT('',(8.787905345653E-1,1.277414398172E0,
-1.185993462203E1));
#1357=CARTESIAN_POINT('',(8.797835615328E-1,1.278634797764E0,
-1.185211108378E1));
#1358=CARTESIAN_POINT('',(8.821997023998E-1,1.283610013373E0,
-1.183740513397E1));
#1359=CARTESIAN_POINT('',(8.862268730248E-1,1.297219305785E0,
-1.181963461308E1));
#1360=CARTESIAN_POINT('',(8.895613271322E-1,1.313236984360E0,
-1.180820632969E1));
#1361=CARTESIAN_POINT('',(8.922664724360E-1,1.330853776362E0,
-1.180172048124E1));
#1362=CARTESIAN_POINT('',(8.935907781633E-1,1.342248633509E0,
-1.180064523289E1));
#1363=CARTESIAN_POINT('',(8.942170464233E-1,1.347693982053E0,
-1.180073196182E1));
#1365=CARTESIAN_POINT('',(7.749958923376E-1,1.153584678346E0,
-1.265376195194E1));
#1366=CARTESIAN_POINT('',(7.807668218507E-1,1.162607080399E0,
-1.259592261142E1));
#1367=CARTESIAN_POINT('',(7.925950175635E-1,1.179904669123E0,
-1.248503405664E1));
#1368=CARTESIAN_POINT('',(8.108381617584E-1,1.203558615878E0,
-1.233339720064E1));
#1369=CARTESIAN_POINT('',(8.293136694300E-1,1.225092968845E0,
-1.219534829007E1));
#1370=CARTESIAN_POINT('',(8.474411853573E-1,1.244479771224E0,
-1.207106654584E1));
#1371=CARTESIAN_POINT('',(8.645515491450E-1,1.261816558060E0,
-1.195992670621E1));
#1372=CARTESIAN_POINT('',(8.747027462017E-1,1.272390632035E0,
-1.189214016093E1));
#1373=CARTESIAN_POINT('',(8.787905345653E-1,1.277414398172E0,
-1.185993462203E1));
#1375=CARTESIAN_POINT('',(8.249681239579E-1,1.450000176398E0,-1.3E1));
#1376=CARTESIAN_POINT('',(8.192894134014E-1,1.425223224126E0,-1.3E1));
#1377=CARTESIAN_POINT('',(8.083369411511E-1,1.375593070415E0,
-1.299379655266E1));
#1378=CARTESIAN_POINT('',(7.939476985555E-1,1.305683803736E0,
-1.296662450724E1));
#1379=CARTESIAN_POINT('',(7.820689562805E-1,1.243459136047E0,
-1.292194154803E1));
#1380=CARTESIAN_POINT('',(7.737622930756E-1,1.195107266406E0,
-1.286411698602E1));
#1381=CARTESIAN_POINT('',(7.693683882674E-1,1.162232685802E0,
-1.279533073639E1));
#1382=CARTESIAN_POINT('',(7.696163614221E-1,1.148008517273E0,
-1.272279851630E1));
#1383=CARTESIAN_POINT('',(7.727624439702E-1,1.150092854526E0,
-1.267614676540E1));
#1384=CARTESIAN_POINT('',(7.749958923376E-1,1.153584678346E0,
-1.265376195194E1));
#1386=DIRECTION('',(2.234007875510E-1,9.747266735458E-1,2.503062184180E-12));
#1387=VECTOR('',#1386,6.046418010445E-1);
#1388=CARTESIAN_POINT('',(6.898906694183E-1,8.606396849796E-1,-1.3E1));
#1389=LINE('',#1388,#1387);
#1390=DIRECTION('',(-2.234007875509E-1,-9.747266735458E-1,2.842484513179E-13));
#1391=VECTOR('',#1390,1.231114174024E0);
#1392=CARTESIAN_POINT('',(1.1E0,2.65E0,-1.3E1));
#1393=LINE('',#1392,#1391);
#1394=DIRECTION('',(-2.234007875510E-1,-9.747266735458E-1,0.E0));
#1395=VECTOR('',#1394,1.292670060883E0);
#1396=CARTESIAN_POINT('',(1.1E0,2.65E0,-1.5E1));
#1397=LINE('',#1396,#1395);
#1398=DIRECTION('',(-2.234007875542E-1,-9.747266735450E-1,-3.269876617969E-11));
#1399=VECTOR('',#1398,5.430859141870E-1);
#1400=CARTESIAN_POINT('',(8.112164903552E-1,1.390000011563E0,-1.5E1));
#1401=LINE('',#1400,#1399);
#1402=DIRECTION('',(1.021016604588E-12,4.677924714219E-13,1.E0));
#1403=VECTOR('',#1402,2.000000000017E0);
#1404=CARTESIAN_POINT('',(6.898906694163E-1,8.606396849787E-1,
-1.500000000002E1));
#1405=LINE('',#1404,#1403);
#1406=DIRECTION('',(-9.999999999994E-1,-1.062399119752E-6,-2.597192957244E-14));
#1407=VECTOR('',#1406,2.051857757945E-1);
#1408=CARTESIAN_POINT('',(8.249681239579E-1,1.450000176398E0,-1.3E1));
#1409=LINE('',#1408,#1407);
#1410=DIRECTION('',(-9.999999999997E-1,-8.221936765838E-7,4.242083662474E-13));
#1411=VECTOR('',#1410,2.051856871673E-1);
#1412=CARTESIAN_POINT('',(-6.197823761943E-1,1.450000080711E0,-1.3E1));
#1413=LINE('',#1412,#1411);
#1414=DIRECTION('',(0.E0,0.E0,1.E0));
#1415=VECTOR('',#1414,2.E0);
#1416=CARTESIAN_POINT('',(1.1E0,2.65E0,-1.5E1));
#1417=LINE('',#1416,#1415);
#1418=DIRECTION('',(-1.E0,0.E0,0.E0));
#1419=VECTOR('',#1418,2.051857258327E-1);
#1420=CARTESIAN_POINT('',(1.1E0,2.65E0,-1.3E1));
#1421=LINE('',#1420,#1419);
#1422=DIRECTION('',(1.E0,0.E0,0.E0));
#1423=VECTOR('',#1422,2.051857258327E-1);
#1424=CARTESIAN_POINT('',(8.948142741673E-1,2.65E0,-1.5E1));
#1425=LINE('',#1424,#1423);
#1426=DIRECTION('',(2.234008698792E-1,9.747266546760E-1,1.131862271866E-6));
#1427=VECTOR('',#1426,4.972472682416E-1);
#1428=CARTESIAN_POINT('',(4.949452868129E-1,9.053198215107E-1,
-1.500000056282E1));
#1429=LINE('',#1428,#1427);
#1430=DIRECTION('',(-2.234007875510E-1,-9.747266735458E-1,0.E0));
#1431=VECTOR('',#1430,1.292670085231E0);
#1432=CARTESIAN_POINT('',(8.948142741673E-1,2.65E0,-1.5E1));
#1433=LINE('',#1432,#1431);
#1434=DIRECTION('',(0.E0,0.E0,1.E0));
#1435=VECTOR('',#1434,2.E0);
#1436=CARTESIAN_POINT('',(8.948142741673E-1,2.65E0,-1.5E1));
#1437=LINE('',#1436,#1435);
#1438=DIRECTION('',(-2.234007875509E-1,-9.747266735458E-1,2.784768585717E-13));
#1439=VECTOR('',#1438,1.231114397665E0);
#1440=CARTESIAN_POINT('',(8.948142741673E-1,2.65E0,-1.3E1));
#1441=LINE('',#1440,#1439);
#1442=DIRECTION('',(-2.234007875510E-1,-9.747266735458E-1,1.044169376832E-10));
#1443=VECTOR('',#1442,3.589904363864E-1);
#1444=CARTESIAN_POINT('',(6.197823481635E-1,1.449999958409E0,-1.3E1));
#1445=LINE('',#1444,#1443);
#1446=DIRECTION('',(-2.234007355890E-1,-9.747266854521E-1,-2.400924761843E-6));
#1447=VECTOR('',#1446,1.998124848484E-1);
#1448=CARTESIAN_POINT('',(5.395836019515E-1,1.100082404516E0,
-1.299999999996E1));
#1449=LINE('',#1448,#1447);
#1450=CARTESIAN_POINT('',(1.261228399569E0,2.021431734812E0,-1.614106715800E1));
#1451=CARTESIAN_POINT('',(1.263208706121E0,2.037315075515E0,-1.615283259556E1));
#1452=CARTESIAN_POINT('',(1.267167401699E0,2.072251893755E0,-1.617383350281E1));
#1453=CARTESIAN_POINT('',(1.274173626413E0,2.132895881555E0,-1.619483411449E1));
#1454=CARTESIAN_POINT('',(1.280039376316E0,2.177307910875E0,-1.62E1));
#1455=CARTESIAN_POINT('',(1.283285147371E0,2.199999893160E0,-1.62E1));
#1457=CARTESIAN_POINT('',(7.344621406819E-1,1.211431734812E0,
-1.554106715800E1));
#1458=CARTESIAN_POINT('',(7.656477080560E-1,1.242069736140E0,
-1.556376197380E1));
#1459=CARTESIAN_POINT('',(8.351130895550E-1,1.304843093624E0,
-1.561026075712E1));
#1460=CARTESIAN_POINT('',(9.560390143787E-1,1.409110915068E0,
-1.568749618041E1));
#1461=CARTESIAN_POINT('',(1.073222344660E0,1.529655682722E0,-1.577678860090E1));
#1462=CARTESIAN_POINT('',(1.168138333481E0,1.674659741984E0,-1.588419901517E1));
#1463=CARTESIAN_POINT('',(1.230605868210E0,1.839294399388E0,-1.600615061324E1));
#1464=CARTESIAN_POINT('',(1.253439372288E0,1.958958693E0,-1.609479083074E1));
#1465=CARTESIAN_POINT('',(1.261228399569E0,2.021431734812E0,-1.614106715800E1));
#1467=CARTESIAN_POINT('',(6.060307590831E-1,1.389999987831E0,-1.5E1));
#1468=CARTESIAN_POINT('',(6.000767454790E-1,1.364021852578E0,-1.5E1));
#1469=CARTESIAN_POINT('',(5.874091486547E-1,1.312696685121E0,
-1.500670006891E1));
#1470=CARTESIAN_POINT('',(5.673610934862E-1,1.241056677442E0,
-1.503591674422E1));
#1471=CARTESIAN_POINT('',(5.497912626653E-1,1.181922356535E0,
-1.508005747334E1));
#1472=CARTESIAN_POINT('',(5.373106471524E-1,1.136911937227E0,
-1.513373889118E1));
#1473=CARTESIAN_POINT('',(5.323470499273E-1,1.104562959956E0,
-1.519890137980E1));
#1474=CARTESIAN_POINT('',(5.388425661080E-1,1.089842020632E0,
-1.526485475260E1));
#1475=CARTESIAN_POINT('',(5.556500892436E-1,1.089013715361E0,
-1.532619512894E1));
#1476=CARTESIAN_POINT('',(5.858049989035E-1,1.101138303726E0,
-1.538935270305E1));
#1477=CARTESIAN_POINT('',(6.299010974669E-1,1.127148617727E0,
-1.544936776656E1));
#1478=CARTESIAN_POINT('',(6.823402682254E-1,1.164508790127E0,
-1.550109544015E1));
#1479=CARTESIAN_POINT('',(7.174335604047E-1,1.194702147728E0,
-1.552867487127E1));
#1480=CARTESIAN_POINT('',(7.344621406819E-1,1.211431734812E0,
-1.554106715800E1));
#1482=DIRECTION('',(-1.415948970102E-1,-9.899246866003E-1,-4.507116386510E-12));
#1483=VECTOR('',#1482,1.023142506123E0);
#1484=CARTESIAN_POINT('',(1.283285147371E0,2.199999893160E0,-1.62E1));
#1485=LINE('',#1484,#1483);
#1486=DIRECTION('',(0.E0,0.E0,1.E0));
#1487=VECTOR('',#1486,8.E-1);
#1488=CARTESIAN_POINT('',(1.597964428297E0,4.4E0,-1.7E1));
#1489=LINE('',#1488,#1487);
#1490=DIRECTION('',(-1.415948970100E-1,-9.899246866003E-1,0.E0));
#1491=VECTOR('',#1490,2.222391396658E0);
#1492=CARTESIAN_POINT('',(1.597964428297E0,4.4E0,-1.62E1));
#1493=LINE('',#1492,#1491);
#1494=CARTESIAN_POINT('',(0.E0,1.35E0,-1.620000058591E1));
#1495=DIRECTION('',(0.E0,0.E0,-1.E0));
#1496=DIRECTION('',(9.899246866003E-1,-1.415948970100E-1,0.E0));
#1497=AXIS2_PLACEMENT_3D('',#1494,#1495,#1496);
#1499=CARTESIAN_POINT('',(1.004440102970E0,7.899999289773E-1,-1.62E1));
#1500=CARTESIAN_POINT('',(9.695253795595E-1,7.273754070675E-1,
-1.620000015614E1));
#1501=CARTESIAN_POINT('',(8.873914694303E-1,6.073990619524E-1,
-1.620014663002E1));
#1502=CARTESIAN_POINT('',(7.268950628399E-1,4.494109971208E-1,
-1.619953505807E1));
#1503=CARTESIAN_POINT('',(5.403530975763E-1,3.270002881093E-1,
-1.619929191829E1));
#1504=CARTESIAN_POINT('',(3.378836367023E-1,2.432689497948E-1,
-1.620036477761E1));
#1505=CARTESIAN_POINT('',(1.142029518398E-1,1.979847642689E-1,
-1.619926027044E1));
#1506=CARTESIAN_POINT('',(-1.164825554331E-1,1.982042468250E-1,
-1.619923683567E1));
#1507=CARTESIAN_POINT('',(-3.402964059103E-1,2.439886207408E-1,
-1.620036611311E1));
#1508=CARTESIAN_POINT('',(-5.425522403215E-1,3.282121917429E-1,
-1.619931035365E1));
#1509=CARTESIAN_POINT('',(-7.279152768430E-1,4.503281543147E-1,
-1.619952294120E1));
#1510=CARTESIAN_POINT('',(-8.877389412099E-1,6.078778426150E-1,
-1.620014837951E1));
#1511=CARTESIAN_POINT('',(-9.696090374800E-1,7.275254853394E-1,
-1.620000028520E1));
#1512=CARTESIAN_POINT('',(-1.004440070063E0,7.899998699537E-1,-1.62E1));
#1514=CARTESIAN_POINT('',(0.E0,1.35E0,-1.620000060274E1));
#1515=DIRECTION('',(0.E0,0.E0,-1.E0));
#1516=DIRECTION('',(-8.734260217868E-1,-4.869568609904E-1,0.E0));
#1517=AXIS2_PLACEMENT_3D('',#1514,#1515,#1516);
#1519=DIRECTION('',(-2.900457651850E-13,-1.265654248080E-13,1.E0));
#1520=VECTOR('',#1519,7.999999999954E-1);
#1521=CARTESIAN_POINT('',(1.138413389590E0,1.187165868438E0,-1.7E1));
#1522=LINE('',#1521,#1520);
#1523=CARTESIAN_POINT('',(1.138413389590E0,1.187165868438E0,-1.62E1));
#1524=CARTESIAN_POINT('',(1.144258877880E0,1.189726256063E0,-1.614443842227E1));
#1525=CARTESIAN_POINT('',(1.140600899756E0,1.188124021749E0,-1.562718023096E1));
#1526=CARTESIAN_POINT('',(4.892344698760E-1,9.028184214080E-1,
-1.564284019235E1));
#1527=CARTESIAN_POINT('',(4.784231528090E-1,8.980829466203E-1,
-1.509905324160E1));
#1528=CARTESIAN_POINT('',(4.949452868129E-1,9.053198215107E-1,
-1.500000056282E1));
#1530=CARTESIAN_POINT('',(3.000000009425E-1,7.500000000535E-1,
-1.499999998975E1));
#1531=CARTESIAN_POINT('',(3.042345297274E-1,7.500000000535E-1,
-1.499999999459E1));
#1532=CARTESIAN_POINT('',(3.123857580288E-1,7.502542967461E-1,
-1.500219983450E1));
#1533=CARTESIAN_POINT('',(3.207017733892E-1,7.510371919166E-1,
-1.500086604937E1));
#1534=CARTESIAN_POINT('',(3.248243024101E-1,7.515528905700E-1,
-1.499997685431E1));
#1536=CARTESIAN_POINT('',(3.248243024101E-1,7.515528905700E-1,
-1.499997685431E1));
#1537=CARTESIAN_POINT('',(3.378418696278E-1,7.531812943608E-1,
-1.500099296073E1));
#1538=CARTESIAN_POINT('',(3.636947674049E-1,7.590273547905E-1,
-1.499935880782E1));
#1539=CARTESIAN_POINT('',(3.999055818104E-1,7.752546178552E-1,
-1.499934469848E1));
#1540=CARTESIAN_POINT('',(4.322745090913E-1,7.981909369842E-1,
-1.499984163095E1));
#1541=CARTESIAN_POINT('',(4.606685597282E-1,8.284231958961E-1,
-1.499978371652E1));
#1542=CARTESIAN_POINT('',(4.826732650158E-1,8.649564906025E-1,
-1.499976612606E1));
#1543=CARTESIAN_POINT('',(4.918079074741E-1,8.916310276612E-1,
-1.500000055946E1));
#1544=CARTESIAN_POINT('',(4.949452868129E-1,9.053198215107E-1,
-1.500000056282E1));
#1546=DIRECTION('',(2.952180555005E-8,1.096830242122E-8,1.E0));
#1547=VECTOR('',#1546,2.000000083119E0);
#1548=CARTESIAN_POINT('',(4.949452868129E-1,9.053198215107E-1,
-1.500000056282E1));
#1549=LINE('',#1548,#1547);
#1550=CARTESIAN_POINT('',(4.949453458565E-1,9.053198434473E-1,
-1.300000047970E1));
#1551=CARTESIAN_POINT('',(4.896062583771E-1,8.820247108040E-1,
-1.300000034437E1));
#1552=CARTESIAN_POINT('',(4.706257978607E-1,8.384310063238E-1,
-1.299933340488E1));
#1553=CARTESIAN_POINT('',(4.251091350602E-1,7.893561330508E-1,
-1.300024185506E1));
#1554=CARTESIAN_POINT('',(3.662612729791E-1,7.573847810139E-1,
-1.299955554194E1));
#1555=CARTESIAN_POINT('',(3.221000331415E-1,7.500000010223E-1,
-1.299999994459E1));
#1556=CARTESIAN_POINT('',(2.999999905691E-1,7.500000010223E-1,
-1.299999987701E1));
#1558=DIRECTION('',(1.240235291894E-1,-1.344438491993E-2,-9.921881942059E-1));
#1559=VECTOR('',#1558,1.209447848722E0);
#1560=CARTESIAN_POINT('',(1.5E-1,7.662602834411E-1,-1.18E1));
#1561=LINE('',#1560,#1559);
#1562=CARTESIAN_POINT('',(5.586431636830E-1,1.153584678346E0,
-1.265376195194E1));
#1563=CARTESIAN_POINT('',(5.569115435218E-1,1.150074294271E0,
-1.267626574845E1));
#1564=CARTESIAN_POINT('',(5.550702869993E-1,1.147996143463E0,
-1.272306089690E1));
#1565=CARTESIAN_POINT('',(5.573861299155E-1,1.162440684311E0,
-1.279598531051E1));
#1566=CARTESIAN_POINT('',(5.642687266639E-1,1.195088685418E0,
-1.286363834993E1));
#1567=CARTESIAN_POINT('',(5.739638038476E-1,1.240372608986E0,
-1.291859533101E1));
#1568=CARTESIAN_POINT('',(5.867697391789E-1,1.300333458939E0,
-1.296379969405E1));
#1569=CARTESIAN_POINT('',(6.024387479580E-1,1.372934260409E0,
-1.299341325590E1));
#1570=CARTESIAN_POINT('',(6.138774223428E-1,1.424235999536E0,-1.3E1));
#1571=CARTESIAN_POINT('',(6.197823481635E-1,1.449999958409E0,-1.3E1));
#1573=CARTESIAN_POINT('',(6.711918500559E-1,1.277414398172E0,
-1.185993462203E1));
#1574=CARTESIAN_POINT('',(6.654388529930E-1,1.272421956056E0,
-1.189193935401E1));
#1575=CARTESIAN_POINT('',(6.519050883197E-1,1.261837843865E0,
-1.195979025064E1));
#1576=CARTESIAN_POINT('',(6.301150110064E-1,1.243947252019E0,
-1.207448033293E1));
#1577=CARTESIAN_POINT('',(6.090842094001E-1,1.224236079776E0,
-1.220084149447E1));
#1578=CARTESIAN_POINT('',(5.898207782370E-1,1.202813797996E0,
-1.233817195738E1));
#1579=CARTESIAN_POINT('',(5.727568723712E-1,1.179497245420E0,
-1.248764590192E1));
#1580=CARTESIAN_POINT('',(5.630207746883E-1,1.162459081810E0,
-1.259687137659E1));
#1581=CARTESIAN_POINT('',(5.586431636830E-1,1.153584678346E0,
-1.265376195194E1));
#1583=CARTESIAN_POINT('',(6.900047500952E-1,1.332040378887E0,
-1.180224972135E1));
#1584=CARTESIAN_POINT('',(6.889750884295E-1,1.326347718200E0,
-1.180345832402E1));
#1585=CARTESIAN_POINT('',(6.865757392121E-1,1.314586981330E0,
-1.180745779536E1));
#1586=CARTESIAN_POINT('',(6.817504925069E-1,1.297603875844E0,
-1.181914092012E1));
#1587=CARTESIAN_POINT('',(6.759927987347E-1,1.283618828271E0,
-1.183732068188E1));
#1588=CARTESIAN_POINT('',(6.725978200233E-1,1.278634496774E0,
-1.185211301331E1));
#1589=CARTESIAN_POINT('',(6.711918500559E-1,1.277414398172E0,
-1.185993462203E1));
#1591=DIRECTION('',(5.145470105443E-2,4.358791415081E-3,-9.986658173167E-1));
#1592=VECTOR('',#1591,1.201597699387E0);
#1593=CARTESIAN_POINT('',(4.331174954469E-1,9.000823297109E-1,
-1.180000593115E1));
#1594=LINE('',#1593,#1592);
#1595=DIRECTION('',(-1.E0,0.E0,0.E0));
#1596=VECTOR('',#1595,2.163527286546E-1);
#1597=CARTESIAN_POINT('',(7.749958923376E-1,1.153584678346E0,
-1.265376195194E1));
#1598=LINE('',#1597,#1596);
#1599=DIRECTION('',(-1.E0,0.E0,0.E0));
#1600=VECTOR('',#1599,2.065478427288E-1);
#1601=CARTESIAN_POINT('',(-5.684480496088E-1,1.153584678346E0,
-1.265376195194E1));
#1602=LINE('',#1601,#1600);
#1603=DIRECTION('',(-1.E0,0.E0,0.E0));
#1604=VECTOR('',#1603,2.075986845094E-1);
#1605=CARTESIAN_POINT('',(8.787905345653E-1,1.277414398172E0,
-1.185993462203E1));
#1606=LINE('',#1605,#1604);
#1607=DIRECTION('',(-1.E0,0.E0,0.E0));
#1608=VECTOR('',#1607,2.069475792082E-1);
#1609=CARTESIAN_POINT('',(-6.718429553571E-1,1.277414398172E0,
-1.185993462203E1));
#1610=LINE('',#1609,#1608);
#1611=CARTESIAN_POINT('',(-6.718429553571E-1,1.277414398172E0,
-1.185993462203E1));
#1612=CARTESIAN_POINT('',(-6.732562435356E-1,1.278785586105E0,
-1.185114443453E1));
#1613=CARTESIAN_POINT('',(-6.767678774974E-1,1.284646786846E0,
-1.183515086910E1));
#1614=CARTESIAN_POINT('',(-6.823593648632E-1,1.299678824857E0,
-1.181742088191E1));
#1615=CARTESIAN_POINT('',(-6.867612408208E-1,1.315559809056E0,
-1.180694625129E1));
#1616=CARTESIAN_POINT('',(-6.897088767228E-1,1.330236899879E0,
-1.180208182998E1));
#1617=CARTESIAN_POINT('',(-6.907404206237E-1,1.336063117260E0,
-1.180103647892E1));
#1619=CARTESIAN_POINT('',(-5.684480496088E-1,1.153584678346E0,
-1.265376195194E1));
#1620=CARTESIAN_POINT('',(-5.732548938795E-1,1.161512304003E0,
-1.260294082501E1));
#1621=CARTESIAN_POINT('',(-5.830307092033E-1,1.176751628455E0,
-1.250524705444E1));
#1622=CARTESIAN_POINT('',(-5.979744151455E-1,1.197689177774E0,
-1.237102403516E1));
#1623=CARTESIAN_POINT('',(-6.131962013378E-1,1.216935222272E0,
-1.224764463855E1));
#1624=CARTESIAN_POINT('',(-6.285486727556E-1,1.234538497256E0,
-1.213479644025E1));
#1625=CARTESIAN_POINT('',(-6.436835523162E-1,1.250410627108E0,
-1.203304598424E1));
#1626=CARTESIAN_POINT('',(-6.583286370018E-1,1.264697807155E0,
-1.194145606540E1));
#1627=CARTESIAN_POINT('',(-6.676311359950E-1,1.273328044111E0,
-1.188613075279E1));
#1628=CARTESIAN_POINT('',(-6.718429553571E-1,1.277414398172E0,
-1.185993462203E1));
#1630=CARTESIAN_POINT('',(-6.197823761943E-1,1.450000080711E0,-1.3E1));
#1631=CARTESIAN_POINT('',(-6.142087671559E-1,1.425681700023E0,-1.3E1));
#1632=CARTESIAN_POINT('',(-6.034099047397E-1,1.376811282077E0,
-1.299401822231E1));
#1633=CARTESIAN_POINT('',(-5.890957789075E-1,1.307530282159E0,
-1.296755618812E1));
#1634=CARTESIAN_POINT('',(-5.770504393294E-1,1.245014412136E0,
-1.292346159747E1));
#1635=CARTESIAN_POINT('',(-5.683800445684E-1,1.195655535149E0,
-1.286506021328E1));
#1636=CARTESIAN_POINT('',(-5.635725725750E-1,1.162201509938E0,
-1.279579278830E1));
#1637=CARTESIAN_POINT('',(-5.634939865653E-1,1.147757504697E0,
-1.272052546020E1));
#1638=CARTESIAN_POINT('',(-5.664254151731E-1,1.150248874699E0,
-1.267514657678E1));
#1639=CARTESIAN_POINT('',(-5.684480496088E-1,1.153584678346E0,
-1.265376195194E1));
#1641=DIRECTION('',(2.234008620029E-1,-9.747266564814E-1,-1.024647085306E-6));
#1642=VECTOR('',#1641,4.972472944249E-1);
#1643=CARTESIAN_POINT('',(-6.060307655982E-1,1.390000016257E0,-1.5E1));
#1644=LINE('',#1643,#1642);
#1645=DIRECTION('',(-2.178313338354E-8,1.003627987752E-8,1.E0));
#1646=VECTOR('',#1645,2.000000550158E0);
#1647=CARTESIAN_POINT('',(-4.949452913951E-1,9.053198235178E-1,
-1.500000050950E1));
#1648=LINE('',#1647,#1646);
#1649=DIRECTION('',(-2.234007875510E-1,9.747266735458E-1,-7.275272923553E-8));
#1650=VECTOR('',#1649,5.588030490020E-1);
#1651=CARTESIAN_POINT('',(-4.949453349614E-1,9.053198435904E-1,
-1.299999995935E1));
#1652=LINE('',#1651,#1650);
#1653=DIRECTION('',(2.234007875509E-1,-9.747266735458E-1,2.784768869536E-13));
#1654=VECTOR('',#1653,1.231114272192E0);
#1655=CARTESIAN_POINT('',(-8.948142741673E-1,2.65E0,-1.3E1));
#1656=LINE('',#1655,#1654);
#1657=DIRECTION('',(2.234007875510E-1,-9.747266735458E-1,0.E0));
#1658=VECTOR('',#1657,1.292670056068E0);
#1659=CARTESIAN_POINT('',(-8.948142741673E-1,2.65E0,-1.5E1));
#1660=LINE('',#1659,#1658);
#1661=CARTESIAN_POINT('',(-1.138413389591E0,1.187165868439E0,
-1.619999999999E1));
#1662=CARTESIAN_POINT('',(-1.144258877880E0,1.189726256062E0,
-1.614443842226E1));
#1663=CARTESIAN_POINT('',(-1.140600875837E0,1.188124011272E0,
-1.562718037105E1));
#1664=CARTESIAN_POINT('',(-4.892346488230E-1,9.028184997887E-1,
-1.564283711840E1));
#1665=CARTESIAN_POINT('',(-4.784229532359E-1,8.980828592050E-1,
-1.509905370463E1));
#1666=CARTESIAN_POINT('',(-4.949452913951E-1,9.053198235178E-1,
-1.500000050950E1));
#1668=CARTESIAN_POINT('',(-7.344747379836E-1,1.211431734812E0,
-1.554106715800E1));
#1669=CARTESIAN_POINT('',(-7.152959800314E-1,1.192589810086E0,
-1.552711017672E1));
#1670=CARTESIAN_POINT('',(-6.759729185683E-1,1.159344094766E0,
-1.549590902086E1));
#1671=CARTESIAN_POINT('',(-6.188507227386E-1,1.119887186462E0,
-1.543702432462E1));
#1672=CARTESIAN_POINT('',(-5.739668129611E-1,1.095200872008E0,
-1.536905271673E1));
#1673=CARTESIAN_POINT('',(-5.468930041342E-1,1.087508509071E0,
-1.530052065379E1));
#1674=CARTESIAN_POINT('',(-5.337305125306E-1,1.094767339252E0,
-1.523170916251E1));
#1675=CARTESIAN_POINT('',(-5.338147489941E-1,1.121874555318E0,
-1.515781613014E1));
#1676=CARTESIAN_POINT('',(-5.454554118175E-1,1.167323936388E0,
-1.509405868312E1));
#1677=CARTESIAN_POINT('',(-5.635233478196E-1,1.227963805526E0,
-1.504311910376E1));
#1678=CARTESIAN_POINT('',(-5.855177590461E-1,1.305282709295E0,
-1.500803156081E1));
#1679=CARTESIAN_POINT('',(-5.994904644673E-1,1.361463832320E0,-1.5E1));
#1680=CARTESIAN_POINT('',(-6.060307655982E-1,1.390000016257E0,-1.5E1));
#1682=CARTESIAN_POINT('',(-1.261229428453E0,2.021431734812E0,
-1.614106715800E1));
#1683=CARTESIAN_POINT('',(-1.253543835014E0,1.959778623427E0,
-1.609539818661E1));
#1684=CARTESIAN_POINT('',(-1.231070407569E0,1.841388855573E0,
-1.600770206227E1));
#1685=CARTESIAN_POINT('',(-1.169588205977E0,1.677704310234E0,
-1.588645425091E1));
#1686=CARTESIAN_POINT('',(-1.075472719738E0,1.532333799114E0,
-1.577877239082E1));
#1687=CARTESIAN_POINT('',(-9.575237761054E-1,1.410362042665E0,
-1.568842294160E1));
#1688=CARTESIAN_POINT('',(-8.348740406154E-1,1.304645927416E0,
-1.561011470808E1));
#1689=CARTESIAN_POINT('',(-7.654802282943E-1,1.241892681032E0,
-1.556363082187E1));
#1690=CARTESIAN_POINT('',(-7.344747379836E-1,1.211431734812E0,
-1.554106715800E1));
#1692=CARTESIAN_POINT('',(-1.283285166686E0,2.200000028196E0,-1.62E1));
#1693=CARTESIAN_POINT('',(-1.280039461938E0,2.177308509475E0,-1.62E1));
#1694=CARTESIAN_POINT('',(-1.274173433665E0,2.132896948169E0,
-1.619483433850E1));
#1695=CARTESIAN_POINT('',(-1.267167427687E0,2.072252840045E0,
-1.617383397877E1));
#1696=CARTESIAN_POINT('',(-1.263209467492E0,2.037315422703E0,
-1.615283285274E1));
#1697=CARTESIAN_POINT('',(-1.261229428453E0,2.021431734812E0,
-1.614106715800E1));
#1699=DIRECTION('',(-1.415948970098E-1,9.899246866003E-1,-5.701605639413E-12));
#1700=VECTOR('',#1699,1.023142642533E0);
#1701=CARTESIAN_POINT('',(-1.138413389591E0,1.187165868439E0,
-1.619999999999E1));
#1702=LINE('',#1701,#1700);
#1703=DIRECTION('',(1.415948970100E-1,-9.899246866003E-1,0.E0));
#1704=VECTOR('',#1703,2.222391260248E0);
#1705=CARTESIAN_POINT('',(-1.597964428297E0,4.4E0,-1.62E1));
#1706=LINE('',#1705,#1704);
#1707=DIRECTION('',(-3.666511538798E-13,1.609823385695E-13,1.E0));
#1708=VECTOR('',#1707,8.000000000058E-1);
#1709=CARTESIAN_POINT('',(-1.138413389590E0,1.187165868438E0,-1.7E1));
#1710=LINE('',#1709,#1708);
#1711=DIRECTION('',(-9.999999999998E-1,-6.518135027557E-7,-3.516918647174E-14));
#1712=VECTOR('',#1711,2.020355905392E-1);
#1713=CARTESIAN_POINT('',(1.485320737911E0,2.200000024849E0,-1.62E1));
#1714=LINE('',#1713,#1712);
#1715=DIRECTION('',(-9.999999999997E-1,-8.098506933308E-7,-3.516919382458E-14));
#1716=VECTOR('',#1715,2.020355482995E-1);
#1717=CARTESIAN_POINT('',(-1.283285166686E0,2.200000028196E0,-1.62E1));
#1718=LINE('',#1717,#1716);
#1719=DIRECTION('',(1.415949004797E-1,9.899246861040E-1,7.600701574077E-8));
#1720=VECTOR('',#1719,1.051749847506E0);
#1721=CARTESIAN_POINT('',(1.336398322923E0,1.158846887197E0,-1.620000007994E1));
#1722=LINE('',#1721,#1720);
#1723=DIRECTION('',(-1.415948970100E-1,-9.899246866003E-1,0.E0));
#1724=VECTOR('',#1723,2.222391263628E0);
#1725=CARTESIAN_POINT('',(1.8E0,4.4E0,-1.62E1));
#1726=LINE('',#1725,#1724);
#1727=DIRECTION('',(-4.983647604098E-9,-2.298750308881E-9,1.E0));
#1728=VECTOR('',#1727,7.999999200596E-1);
#1729=CARTESIAN_POINT('',(1.336398326910E0,1.158846889036E0,-1.7E1));
#1730=LINE('',#1729,#1728);
#1731=CARTESIAN_POINT('',(1.336398322923E0,1.158846887197E0,-1.620000007994E1));
#1732=CARTESIAN_POINT('',(1.342271424023E0,1.161555905471E0,-1.614443850221E1));
#1733=CARTESIAN_POINT('',(1.338596170631E0,1.159860663310E0,-1.562717993091E1));
#1734=CARTESIAN_POINT('',(6.841528835273E-1,8.579930820071E-1,
-1.564283858241E1));
#1735=CARTESIAN_POINT('',(6.732902833387E-1,8.529826144690E-1,
-1.509905319515E1));
#1736=CARTESIAN_POINT('',(6.898906694163E-1,8.606396849787E-1,
-1.500000000002E1));
#1738=CARTESIAN_POINT('',(9.391717699608E-1,1.211431734812E0,
-1.554106715800E1));
#1739=CARTESIAN_POINT('',(9.223098788054E-1,1.194830683570E0,
-1.552877008301E1));
#1740=CARTESIAN_POINT('',(8.874473217132E-1,1.164716185226E0,
-1.550133905923E1));
#1741=CARTESIAN_POINT('',(8.348118611386E-1,1.127091215319E0,
-1.544934000448E1));
#1742=CARTESIAN_POINT('',(7.905500267403E-1,1.100945700867E0,
-1.538884121605E1));
#1743=CARTESIAN_POINT('',(7.604743783911E-1,1.088928235830E0,
-1.532531373173E1));
#1744=CARTESIAN_POINT('',(7.438805402063E-1,1.089949425959E0,
-1.526399923639E1));
#1745=CARTESIAN_POINT('',(7.375416017218E-1,1.104833650829E0,
-1.519816571107E1));
#1746=CARTESIAN_POINT('',(7.425810555536E-1,1.137269926213E0,
-1.513322277091E1));
#1747=CARTESIAN_POINT('',(7.550551614157E-1,1.182257612117E0,
-1.507975250483E1));
#1748=CARTESIAN_POINT('',(7.726180588814E-1,1.241391132197E0,
-1.503573985571E1));
#1749=CARTESIAN_POINT('',(7.926334341056E-1,1.312887329782E0,
-1.500666776013E1));
#1750=CARTESIAN_POINT('',(8.052778427555E-1,1.364088920185E0,-1.5E1));
#1751=CARTESIAN_POINT('',(8.112164903552E-1,1.390000011563E0,-1.5E1));
#1753=CARTESIAN_POINT('',(1.463219749639E0,2.021431734812E0,-1.614106715800E1));
#1754=CARTESIAN_POINT('',(1.455755191011E0,1.961673148590E0,-1.609680153858E1));
#1755=CARTESIAN_POINT('',(1.434199024052E0,1.846434285138E0,-1.601143941750E1));
#1756=CARTESIAN_POINT('',(1.375909652028E0,1.686068764819E0,-1.589265014319E1));
#1757=CARTESIAN_POINT('',(1.285594049992E0,1.541092479171E0,-1.578526030197E1));
#1758=CARTESIAN_POINT('',(1.168678954989E0,1.416883041925E0,-1.569325331142E1));
#1759=CARTESIAN_POINT('',(1.043189667496E0,1.308002022569E0,-1.561260070449E1));
#1760=CARTESIAN_POINT('',(9.714029413178E-1,1.243164315835E0,
-1.556457277358E1));
#1761=CARTESIAN_POINT('',(9.391717699608E-1,1.211431734812E0,
-1.554106715800E1));
#1763=CARTESIAN_POINT('',(1.485320737911E0,2.200000024849E0,-1.62E1));
#1764=CARTESIAN_POINT('',(1.482094087451E0,2.177441719346E0,-1.62E1));
#1765=CARTESIAN_POINT('',(1.476241613662E0,2.133206493538E0,-1.619489463026E1));
#1766=CARTESIAN_POINT('',(1.469206720328E0,2.072534875516E0,-1.617397583450E1));
#1767=CARTESIAN_POINT('',(1.465217279675E0,2.037423245748E0,-1.615291272166E1));
#1768=CARTESIAN_POINT('',(1.463219749639E0,2.021431734812E0,-1.614106715800E1));
#1770=DIRECTION('',(-1.E0,-1.545372661405E-7,0.E0));
#1771=VECTOR('',#1770,2.051857185653E-1);
#1772=CARTESIAN_POINT('',(-6.060307655982E-1,1.390000016257E0,-1.5E1));
#1773=LINE('',#1772,#1771);
#1774=DIRECTION('',(-1.E0,-1.156644962549E-7,0.E0));
#1775=VECTOR('',#1774,2.051857312721E-1);
#1776=CARTESIAN_POINT('',(8.112164903552E-1,1.390000011563E0,-1.5E1));
#1777=LINE('',#1776,#1775);
#1778=DIRECTION('',(-1.E0,9.788678711044E-14,-7.830942968835E-14));
#1779=VECTOR('',#1778,2.041543606974E-1);
#1780=CARTESIAN_POINT('',(-7.344747379836E-1,1.211431734812E0,
-1.554106715800E1));
#1781=LINE('',#1780,#1779);
#1782=DIRECTION('',(-1.E0,-3.470978567364E-14,2.603233925523E-14));
#1783=VECTOR('',#1782,2.047096292789E-1);
#1784=CARTESIAN_POINT('',(9.391717699608E-1,1.211431734812E0,
-1.554106715800E1));
#1785=LINE('',#1784,#1783);
#1786=DIRECTION('',(-1.E0,3.077718656342E-14,-3.517392750105E-14));
#1787=VECTOR('',#1786,2.020083585317E-1);
#1788=CARTESIAN_POINT('',(-1.261229428453E0,2.021431734812E0,
-1.614106715800E1));
#1789=LINE('',#1788,#1787);
#1790=DIRECTION('',(-1.E0,-2.418411138227E-14,0.E0));
#1791=VECTOR('',#1790,2.019913500701E-1);
#1792=CARTESIAN_POINT('',(1.463219749639E0,2.021431734812E0,-1.614106715800E1));
#1793=LINE('',#1792,#1791);
#1794=DIRECTION('',(0.E0,0.E0,1.E0));
#1795=VECTOR('',#1794,2.E0);
#1796=CARTESIAN_POINT('',(-8.948142741673E-1,2.65E0,-1.5E1));
#1797=LINE('',#1796,#1795);
#1798=DIRECTION('',(-1.E0,0.E0,0.E0));
#1799=VECTOR('',#1798,2.051857258327E-1);
#1800=CARTESIAN_POINT('',(-8.948142741673E-1,2.65E0,-1.3E1));
#1801=LINE('',#1800,#1799);
#1802=DIRECTION('',(1.E0,0.E0,0.E0));
#1803=VECTOR('',#1802,2.051857258327E-1);
#1804=CARTESIAN_POINT('',(-1.1E0,2.65E0,-1.5E1));
#1805=LINE('',#1804,#1803);
#1806=DIRECTION('',(0.E0,0.E0,1.E0));
#1807=VECTOR('',#1806,8.E-1);
#1808=CARTESIAN_POINT('',(1.8E0,4.4E0,-1.7E1));
#1809=LINE('',#1808,#1807);
#1810=DIRECTION('',(1.E0,0.E0,0.E0));
#1811=VECTOR('',#1810,2.020355717028E-1);
#1812=CARTESIAN_POINT('',(1.597964428297E0,4.4E0,-1.62E1));
#1813=LINE('',#1812,#1811);
#1814=CARTESIAN_POINT('',(0.E0,1.35E0,-1.7E1));
#1815=DIRECTION('',(0.E0,0.E0,1.E0));
#1816=DIRECTION('',(-9.899246866003E-1,-1.415948970100E-1,0.E0));
#1817=AXIS2_PLACEMENT_3D('',#1814,#1815,#1816);
#1819=DIRECTION('',(1.415948970100E-1,9.899246866003E-1,0.E0));
#1820=VECTOR('',#1819,3.274141108749E0);
#1821=CARTESIAN_POINT('',(1.336398326910E0,1.158846889036E0,-1.7E1));
#1822=LINE('',#1821,#1820);
#1823=DIRECTION('',(-1.E0,0.E0,0.E0));
#1824=VECTOR('',#1823,2.020355717028E-1);
#1825=CARTESIAN_POINT('',(1.8E0,4.4E0,-1.7E1));
#1826=LINE('',#1825,#1824);
#1827=DIRECTION('',(-1.415948970100E-1,-9.899246866003E-1,0.E0));
#1828=VECTOR('',#1827,3.245533902781E0);
#1829=CARTESIAN_POINT('',(1.597964428297E0,4.4E0,-1.7E1));
#1830=LINE('',#1829,#1828);
#1831=CARTESIAN_POINT('',(0.E0,1.35E0,-1.7E1));
#1832=DIRECTION('',(0.E0,0.E0,-1.E0));
#1833=DIRECTION('',(9.899246866003E-1,-1.415948970100E-1,0.E0));
#1834=AXIS2_PLACEMENT_3D('',#1831,#1832,#1833);
#1836=DIRECTION('',(-1.415948970100E-1,9.899246866003E-1,0.E0));
#1837=VECTOR('',#1836,3.245533902781E0);
#1838=CARTESIAN_POINT('',(-1.138413389590E0,1.187165868438E0,-1.7E1));
#1839=LINE('',#1838,#1837);
#1840=DIRECTION('',(-1.E0,0.E0,0.E0));
#1841=VECTOR('',#1840,2.020355717028E-1);
#1842=CARTESIAN_POINT('',(-1.597964428297E0,4.4E0,-1.7E1));
#1843=LINE('',#1842,#1841);
#1844=DIRECTION('',(1.415948970100E-1,-9.899246866003E-1,0.E0));
#1845=VECTOR('',#1844,3.274141108749E0);
#1846=CARTESIAN_POINT('',(-1.8E0,4.4E0,-1.7E1));
#1847=LINE('',#1846,#1845);
#1848=DIRECTION('',(0.E0,0.E0,1.E0));
#1849=VECTOR('',#1848,8.E-1);
#1850=CARTESIAN_POINT('',(-1.597964428297E0,4.4E0,-1.7E1));
#1851=LINE('',#1850,#1849);
#1852=DIRECTION('',(1.E0,0.E0,0.E0));
#1853=VECTOR('',#1852,2.020355717028E-1);
#1854=CARTESIAN_POINT('',(-1.8E0,4.4E0,-1.62E1));
#1855=LINE('',#1854,#1853);
#1856=CARTESIAN_POINT('',(-1.004440070063E0,7.899998699537E-1,-1.62E1));
#1857=CARTESIAN_POINT('',(-1.010839450065E0,7.903632439079E-1,
-1.614443842228E1));
#1858=CARTESIAN_POINT('',(-1.006835251072E0,7.901365913325E-1,
-1.562718030598E1));
#1859=CARTESIAN_POINT('',(-2.937480349940E-1,7.496449490602E-1,
-1.564283854733E1));
#1860=CARTESIAN_POINT('',(-2.819120801804E-1,7.489729194163E-1,
-1.509905319496E1));
#1861=CARTESIAN_POINT('',(-3.000000001595E-1,7.500000000091E-1,
-1.499999999827E1));
#1863=CARTESIAN_POINT('',(1.004440102970E0,7.899999289773E-1,-1.62E1));
#1864=CARTESIAN_POINT('',(1.010839482974E0,7.903633029316E-1,
-1.614443842227E1));
#1865=CARTESIAN_POINT('',(1.006835096907E0,7.901363145026E-1,
-1.562718030453E1));
#1866=CARTESIAN_POINT('',(2.937480445921E-1,7.496449712112E-1,
-1.564283858109E1));
#1867=CARTESIAN_POINT('',(2.819120816431E-1,7.489729194994E-1,
-1.509905318488E1));
#1868=CARTESIAN_POINT('',(3.000000009425E-1,7.500000000535E-1,
-1.499999998975E1));
#1870=DIRECTION('',(1.E0,-5.124873816597E-10,-9.812711615541E-8));
#1871=VECTOR('',#1870,1.766760353788E-2);
#1872=CARTESIAN_POINT('',(-3.000000001595E-1,7.500000000091E-1,
-1.499999999827E1));
#1873=LINE('',#1872,#1871);
#1874=DIRECTION('',(1.E0,0.E0,0.E0));
#1875=VECTOR('',#1874,5.641766531006E-1);
#1876=CARTESIAN_POINT('',(-2.823323966216E-1,7.5E-1,-1.5E1));
#1877=LINE('',#1876,#1875);
#1878=DIRECTION('',(9.999999999998E-1,2.947660380554E-9,5.644195980998E-7));
#1879=VECTOR('',#1878,1.815574446347E-2);
#1880=CARTESIAN_POINT('',(2.818442564790E-1,7.5E-1,-1.5E1));
#1881=LINE('',#1880,#1879);
#1882=DIRECTION('',(-5.186698361521E-9,4.844063765711E-10,1.E0));
#1883=VECTOR('',#1882,2.000000112743E0);
#1884=CARTESIAN_POINT('',(3.000000009425E-1,7.500000000535E-1,
-1.499999998975E1));
#1885=LINE('',#1884,#1883);
#1886=DIRECTION('',(-1.E0,-1.704702332024E-9,-2.051187015454E-7));
#1887=VECTOR('',#1886,5.999999905736E-1);
#1888=CARTESIAN_POINT('',(2.999999905691E-1,7.500000010223E-1,
-1.299999987701E1));
#1889=LINE('',#1888,#1887);
#1890=DIRECTION('',(-1.240235243477E-1,-1.344438439508E-2,-9.921881948182E-1));
#1891=VECTOR('',#1890,1.209447972016E0);
#1892=CARTESIAN_POINT('',(-1.5E-1,7.662602834411E-1,-1.18E1));
#1893=LINE('',#1892,#1891);
#1894=CARTESIAN_POINT('',(-2.322323136809E-1,7.896452596819E-1,
-1.179997583963E1));
#1895=CARTESIAN_POINT('',(-2.015370232609E-1,7.788571887729E-1,
-1.179997583963E1));
#1896=CARTESIAN_POINT('',(-1.729865433137E-1,7.713031110165E-1,-1.18E1));
#1897=CARTESIAN_POINT('',(-1.5E-1,7.662602834411E-1,-1.18E1));
#1899=CARTESIAN_POINT('',(-1.5E-1,7.662602834411E-1,-1.18E1));
#1900=CARTESIAN_POINT('',(-1.173521496120E-1,7.590979416324E-1,-1.18E1));
#1901=CARTESIAN_POINT('',(-6.268082411496E-2,7.515990967756E-1,-1.18E1));
#1902=CARTESIAN_POINT('',(3.876110823419E-3,7.490460310739E-1,-1.18E1));
#1903=CARTESIAN_POINT('',(6.856818818329E-2,7.522712565944E-1,-1.18E1));
#1904=CARTESIAN_POINT('',(1.196007144125E-1,7.595912356622E-1,-1.18E1));
#1905=CARTESIAN_POINT('',(1.5E-1,7.662602834411E-1,-1.18E1));
#1907=CARTESIAN_POINT('',(1.5E-1,7.662602834411E-1,-1.18E1));
#1908=CARTESIAN_POINT('',(1.631453529654E-1,7.691441336798E-1,-1.18E1));
#1909=CARTESIAN_POINT('',(1.900141083352E-1,7.758524967574E-1,
-1.179996597384E1));
#1910=CARTESIAN_POINT('',(2.180085092804E-1,7.846329792277E-1,
-1.180006805232E1));
#1911=CARTESIAN_POINT('',(2.322503972095E-1,7.896522600622E-1,
-1.180006805232E1));
#1913=DIRECTION('',(6.618923139212E-1,7.495988994077E-1,-2.340484532881E-4));
#1914=VECTOR('',#1913,2.962326867778E-1);
#1915=CARTESIAN_POINT('',(3.617625869904E-2,5.675965640850E-1,
-1.179999871952E1));
#1916=LINE('',#1915,#1914);
#1917=DIRECTION('',(2.551724011222E-1,6.265468637259E-2,-9.648634286681E-1));
#1918=VECTOR('',#1917,5.182785847871E-1);
#1919=CARTESIAN_POINT('',(1.000000062792E-1,7.571796778788E-1,-1.13E1));
#1920=LINE('',#1919,#1918);
#1921=CARTESIAN_POINT('',(0.E0,1.45E0,-1.13E1));
#1922=DIRECTION('',(0.E0,0.E0,-1.E0));
#1923=DIRECTION('',(1.428571697678E-1,-9.897433147266E-1,0.E0));
#1924=AXIS2_PLACEMENT_3D('',#1921,#1922,#1923);
#1926=CARTESIAN_POINT('',(0.E0,1.45E0,-1.13E1));
#1927=DIRECTION('',(0.E0,0.E0,-1.E0));
#1928=DIRECTION('',(1.338896662592E-1,-9.909962448309E-1,0.E0));
#1929=AXIS2_PLACEMENT_3D('',#1926,#1927,#1928);
#1931=CARTESIAN_POINT('',(-3.618003429854E-2,5.676009745755E-1,
-1.179999839094E1));
#1932=CARTESIAN_POINT('',(-3.118376854322E-2,5.619425827745E-1,
-1.179999839094E1));
#1933=CARTESIAN_POINT('',(-2.003465833832E-2,5.538517806114E-1,
-1.180000079280E1));
#1934=CARTESIAN_POINT('',(-1.553228611238E-5,5.493503083553E-1,
-1.179999963881E1));
#1935=CARTESIAN_POINT('',(2.001360082849E-2,5.538394015968E-1,
-1.180000065197E1));
#1936=CARTESIAN_POINT('',(3.117945487280E-2,5.619375508359E-1,
-1.179999871952E1));
#1937=CARTESIAN_POINT('',(3.617625869904E-2,5.675965640850E-1,
-1.179999871952E1));
#1939=CARTESIAN_POINT('',(3.617625869904E-2,5.675965640850E-1,
-1.179999871952E1));
#1940=CARTESIAN_POINT('',(3.573963796194E-2,5.797539917769E-1,
-1.176926853169E1));
#1941=CARTESIAN_POINT('',(3.473136885879E-2,6.029172842153E-1,
-1.170987330063E1));
#1942=CARTESIAN_POINT('',(3.277759334521E-2,6.341932264712E-1,
-1.162717129533E1));
#1943=CARTESIAN_POINT('',(3.008604275934E-2,6.621262272765E-1,
-1.155029676521E1));
#1944=CARTESIAN_POINT('',(2.626758681639E-2,6.868935674697E-1,
-1.147893499571E1));
#1945=CARTESIAN_POINT('',(2.064397864335E-2,7.088637361171E-1,
-1.141289246871E1));
#1946=CARTESIAN_POINT('',(1.223401161237E-2,7.288998187753E-1,
-1.135255821357E1));
#1947=CARTESIAN_POINT('',(4.267969146035E-3,7.425415038E-1,-1.131667503631E1));
#1948=CARTESIAN_POINT('',(0.E0,7.5E-1,-1.13E1));
#1950=CARTESIAN_POINT('',(-3.618003429854E-2,5.676009745755E-1,
-1.179999839094E1));
#1951=CARTESIAN_POINT('',(-3.574342593343E-2,5.797580201918E-1,
-1.176926916200E1));
#1952=CARTESIAN_POINT('',(-3.472961553948E-2,6.029156080772E-1,
-1.170987249663E1));
#1953=CARTESIAN_POINT('',(-3.277801142700E-2,6.341939293413E-1,
-1.162717086065E1));
#1954=CARTESIAN_POINT('',(-3.008600387341E-2,6.621262336674E-1,
-1.155029629279E1));
#1955=CARTESIAN_POINT('',(-2.626717240118E-2,6.868945759611E-1,
-1.147893244049E1));
#1956=CARTESIAN_POINT('',(-2.064476842370E-2,7.088632873960E-1,
-1.141289277737E1));
#1957=CARTESIAN_POINT('',(-1.223110916952E-2,7.289046425186E-1,
-1.135254792353E1));
#1958=CARTESIAN_POINT('',(-4.274894231374E-3,7.425294025685E-1,
-1.131670209116E1));
#1959=CARTESIAN_POINT('',(0.E0,7.5E-1,-1.13E1));
#1961=DIRECTION('',(6.618699772054E-1,-7.496186547024E-1,-7.613292920451E-5));
#1962=VECTOR('',#1961,2.962096576886E-1);
#1963=CARTESIAN_POINT('',(-2.322323136809E-1,7.896452596819E-1,
-1.179997583963E1));
#1964=LINE('',#1963,#1962);
#1965=CARTESIAN_POINT('',(0.E0,1.45E0,-1.13E1));
#1966=DIRECTION('',(0.E0,0.E0,-1.E0));
#1967=DIRECTION('',(0.E0,-1.E0,0.E0));
#1968=AXIS2_PLACEMENT_3D('',#1965,#1966,#1967);
#1970=CARTESIAN_POINT('',(0.E0,1.45E0,-1.13E1));
#1971=DIRECTION('',(0.E0,0.E0,-1.E0));
#1972=DIRECTION('',(-1.338896662592E-1,-9.909962448309E-1,0.E0));
#1973=AXIS2_PLACEMENT_3D('',#1970,#1971,#1972);
#1975=CARTESIAN_POINT('',(-6.982120021884E-1,1.4E0,-1.18E1));
#1976=CARTESIAN_POINT('',(-6.977538084941E-1,1.393601673265E0,-1.18E1));
#1977=CARTESIAN_POINT('',(-6.965247494807E-1,1.380115238488E0,
-1.179898343108E1));
#1978=CARTESIAN_POINT('',(-6.952920783328E-1,1.367702865273E0,
-1.179998743829E1));
#1979=CARTESIAN_POINT('',(-6.920962792099E-1,1.344682926511E0,
-1.180045455535E1));
#1980=CARTESIAN_POINT('',(-6.907404206237E-1,1.336063117260E0,
-1.180103647892E1));
#1982=CARTESIAN_POINT('',(-6.907404206237E-1,1.336063117260E0,
-1.180103647892E1));
#1983=CARTESIAN_POINT('',(-6.852796223642E-1,1.302839654987E0,
-1.180036623866E1));
#1984=CARTESIAN_POINT('',(-6.713884412050E-1,1.245538702310E0,
-1.179995432856E1));
#1985=CARTESIAN_POINT('',(-6.386524041462E-1,1.158226660492E0,
-1.180050351928E1));
#1986=CARTESIAN_POINT('',(-5.935598935543E-1,1.074848088265E0,
-1.179973235488E1));
#1987=CARTESIAN_POINT('',(-5.549230649182E-1,1.021993829071E0,
-1.180277172438E1));
#1988=CARTESIAN_POINT('',(-5.335036288263E-1,9.967770124680E-1,
-1.180262644710E1));
#1990=CARTESIAN_POINT('',(-5.335036288263E-1,9.967770124680E-1,
-1.180262644710E1));
#1991=CARTESIAN_POINT('',(-5.297364256222E-1,9.923473827710E-1,
-1.180058805625E1));
#1992=CARTESIAN_POINT('',(-5.221920676927E-1,9.837381038931E-1,
-1.179763984413E1));
#1993=CARTESIAN_POINT('',(-5.140180094920E-1,9.748016188058E-1,
-1.179978150071E1));
#1994=CARTESIAN_POINT('',(-5.100193545301E-1,9.705412086516E-1,
-1.180001511439E1));
#1996=CARTESIAN_POINT('',(-5.100193545301E-1,9.705412086516E-1,
-1.180001511439E1));
#1997=CARTESIAN_POINT('',(-4.961345105624E-1,9.557473549760E-1,
-1.180084990740E1));
#1998=CARTESIAN_POINT('',(-4.683792558286E-1,9.287001431601E-1,
-1.179937737612E1));
#1999=CARTESIAN_POINT('',(-4.239791837231E-1,8.921656626706E-1,
-1.180083988608E1));
#2000=CARTESIAN_POINT('',(-3.832372903501E-1,8.634277907819E-1,
-1.180079259239E1));
#2001=CARTESIAN_POINT('',(-3.347792929559E-1,8.344020697356E-1,
-1.179966286113E1));
#2002=CARTESIAN_POINT('',(-2.862268937013E-1,8.103597318056E-1,
-1.180205436994E1));
#2003=CARTESIAN_POINT('',(-2.506108368420E-1,7.961114026688E-1,
-1.179986639391E1));
#2004=CARTESIAN_POINT('',(-2.322323136809E-1,7.896452596819E-1,
-1.179997583963E1));
#2006=DIRECTION('',(-2.551838048218E-1,6.265254575874E-2,-9.648605517206E-1));
#2007=VECTOR('',#2006,5.181845591421E-1);
#2008=CARTESIAN_POINT('',(-1.000000062792E-1,7.571796778788E-1,-1.13E1));
#2009=LINE('',#2008,#2007);
#2010=CARTESIAN_POINT('',(0.E0,1.45E0,-1.13E1));
#2011=DIRECTION('',(0.E0,0.E0,-1.E0));
#2012=DIRECTION('',(-1.428571697678E-1,-9.897433147266E-1,0.E0));
#2013=AXIS2_PLACEMENT_3D('',#2010,#2011,#2012);
#2015=DIRECTION('',(1.254234139346E-2,-5.426745155908E-2,-9.984476618099E-1));
#2016=VECTOR('',#2015,1.201850523425E0);
#2017=CARTESIAN_POINT('',(-5.100193545301E-1,9.705412086516E-1,
-1.180001511439E1));
#2018=LINE('',#2017,#2016);
#2019=CARTESIAN_POINT('',(-4.949452913951E-1,9.053198235178E-1,
-1.500000050950E1));
#2020=CARTESIAN_POINT('',(-4.919722381168E-1,8.923480056294E-1,
-1.500000050663E1));
#2021=CARTESIAN_POINT('',(-4.834120013250E-1,8.668755625753E-1,
-1.499969782917E1));
#2022=CARTESIAN_POINT('',(-4.628177996832E-1,8.314629004673E-1,
-1.499995872288E1));
#2023=CARTESIAN_POINT('',(-4.355673463182E-1,8.011468713983E-1,
-1.499958790442E1));
#2024=CARTESIAN_POINT('',(-4.034967558597E-1,7.772749212503E-1,
-1.499969369666E1));
#2025=CARTESIAN_POINT('',(-3.660113929382E-1,7.596666551220E-1,
-1.499901001174E1));
#2026=CARTESIAN_POINT('',(-3.387172589684E-1,7.532907591877E-1,
-1.500106124415E1));
#2027=CARTESIAN_POINT('',(-3.248237389627E-1,7.515528200845E-1,
-1.499997676631E1));
#2029=CARTESIAN_POINT('',(-3.248237389627E-1,7.515528200845E-1,
-1.499997676631E1));
#2030=CARTESIAN_POINT('',(-3.207111839412E-1,7.510383809659E-1,
-1.500086832621E1));
#2031=CARTESIAN_POINT('',(-3.124052378593E-1,7.502555243509E-1,
-1.500220566481E1));
#2032=CARTESIAN_POINT('',(-3.042446617880E-1,7.500000000091E-1,
-1.499999999909E1));
#2033=CARTESIAN_POINT('',(-3.000000001595E-1,7.500000000091E-1,
-1.499999999827E1));
#2035=DIRECTION('',(7.745526449476E-11,-4.773126342950E-12,1.E0));
#2036=VECTOR('',#2035,1.999999998185E0);
#2037=CARTESIAN_POINT('',(-3.000000001595E-1,7.500000000091E-1,
-1.499999999827E1));
#2038=LINE('',#2037,#2036);
#2039=CARTESIAN_POINT('',(-3.000000000045E-1,7.499999999995E-1,
-1.300000000008E1));
#2040=CARTESIAN_POINT('',(-3.242713544887E-1,7.499999999995E-1,
-1.300000000004E1));
#2041=CARTESIAN_POINT('',(-3.715793156160E-1,7.590541021438E-1,
-1.300032761684E1));
#2042=CARTESIAN_POINT('',(-4.295959436478E-1,7.929208096423E-1,
-1.299838305222E1));
#2043=CARTESIAN_POINT('',(-4.737035157382E-1,8.436205497416E-1,
-1.300201688438E1));
#2044=CARTESIAN_POINT('',(-4.901952390932E-1,8.845945589628E-1,
-1.299698163779E1));
#2045=CARTESIAN_POINT('',(-4.949453349614E-1,9.053198435904E-1,
-1.299999995935E1));
#2047=DIRECTION('',(-7.335358544130E-2,-2.522820576979E-1,-9.648694289211E-1));
#2048=VECTOR('',#2047,5.182048316725E-1);
#2049=CARTESIAN_POINT('',(-6.499999974327E-1,1.709807627558E0,-1.13E1));
#2050=LINE('',#2049,#2048);
#2051=CARTESIAN_POINT('',(0.E0,1.45E0,-1.13E1));
#2052=DIRECTION('',(0.E0,0.E0,-1.E0));
#2053=DIRECTION('',(-9.285714175688E-1,3.711537720060E-1,0.E0));
#2054=AXIS2_PLACEMENT_3D('',#2051,#2052,#2053);
#2056=CARTESIAN_POINT('',(0.E0,1.45E0,-1.13E1));
#2057=DIRECTION('',(0.E0,0.E0,-1.E0));
#2058=DIRECTION('',(-9.251071010726E-1,3.797062700893E-1,0.E0));
#2059=AXIS2_PLACEMENT_3D('',#2056,#2057,#2058);
#2061=CARTESIAN_POINT('',(-7.461176842919E-1,1.922527173742E0,
-1.179999999315E1));
#2062=CARTESIAN_POINT('',(-7.358068635853E-1,1.916070033215E0,
-1.176926836760E1));
#2063=CARTESIAN_POINT('',(-7.162193036529E-1,1.903621557450E0,
-1.170987286525E1));
#2064=CARTESIAN_POINT('',(-6.901231229943E-1,1.886288920604E0,
-1.162717076176E1));
#2065=CARTESIAN_POINT('',(-6.672747978135E-1,1.869992315758E0,
-1.155029631913E1));
#2066=CARTESIAN_POINT('',(-6.477353370657E-1,1.854300699978E0,
-1.147893243317E1));
#2067=CARTESIAN_POINT('',(-6.315207718580E-1,1.838447263380E0,
-1.141289277856E1));
#2068=CARTESIAN_POINT('',(-6.183713614513E-1,1.821140127114E0,
-1.135254792300E1));
#2069=CARTESIAN_POINT('',(-6.105500639681E-1,1.807437463514E0,
-1.131670209117E1));
#2070=CARTESIAN_POINT('',(-6.062177839244E-1,1.799999997791E0,-1.13E1));
#2072=CARTESIAN_POINT('',(-7.461176842919E-1,1.922527173742E0,
-1.179999999315E1));
#2073=CARTESIAN_POINT('',(-7.532257356119E-1,1.921088281637E0,
-1.179999999315E1));
#2074=CARTESIAN_POINT('',(-7.655714001452E-1,1.915794183672E0,
-1.180000000342E1));
#2075=CARTESIAN_POINT('',(-7.800950778581E-1,1.900388107378E0,
-1.179999999830E1));
#2076=CARTESIAN_POINT('',(-7.861752880167E-1,1.880107237790E0,
-1.180000000336E1));
#2077=CARTESIAN_POINT('',(-7.845872925942E-1,1.866768498781E0,
-1.179999999328E1));
#2078=CARTESIAN_POINT('',(-7.822793782508E-1,1.859893282437E0,
-1.179999999328E1));
#2080=CARTESIAN_POINT('',(-7.822793782508E-1,1.859893282437E0,
-1.179999999328E1));
#2081=CARTESIAN_POINT('',(-7.715317549426E-1,1.854192332732E0,
-1.176926789696E1));
#2082=CARTESIAN_POINT('',(-7.509576863146E-1,1.843453473987E0,
-1.170987359514E1));
#2083=CARTESIAN_POINT('',(-7.228990308838E-1,1.829519740245E0,
-1.162717121630E1));
#2084=CARTESIAN_POINT('',(-6.973614974065E-1,1.817880917134E0,
-1.155029678625E1));
#2085=CARTESIAN_POINT('',(-6.740034102540E-1,1.808805004270E0,
-1.147893498980E1));
#2086=CARTESIAN_POINT('',(-6.521648051184E-1,1.802689871758E0,
-1.141289246955E1));
#2087=CARTESIAN_POINT('',(-6.306080854794E-1,1.799955141067E0,
-1.135255821314E1));
#2088=CARTESIAN_POINT('',(-6.148110156849E-1,1.800033076188E0,
-1.131667503632E1));
#2089=CARTESIAN_POINT('',(-6.062177839244E-1,1.799999997791E0,-1.13E1));
#2091=CARTESIAN_POINT('',(0.E0,1.45E0,-1.13E1));
#2092=DIRECTION('',(0.E0,0.E0,-1.E0));
#2093=DIRECTION('',(-8.660254110720E-1,4.999999873776E-1,0.E0));
#2094=AXIS2_PLACEMENT_3D('',#2091,#2092,#2093);
#2096=CARTESIAN_POINT('',(0.E0,1.45E0,-1.13E1));
#2097=DIRECTION('',(0.E0,0.E0,-1.E0));
#2098=DIRECTION('',(-7.912830899489E-1,6.114499747002E-1,0.E0));
#2099=AXIS2_PLACEMENT_3D('',#2096,#2097,#2098);
#2101=DIRECTION('',(4.442226643296E-1,1.160704970703E-1,-8.883658391709E-1));
#2102=VECTOR('',#2101,5.628292495645E-1);
#2103=CARTESIAN_POINT('',(1.000000019967E-1,5.555728092248E-1,
-1.130000000002E1));
#2104=LINE('',#2103,#2102);
#2105=DIRECTION('',(1.304671702556E-2,-4.933136117614E-1,-8.697536798575E-1));
#2106=VECTOR('',#2105,5.748749712495E-1);
#2107=CARTESIAN_POINT('',(2.998002546724E-2,5.504993834744E-1,
-1.130000037830E1));
#2108=LINE('',#2107,#2106);
#2109=DIRECTION('',(4.337385623726E-1,2.353707879192E-1,-8.697536730047E-1));
#2110=VECTOR('',#2109,5.748751400570E-1);
#2111=CARTESIAN_POINT('',(7.939842999575E-1,1.873779463476E0,
-1.130000023542E1));
#2112=LINE('',#2111,#2110);
#2113=DIRECTION('',(4.206991382521E-1,2.579549855534E-1,-8.697536780618E-1));
#2114=VECTOR('',#2113,5.748749732819E-1);
#2115=CARTESIAN_POINT('',(7.640001543450E-1,1.925714121330E0,
-1.130000037756E1));
#2116=LINE('',#2115,#2114);
#2117=DIRECTION('',(-3.225330852009E-1,3.266987825556E-1,-8.883919824197E-1));
#2118=VECTOR('',#2117,5.628146244845E-1);
#2119=CARTESIAN_POINT('',(7.245966680484E-1,1.983816137495E0,
-1.130000000002E1));
#2120=LINE('',#2119,#2118);
#2121=CARTESIAN_POINT('',(5.E-2,2.348610037781E0,-1.18E1));
#2122=CARTESIAN_POINT('',(4.943486868845E-2,2.348611759503E0,
-1.174603590766E1));
#2123=CARTESIAN_POINT('',(4.829349517432E-2,2.348652814302E0,
-1.163704674982E1));
#2124=CARTESIAN_POINT('',(4.654810255415E-2,2.348760999222E0,
-1.147038012455E1));
#2125=CARTESIAN_POINT('',(4.536228511486E-2,2.348844204284E0,
-1.135714703962E1));
#2126=CARTESIAN_POINT('',(4.476382083885E-2,2.348886088636E0,-1.13E1));
#2128=CARTESIAN_POINT('',(-4.476382083885E-2,2.348886088636E0,-1.13E1));
#2129=CARTESIAN_POINT('',(-4.536231617653E-2,2.348844202110E0,
-1.135715000569E1));
#2130=CARTESIAN_POINT('',(-4.654817503115E-2,2.348760994183E0,
-1.147038704534E1));
#2131=CARTESIAN_POINT('',(-4.829356763168E-2,2.348652810569E0,
-1.163705366873E1));
#2132=CARTESIAN_POINT('',(-4.943489974151E-2,2.348611759408E0,
-1.174603887290E1));
#2133=CARTESIAN_POINT('',(-5.E-2,2.348610037781E0,-1.18E1));
#2135=DIRECTION('',(3.225330891523E-1,3.266987883658E-1,-8.883919788484E-1));
#2136=VECTOR('',#2135,5.628146268015E-1);
#2137=CARTESIAN_POINT('',(-7.245966710197E-1,1.983816133468E0,
-1.129999999997E1));
#2138=LINE('',#2137,#2136);
#2139=DIRECTION('',(-4.207063628332E-1,2.579432196559E-1,-8.697536730047E-1));
#2140=VECTOR('',#2139,5.748751400570E-1);
#2141=CARTESIAN_POINT('',(-7.639959309508E-1,1.925720842231E0,
-1.130000023542E1));
#2142=LINE('',#2141,#2140);
#2143=DIRECTION('',(-4.337451396481E-1,2.353586482998E-1,-8.697536780618E-1));
#2144=VECTOR('',#2143,5.748749732819E-1);
#2145=CARTESIAN_POINT('',(-7.939805911832E-1,1.873786481493E0,
-1.130000037756E1));
#2146=LINE('',#2145,#2144);
#2147=DIRECTION('',(-1.216629024782E-1,-4.426712366229E-1,-8.883919824196E-1));
#2148=VECTOR('',#2147,5.628146244846E-1);
#2149=CARTESIAN_POINT('',(-8.245966700453E-1,1.810611053280E0,
-1.130000000002E1));
#2150=LINE('',#2149,#2148);
#2151=CARTESIAN_POINT('',(0.E0,1.35E0,-1.675E1));
#2152=DIRECTION('',(0.E0,0.E0,1.E0));
#2153=DIRECTION('',(-7.407407407407E-1,-6.717910054525E-1,0.E0));
#2154=AXIS2_PLACEMENT_3D('',#2151,#2152,#2153);
#2156=DIRECTION('',(0.E0,1.E0,0.E0));
#2157=VECTOR('',#2156,1.159532563830E-1);
#2158=CARTESIAN_POINT('',(-1.E0,4.430821426391E-1,-1.675E1));
#2159=LINE('',#2158,#2157);
#2160=CARTESIAN_POINT('',(-1.E0,4.430821426391E-1,-1.675E1));
#2161=CARTESIAN_POINT('',(-9.411555109662E-1,3.781981087036E-1,
-1.664384173165E1));
#2162=CARTESIAN_POINT('',(-8.801305870190E-1,3.233265933264E-1,
-1.653374985459E1));
#2163=CARTESIAN_POINT('',(-8.175303292066E-1,2.756889831956E-1,-1.6420816E1));
#2165=DIRECTION('',(0.E0,1.E0,0.E0));
#2166=VECTOR('',#2165,9.590968768260E-2);
#2167=CARTESIAN_POINT('',(-8.175303292066E-1,2.756889831956E-1,-1.6420816E1));
#2168=LINE('',#2167,#2166);
#2169=DIRECTION('',(0.E0,1.E0,0.E0));
#2170=VECTOR('',#2169,8.323081930848E-2);
#2171=CARTESIAN_POINT('',(-5.688055163614E-1,1.256796642395E-1,-1.6420816E1));
#2172=LINE('',#2171,#2170);
#2173=CARTESIAN_POINT('',(0.E0,1.35E0,-1.6420816E1));
#2174=DIRECTION('',(0.E0,0.E0,1.E0));
#2175=DIRECTION('',(-6.055780216345E-1,-7.957859383737E-1,0.E0));
#2176=AXIS2_PLACEMENT_3D('',#2173,#2174,#2175);
#2178=CARTESIAN_POINT('',(-5.688055163614E-1,1.256796642395E-1,-1.6420816E1));
#2179=CARTESIAN_POINT('',(-5.084280757182E-1,9.762898150674E-2,
-1.652973978626E1));
#2180=CARTESIAN_POINT('',(-4.475871040057E-1,7.475407919800E-2,
-1.663949980471E1));
#2181=CARTESIAN_POINT('',(-3.863358455680E-1,5.646043182697E-2,-1.675E1));
#2183=DIRECTION('',(0.E0,1.E0,0.E0));
#2184=VECTOR('',#2183,7.848005751963E-2);
#2185=CARTESIAN_POINT('',(-3.863358455680E-1,5.646043182697E-2,-1.675E1));
#2186=LINE('',#2185,#2184);
#2187=CARTESIAN_POINT('',(0.E0,1.35E0,-1.675E1));
#2188=DIRECTION('',(0.E0,0.E0,1.E0));
#2189=DIRECTION('',(-4.394025372207E-1,-8.982902706163E-1,0.E0));
#2190=AXIS2_PLACEMENT_3D('',#2187,#2188,#2189);
#2192=DIRECTION('',(0.E0,1.E0,0.E0));
#2193=VECTOR('',#2192,8.408805520091E-2);
#2194=CARTESIAN_POINT('',(-5.931934252480E-1,1.373081346679E-1,-1.675E1));
#2195=LINE('',#2194,#2193);
#2196=CARTESIAN_POINT('',(-6.097903307633E-1,1.455682864905E-1,
-1.671504954717E1));
#2197=CARTESIAN_POINT('',(-6.042621914960E-1,1.427694512933E-1,
-1.672669093240E1));
#2198=CARTESIAN_POINT('',(-5.987298675140E-1,1.400163091394E-1,
-1.673834112997E1));
#2199=CARTESIAN_POINT('',(-5.931934252480E-1,1.373081346679E-1,-1.675E1));
#2201=DIRECTION('',(0.E0,1.E0,0.E0));
#2202=VECTOR('',#2201,8.470819740946E-2);
#2203=CARTESIAN_POINT('',(-6.097903307633E-1,1.455682864905E-1,
-1.671504954717E1));
#2204=LINE('',#2203,#2202);
#2205=CARTESIAN_POINT('',(0.E0,1.35E0,-1.671504954717E1));
#2206=DIRECTION('',(0.E0,0.E0,1.E0));
#2207=DIRECTION('',(-5.754405603766E-1,-8.178436045317E-1,0.E0));
#2208=AXIS2_PLACEMENT_3D('',#2205,#2206,#2207);
#2210=DIRECTION('',(0.E0,1.E0,0.E0));
#2211=VECTOR('',#2210,9.308084226967E-2);
#2212=CARTESIAN_POINT('',(-7.768447565085E-1,2.459111338822E-1,
-1.671504954717E1));
#2213=LINE('',#2212,#2211);
#2214=CARTESIAN_POINT('',(-7.931424203200E-1,2.575600240338E-1,-1.675E1));
#2215=CARTESIAN_POINT('',(-7.877170191951E-1,2.536210288725E-1,
-1.673836518974E1));
#2216=CARTESIAN_POINT('',(-7.822844077079E-1,2.497385110447E-1,
-1.672671491681E1));
#2217=CARTESIAN_POINT('',(-7.768447565085E-1,2.459111338822E-1,
-1.671504954717E1));
#2219=DIRECTION('',(0.E0,1.E0,0.E0));
#2220=VECTOR('',#2219,9.416641571880E-2);
#2221=CARTESIAN_POINT('',(-7.931424203200E-1,2.575600240338E-1,-1.675E1));
#2222=LINE('',#2221,#2220);
#2223=CARTESIAN_POINT('',(0.E0,1.35E0,-1.675E1));
#2224=DIRECTION('',(0.E0,0.E0,1.E0));
#2225=DIRECTION('',(-7.843137254902E-1,-6.203643929238E-1,0.E0));
#2226=AXIS2_PLACEMENT_3D('',#2223,#2224,#2225);
#2228=CARTESIAN_POINT('',(-8.175303292066E-1,3.715986708782E-1,-1.6420816E1));
#2229=CARTESIAN_POINT('',(-8.807214555554E-1,4.243997666956E-1,
-1.653481580964E1));
#2230=CARTESIAN_POINT('',(-9.418711598965E-1,4.855443223903E-1,
-1.664513279649E1));
#2231=CARTESIAN_POINT('',(-1.E0,5.590353990222E-1,-1.675E1));
#2233=CARTESIAN_POINT('',(0.E0,1.35E0,-1.6420816E1));
#2234=DIRECTION('',(0.E0,0.E0,-1.E0));
#2235=DIRECTION('',(-4.461219736168E-1,-8.949721697663E-1,0.E0));
#2236=AXIS2_PLACEMENT_3D('',#2233,#2234,#2235);
#2238=CARTESIAN_POINT('',(-3.863358455680E-1,1.349404893466E-1,-1.675E1));
#2239=CARTESIAN_POINT('',(-4.476532844237E-1,1.544367563036E-1,
-1.663938041207E1));
#2240=CARTESIAN_POINT('',(-5.084998614753E-1,1.788495736259E-1,
-1.652961028133E1));
#2241=CARTESIAN_POINT('',(-5.688055163614E-1,2.089104835479E-1,-1.6420816E1));
#2243=CARTESIAN_POINT('',(0.E0,1.35E0,-1.675E1));
#2244=DIRECTION('',(0.E0,0.E0,1.E0));
#2245=DIRECTION('',(-4.652497452926E-1,-8.851794589264E-1,0.E0));
#2246=AXIS2_PLACEMENT_3D('',#2243,#2244,#2245);
#2248=CARTESIAN_POINT('',(-6.097903307633E-1,2.302764838999E-1,
-1.671504954717E1));
#2249=CARTESIAN_POINT('',(-6.042629573081E-1,2.272663310907E-1,
-1.672668931972E1));
#2250=CARTESIAN_POINT('',(-5.987306253841E-1,2.243065386427E-1,
-1.673833953402E1));
#2251=CARTESIAN_POINT('',(-5.931934252480E-1,2.213961898689E-1,-1.675E1));
#2253=CARTESIAN_POINT('',(0.E0,1.35E0,-1.671504954717E1));
#2254=DIRECTION('',(0.E0,0.E0,1.E0));
#2255=DIRECTION('',(-6.092900051047E-1,-7.929474696848E-1,0.E0));
#2256=AXIS2_PLACEMENT_3D('',#2253,#2254,#2255);
#2258=CARTESIAN_POINT('',(-7.931424203200E-1,3.517264397526E-1,-1.675E1));
#2259=CARTESIAN_POINT('',(-7.877188386693E-1,3.474173276530E-1,
-1.673836909162E1));
#2260=CARTESIAN_POINT('',(-7.822862002233E-1,3.431731071795E-1,
-1.672671876087E1));
#2261=CARTESIAN_POINT('',(-7.768447565085E-1,3.389919761519E-1,
-1.671504954717E1));
#2263=CARTESIAN_POINT('',(-6.940773902004E-1,2.804760047514E-1,
-1.653755435733E1));
#2264=CARTESIAN_POINT('',(-6.791510159364E-1,2.707893974940E-1,
-1.656898693608E1));
#2265=CARTESIAN_POINT('',(-6.641775030415E-1,2.615158661616E-1,
-1.660051878132E1));
#2266=CARTESIAN_POINT('',(-6.491595418711E-1,2.526318351630E-1,
-1.663214422758E1));
#2268=CARTESIAN_POINT('',(-7.381853710846E-1,3.104292434295E-1,
-1.663214422758E1));
#2269=CARTESIAN_POINT('',(-7.235336279412E-1,3.000252354473E-1,
-1.660072346302E1));
#2270=CARTESIAN_POINT('',(-7.088298819657E-1,2.900497693690E-1,
-1.656919117801E1));
#2271=CARTESIAN_POINT('',(-6.940773902004E-1,2.804760047514E-1,
-1.653755435733E1));
#2273=CARTESIAN_POINT('',(0.E0,1.35E0,-1.663214422758E1));
#2274=DIRECTION('',(0.E0,0.E0,-1.E0));
#2275=DIRECTION('',(-5.091447387224E-1,-8.606809135976E-1,0.E0));
#2276=AXIS2_PLACEMENT_3D('',#2273,#2274,#2275);
#2278=CARTESIAN_POINT('',(0.E0,1.35E0,-1.6420816E1));
#2279=DIRECTION('',(0.E0,0.E0,-1.E0));
#2280=DIRECTION('',(2.618079827075E-1,-9.651199822772E-1,0.E0));
#2281=AXIS2_PLACEMENT_3D('',#2278,#2279,#2280);
#2283=DIRECTION('',(0.E0,0.E0,1.E0));
#2284=VECTOR('',#2283,3.29184E-1);
#2285=CARTESIAN_POINT('',(3.338051779520E-1,1.194720225966E-1,-1.675E1));
#2286=LINE('',#2285,#2284);
#2287=CARTESIAN_POINT('',(0.E0,1.35E0,-1.675E1));
#2288=DIRECTION('',(0.E0,0.E0,1.E0));
#2289=DIRECTION('',(1.198070415310E-1,-9.927971962086E-1,0.E0));
#2290=AXIS2_PLACEMENT_3D('',#2287,#2288,#2289);
#2292=DIRECTION('',(0.E0,0.E0,-1.E0));
#2293=VECTOR('',#2292,2.124456426720E-1);
#2294=CARTESIAN_POINT('',(1.527539779520E-1,8.418357483408E-2,
-1.653755435733E1));
#2295=LINE('',#2294,#2293);
#2296=CARTESIAN_POINT('',(6.293974457600E-2,7.655444225020E-2,-1.675E1));
#2297=CARTESIAN_POINT('',(9.289152419781E-2,7.803480185216E-2,
-1.667915237561E1));
#2298=CARTESIAN_POINT('',(1.228296719275E-1,8.057242183288E-2,
-1.660833699596E1));
#2299=CARTESIAN_POINT('',(1.527539779520E-1,8.418357483408E-2,
-1.653755435733E1));
#2301=CARTESIAN_POINT('',(0.E0,1.35E0,-1.675E1));
#2302=DIRECTION('',(0.E0,0.E0,1.E0));
#2303=DIRECTION('',(-8.243663711373E-2,-9.965963078706E-1,0.E0));
#2304=AXIS2_PLACEMENT_3D('',#2301,#2302,#2303);
#2306=CARTESIAN_POINT('',(-1.949212748800E-1,8.998781886874E-2,
-1.653755435733E1));
#2307=CARTESIAN_POINT('',(-1.650025051812E-1,8.535944715943E-2,
-1.660832364101E1));
#2308=CARTESIAN_POINT('',(-1.350641798453E-1,8.181773478626E-2,
-1.667913918122E1));
#2309=CARTESIAN_POINT('',(-1.051067123200E-1,7.933970746494E-2,-1.675E1));
#2311=DIRECTION('',(0.E0,0.E0,1.E0));
#2312=VECTOR('',#2311,2.124456426720E-1);
#2313=CARTESIAN_POINT('',(-1.949212748800E-1,8.998781886874E-2,-1.675E1));
#2314=LINE('',#2313,#2312);
#2315=CARTESIAN_POINT('',(0.E0,1.35E0,-1.675E1));
#2316=DIRECTION('',(0.E0,0.E0,1.E0));
#2317=DIRECTION('',(-2.948803724549E-1,-9.555341783217E-1,0.E0));
#2318=AXIS2_PLACEMENT_3D('',#2315,#2316,#2317);
#2320=DIRECTION('',(0.E0,0.E0,-1.E0));
#2321=VECTOR('',#2320,3.29184E-1);
#2322=CARTESIAN_POINT('',(-3.759724748800E-1,1.316939226399E-1,-1.6420816E1));
#2323=LINE('',#2322,#2321);
#2324=CARTESIAN_POINT('',(0.E0,1.35E0,-1.6420816E1));
#2325=DIRECTION('',(0.E0,0.E0,-1.E0));
#2326=DIRECTION('',(-7.048377243608E-2,-9.975129261434E-1,0.E0));
#2327=AXIS2_PLACEMENT_3D('',#2324,#2325,#2326);
#2329=CARTESIAN_POINT('',(-2.108364846400E-2,7.517433357833E-2,
-1.659106029850E1));
#2330=CARTESIAN_POINT('',(-4.401515967151E-2,7.555358537235E-2,
-1.653430281658E1));
#2331=CARTESIAN_POINT('',(-6.694288780976E-2,7.655122611736E-2,
-1.647755469809E1));
#2332=CARTESIAN_POINT('',(-8.986680985600E-2,7.817101916716E-2,-1.6420816E1));
#2334=CARTESIAN_POINT('',(4.769951292800E-2,7.589256478646E-2,-1.6420816E1));
#2335=CARTESIAN_POINT('',(2.477269994018E-2,7.503424014107E-2,
-1.647756185342E1));
#2336=CARTESIAN_POINT('',(1.844979036691E-3,7.479512947638E-2,
-1.653430995400E1));
#2337=CARTESIAN_POINT('',(-2.108364846400E-2,7.517433357833E-2,
-1.659106029850E1));
#2339=CARTESIAN_POINT('',(0.E0,1.35E0,-1.675E1));
#2340=DIRECTION('',(0.E0,0.E0,1.E0));
#2341=DIRECTION('',(3.005344793851E-1,-9.537709508581E-1,0.E0));
#2342=AXIS2_PLACEMENT_3D('',#2339,#2340,#2341);
#2344=DIRECTION('',(0.E0,0.E0,-1.E0));
#2345=VECTOR('',#2344,3.29184E-1);
#2346=CARTESIAN_POINT('',(3.831814612160E-1,1.339420376559E-1,-1.6420816E1));
#2347=LINE('',#2346,#2345);
#2348=CARTESIAN_POINT('',(0.E0,1.35E0,-1.6420816E1));
#2349=DIRECTION('',(0.E0,0.E0,-1.E0));
#2350=DIRECTION('',(5.628615962604E-1,-8.265511620312E-1,0.E0));
#2351=AXIS2_PLACEMENT_3D('',#2348,#2349,#2350);
#2353=CARTESIAN_POINT('',(9.366981027200E-1,4.850019281173E-1,
-1.653755435733E1));
#2354=CARTESIAN_POINT('',(9.366981027200E-1,4.850019281173E-1,
-1.652507245641E1));
#2355=CARTESIAN_POINT('',(9.332204718127E-1,4.811932884135E-1,
-1.650213125318E1));
#2356=CARTESIAN_POINT('',(9.143871382607E-1,4.612383232753E-1,
-1.647172767180E1));
#2357=CARTESIAN_POINT('',(8.874152665535E-1,4.341908009261E-1,
-1.645149545473E1));
#2358=CARTESIAN_POINT('',(8.542717399707E-1,4.030919482179E-1,
-1.643712948913E1));
#2359=CARTESIAN_POINT('',(8.151536164913E-1,3.691099547490E-1,
-1.642756375536E1));
#2360=CARTESIAN_POINT('',(7.701497731816E-1,3.332852491571E-1,
-1.642202788623E1));
#2361=CARTESIAN_POINT('',(7.358960033003E-1,3.085733582597E-1,-1.6420816E1));
#2362=CARTESIAN_POINT('',(7.176485352320E-1,2.961472684102E-1,-1.6420816E1));
#2364=CARTESIAN_POINT('',(7.176485352320E-1,2.961472684102E-1,
-1.665388650160E1));
#2365=CARTESIAN_POINT('',(7.358797953713E-1,3.085623210472E-1,
-1.665388650160E1));
#2366=CARTESIAN_POINT('',(7.701109609009E-1,3.332562137560E-1,
-1.665268205678E1));
#2367=CARTESIAN_POINT('',(8.151030204918E-1,3.690687516043E-1,
-1.664716696106E1));
#2368=CARTESIAN_POINT('',(8.542428192195E-1,4.030616703614E-1,
-1.663765595272E1));
#2369=CARTESIAN_POINT('',(8.876547919255E-1,4.344190865013E-1,
-1.662318023273E1));
#2370=CARTESIAN_POINT('',(9.146602696242E-1,4.615185409007E-1,
-1.660296494749E1));
#2371=CARTESIAN_POINT('',(9.335611029883E-1,4.815607450209E-1,
-1.657191373593E1));
#2372=CARTESIAN_POINT('',(9.366981027200E-1,4.850019281174E-1,
-1.654959301358E1));
#2373=CARTESIAN_POINT('',(9.366981027200E-1,4.850019281173E-1,
-1.653755435733E1));
#2375=CARTESIAN_POINT('',(0.E0,1.35E0,-1.665388650160E1));
#2376=DIRECTION('',(0.E0,0.E0,1.E0));
#2377=DIRECTION('',(4.431728756957E-1,-8.964361674138E-1,0.E0));
#2378=AXIS2_PLACEMENT_3D('',#2375,#2376,#2377);
#2380=DIRECTION('',(0.E0,0.E0,1.E0));
#2381=VECTOR('',#2380,9.61134984E-2);
#2382=CARTESIAN_POINT('',(5.650454165120E-1,2.070438865474E-1,-1.675E1));
#2383=LINE('',#2382,#2381);
#2384=DIRECTION('',(0.E0,0.E0,1.E0));
#2385=VECTOR('',#2384,4.897105776E-2);
#2386=CARTESIAN_POINT('',(5.650454165120E-1,2.070438865474E-1,
-1.656203988621E1));
#2387=LINE('',#2386,#2385);
#2388=CARTESIAN_POINT('',(0.E0,1.35E0,-1.656203988621E1));
#2389=DIRECTION('',(0.E0,0.E0,-1.E0));
#2390=DIRECTION('',(5.628615962604E-1,-8.265511620312E-1,0.E0));
#2391=AXIS2_PLACEMENT_3D('',#2388,#2389,#2390);
#2393=CARTESIAN_POINT('',(7.176485352320E-1,2.961472684102E-1,
-1.651306882845E1));
#2394=CARTESIAN_POINT('',(7.219059553529E-1,2.990464698090E-1,
-1.651306882845E1));
#2395=CARTESIAN_POINT('',(7.293439479910E-1,3.041841151932E-1,
-1.651510435615E1));
#2396=CARTESIAN_POINT('',(7.379118172479E-1,3.102247157251E-1,
-1.652241237751E1));
#2397=CARTESIAN_POINT('',(7.423209049963E-1,3.133779591788E-1,
-1.653227839214E1));
#2398=CARTESIAN_POINT('',(7.423146986436E-1,3.133734798091E-1,
-1.654286340731E1));
#2399=CARTESIAN_POINT('',(7.378888770849E-1,3.102084382406E-1,
-1.655272321940E1));
#2400=CARTESIAN_POINT('',(7.293353284698E-1,3.041781691348E-1,
-1.656000531491E1));
#2401=CARTESIAN_POINT('',(7.219024413618E-1,2.990440768650E-1,
-1.656203988621E1));
#2402=CARTESIAN_POINT('',(7.176485352320E-1,2.961472684102E-1,
-1.656203988621E1));
#2404=CARTESIAN_POINT('',(0.E0,1.35E0,-1.651306882845E1));
#2405=DIRECTION('',(0.E0,0.E0,1.E0));
#2406=DIRECTION('',(4.431728756957E-1,-8.964361674138E-1,0.E0));
#2407=AXIS2_PLACEMENT_3D('',#2404,#2405,#2406);
#2409=CARTESIAN_POINT('',(-6.940773902004E-1,1.920895645981E-1,
-1.653755435733E1));
#2410=CARTESIAN_POINT('',(-6.791431046413E-1,1.831376201053E-1,
-1.656900359601E1));
#2411=CARTESIAN_POINT('',(-6.641698449948E-1,1.745547683021E-1,
-1.660053490795E1));
#2412=CARTESIAN_POINT('',(-6.491595418711E-1,1.663227259098E-1,
-1.663214422758E1));
#2414=DIRECTION('',(0.E0,1.E0,0.E0));
#2415=VECTOR('',#2414,8.838644015326E-2);
#2416=CARTESIAN_POINT('',(-6.940773902004E-1,1.920895645981E-1,
-1.653755435733E1));
#2417=LINE('',#2416,#2415);
#2418=CARTESIAN_POINT('',(-7.381853710846E-1,2.196981120441E-1,
-1.663214422758E1));
#2419=CARTESIAN_POINT('',(-7.235243249557E-1,2.101231746823E-1,
-1.660070351270E1));
#2420=CARTESIAN_POINT('',(-7.088209009248E-1,2.009271543918E-1,
-1.656917191811E1));
#2421=CARTESIAN_POINT('',(-6.940773902004E-1,1.920895645981E-1,
-1.653755435733E1));
#2423=DIRECTION('',(0.E0,1.E0,0.E0));
#2424=VECTOR('',#2423,9.073113138535E-2);
#2425=CARTESIAN_POINT('',(-7.381853710846E-1,2.196981120441E-1,
-1.663214422758E1));
#2426=LINE('',#2425,#2424);
#2427=CARTESIAN_POINT('',(0.E0,1.35E0,-1.663214422758E1));
#2428=DIRECTION('',(0.E0,0.E0,1.E0));
#2429=DIRECTION('',(-5.468039785812E-1,-8.372606577451E-1,0.E0));
#2430=AXIS2_PLACEMENT_3D('',#2427,#2428,#2429);
#2432=DIRECTION('',(0.E0,1.E0,0.E0));
#2433=VECTOR('',#2432,8.630910925325E-2);
#2434=CARTESIAN_POINT('',(-6.491595418711E-1,1.663227259098E-1,
-1.663214422758E1));
#2435=LINE('',#2434,#2433);
#2436=DIRECTION('',(0.E0,1.E0,0.E0));
#2437=VECTOR('',#2436,7.755233479937E-2);
#2438=CARTESIAN_POINT('',(3.338051779520E-1,4.191968779725E-2,-1.6420816E1));
#2439=LINE('',#2438,#2437);
#2440=CARTESIAN_POINT('',(0.E0,1.35E0,-1.6420816E1));
#2441=DIRECTION('',(0.E0,0.E0,1.E0));
#2442=DIRECTION('',(3.533297253926E-2,-9.993755955853E-1,0.E0));
#2443=AXIS2_PLACEMENT_3D('',#2440,#2441,#2442);
#2445=DIRECTION('',(0.E0,0.E0,1.E0));
#2446=VECTOR('',#2445,3.29184E-1);
#2447=CARTESIAN_POINT('',(3.338051779520E-1,4.191968779725E-2,-1.675E1));
#2448=LINE('',#2447,#2446);
#2449=DIRECTION('',(0.E0,1.E0,0.E0));
#2450=VECTOR('',#2449,7.755233479937E-2);
#2451=CARTESIAN_POINT('',(3.338051779520E-1,4.191968779725E-2,-1.675E1));
#2452=LINE('',#2451,#2450);
#2453=CARTESIAN_POINT('',(0.E0,1.35E0,-1.675E1));
#2454=DIRECTION('',(0.E0,0.E0,1.E0));
#2455=DIRECTION('',(1.131510947793E-1,-9.935777925005E-1,0.E0));
#2456=AXIS2_PLACEMENT_3D('',#2453,#2454,#2455);
#2458=DIRECTION('',(0.E0,1.E0,0.E0));
#2459=VECTOR('',#2458,7.551359470981E-2);
#2460=CARTESIAN_POINT('',(1.527539779520E-1,8.669980124265E-3,-1.675E1));
#2461=LINE('',#2460,#2459);
#2462=DIRECTION('',(0.E0,0.E0,1.E0));
#2463=VECTOR('',#2462,2.124456426720E-1);
#2464=CARTESIAN_POINT('',(1.527539779520E-1,8.669980124265E-3,-1.675E1));
#2465=LINE('',#2464,#2463);
#2466=DIRECTION('',(0.E0,1.E0,0.E0));
#2467=VECTOR('',#2466,7.551359470981E-2);
#2468=CARTESIAN_POINT('',(1.527539779520E-1,8.669980124265E-3,
-1.653755435733E1));
#2469=LINE('',#2468,#2467);
#2470=CARTESIAN_POINT('',(6.293974457600E-2,1.467987568442E-3,-1.675E1));
#2471=CARTESIAN_POINT('',(9.289002675061E-2,2.865850646716E-3,
-1.667915591766E1));
#2472=CARTESIAN_POINT('',(1.228281600491E-1,5.261954015551E-3,
-1.660834057214E1));
#2473=CARTESIAN_POINT('',(1.527539779520E-1,8.669980124265E-3,
-1.653755435733E1));
#2475=DIRECTION('',(0.E0,1.E0,0.E0));
#2476=VECTOR('',#2475,7.508645468175E-2);
#2477=CARTESIAN_POINT('',(6.293974457600E-2,1.467987568442E-3,-1.675E1));
#2478=LINE('',#2477,#2476);
#2479=DIRECTION('',(0.E0,1.E0,0.E0));
#2480=VECTOR('',#2479,7.524185064820E-2);
#2481=CARTESIAN_POINT('',(-1.051067123200E-1,4.097856816744E-3,-1.675E1));
#2482=LINE('',#2481,#2480);
#2483=CARTESIAN_POINT('',(-1.949212748800E-1,1.414607961830E-2,
-1.653755435733E1));
#2484=CARTESIAN_POINT('',(-1.650003478873E-1,9.780164194449E-3,
-1.660832874383E1));
#2485=CARTESIAN_POINT('',(-1.350620512069E-1,6.437185275932E-3,
-1.667914421626E1));
#2486=CARTESIAN_POINT('',(-1.051067123200E-1,4.097856816744E-3,-1.675E1));
#2488=DIRECTION('',(0.E0,1.E0,0.E0));
#2489=VECTOR('',#2488,7.584173925044E-2);
#2490=CARTESIAN_POINT('',(-1.949212748800E-1,1.414607961830E-2,
-1.653755435733E1));
#2491=LINE('',#2490,#2489);
#2492=DIRECTION('',(0.E0,0.E0,1.E0));
#2493=VECTOR('',#2492,2.124456426720E-1);
#2494=CARTESIAN_POINT('',(-1.949212748800E-1,1.414607961830E-2,-1.675E1));
#2495=LINE('',#2494,#2493);
#2496=DIRECTION('',(0.E0,1.E0,0.E0));
#2497=VECTOR('',#2496,7.584173925044E-2);
#2498=CARTESIAN_POINT('',(-1.949212748800E-1,1.414607961830E-2,-1.675E1));
#2499=LINE('',#2498,#2497);
#2500=CARTESIAN_POINT('',(0.E0,1.35E0,-1.675E1));
#2501=DIRECTION('',(0.E0,0.E0,1.E0));
#2502=DIRECTION('',(-2.784981295407E-1,-9.604367713922E-1,0.E0));
#2503=AXIS2_PLACEMENT_3D('',#2500,#2501,#2502);
#2505=DIRECTION('',(0.E0,1.E0,0.E0));
#2506=VECTOR('',#2505,7.828356401937E-2);
#2507=CARTESIAN_POINT('',(-3.759724748800E-1,5.341035862051E-2,-1.675E1));
#2508=LINE('',#2507,#2506);
#2509=DIRECTION('',(0.E0,0.E0,1.E0));
#2510=VECTOR('',#2509,3.29184E-1);
#2511=CARTESIAN_POINT('',(-3.759724748800E-1,5.341035862051E-2,-1.675E1));
#2512=LINE('',#2511,#2510);
#2513=DIRECTION('',(0.E0,1.E0,0.E0));
#2514=VECTOR('',#2513,7.828356401937E-2);
#2515=CARTESIAN_POINT('',(-3.759724748800E-1,5.341035862050E-2,-1.6420816E1));
#2516=LINE('',#2515,#2514);
#2517=DIRECTION('',(0.E0,1.E0,0.E0));
#2518=VECTOR('',#2517,7.517657093237E-2);
#2519=CARTESIAN_POINT('',(-8.986680985600E-2,2.994448234787E-3,-1.6420816E1));
#2520=LINE('',#2519,#2518);
#2521=CARTESIAN_POINT('',(0.E0,1.35E0,-1.6420816E1));
#2522=DIRECTION('',(0.E0,0.E0,1.E0));
#2523=DIRECTION('',(-2.784981295407E-1,-9.604367713922E-1,0.E0));
#2524=AXIS2_PLACEMENT_3D('',#2521,#2522,#2523);
#2526=CARTESIAN_POINT('',(-8.986680985600E-2,2.994448234787E-3,-1.6420816E1));
#2527=CARTESIAN_POINT('',(-6.694247532596E-2,1.465028545620E-3,
-1.647755571902E1));
#2528=CARTESIAN_POINT('',(-4.401474876088E-2,5.228177036568E-4,
-1.653430383362E1));
#2529=CARTESIAN_POINT('',(-2.108364846400E-2,1.646471634229E-4,
-1.659106029850E1));
#2531=DIRECTION('',(0.E0,1.E0,0.E0));
#2532=VECTOR('',#2531,7.500968641491E-2);
#2533=CARTESIAN_POINT('',(-2.108364846400E-2,1.646471634229E-4,
-1.659106029850E1));
#2534=LINE('',#2533,#2532);
#2535=CARTESIAN_POINT('',(-2.108364846400E-2,1.646471634229E-4,
-1.659106029850E1));
#2536=CARTESIAN_POINT('',(1.844880939421E-3,-1.934832209402E-4,
-1.653431019680E1));
#2537=CARTESIAN_POINT('',(2.477260175300E-2,3.236390583056E-5,
-1.647756209644E1));
#2538=CARTESIAN_POINT('',(4.769951292800E-2,8.429459597998E-4,-1.6420816E1));
#2540=DIRECTION('',(0.E0,1.E0,0.E0));
#2541=VECTOR('',#2540,7.504961882666E-2);
#2542=CARTESIAN_POINT('',(4.769951292800E-2,8.429459597998E-4,-1.6420816E1));
#2543=LINE('',#2542,#2541);
#2544=CARTESIAN_POINT('',(0.E0,1.35E0,-1.675E1));
#2545=DIRECTION('',(0.E0,0.E0,1.E0));
#2546=DIRECTION('',(2.838381194193E-1,-9.588722135741E-1,0.E0));
#2547=AXIS2_PLACEMENT_3D('',#2544,#2545,#2546);
#2549=DIRECTION('',(0.E0,1.E0,0.E0));
#2550=VECTOR('',#2549,7.841952598101E-2);
#2551=CARTESIAN_POINT('',(3.831814612160E-1,5.552251167493E-2,-1.675E1));
#2552=LINE('',#2551,#2550);
#2553=DIRECTION('',(0.E0,0.E0,1.E0));
#2554=VECTOR('',#2553,3.29184E-1);
#2555=CARTESIAN_POINT('',(3.831814612160E-1,5.552251167493E-2,-1.675E1));
#2556=LINE('',#2555,#2554);
#2557=DIRECTION('',(0.E0,1.E0,0.E0));
#2558=VECTOR('',#2557,7.841952598101E-2);
#2559=CARTESIAN_POINT('',(3.831814612160E-1,5.552251167493E-2,-1.6420816E1));
#2560=LINE('',#2559,#2558);
#2561=DIRECTION('',(-1.226718684763E-13,1.E0,0.E0));
#2562=VECTOR('',#2561,8.959843915570E-2);
#2563=CARTESIAN_POINT('',(7.176485352320E-1,2.065488292545E-1,-1.6420816E1));
#2564=LINE('',#2563,#2562);
#2565=CARTESIAN_POINT('',(0.E0,1.35E0,-1.6420816E1));
#2566=DIRECTION('',(0.E0,0.E0,1.E0));
#2567=DIRECTION('',(2.838381194193E-1,-9.588722135741E-1,0.E0));
#2568=AXIS2_PLACEMENT_3D('',#2565,#2566,#2567);
#2570=DIRECTION('',(1.036015798951E-13,1.E0,3.414708073343E-12));
#2571=VECTOR('',#2570,1.071627503894E-1);
#2572=CARTESIAN_POINT('',(9.366981027200E-1,3.778391777279E-1,
-1.653755435733E1));
#2573=LINE('',#2572,#2571);
#2574=DIRECTION('',(0.E0,1.E0,0.E0));
#2575=VECTOR('',#2574,8.959843915571E-2);
#2576=CARTESIAN_POINT('',(7.176485352320E-1,2.065488292545E-1,
-1.665388650160E1));
#2577=LINE('',#2576,#2575);
#2578=CARTESIAN_POINT('',(0.E0,1.35E0,-1.665388650160E1));
#2579=DIRECTION('',(0.E0,0.E0,1.E0));
#2580=DIRECTION('',(4.185521603793E-1,-9.081927598488E-1,0.E0));
#2581=AXIS2_PLACEMENT_3D('',#2578,#2579,#2580);
#2583=DIRECTION('',(0.E0,1.E0,0.E0));
#2584=VECTOR('',#2583,8.310411234329E-2);
#2585=CARTESIAN_POINT('',(5.650454165120E-1,1.239397742041E-1,
-1.665388650160E1));
#2586=LINE('',#2585,#2584);
#2587=DIRECTION('',(0.E0,0.E0,1.E0));
#2588=VECTOR('',#2587,9.61134984E-2);
#2589=CARTESIAN_POINT('',(5.650454165120E-1,1.239397742041E-1,-1.675E1));
#2590=LINE('',#2589,#2588);
#2591=DIRECTION('',(0.E0,1.E0,0.E0));
#2592=VECTOR('',#2591,8.310411234329E-2);
#2593=CARTESIAN_POINT('',(5.650454165120E-1,1.239397742041E-1,-1.675E1));
#2594=LINE('',#2593,#2592);
#2595=DIRECTION('',(0.E0,0.E0,1.E0));
#2596=VECTOR('',#2595,4.897105776E-2);
#2597=CARTESIAN_POINT('',(5.650454165120E-1,1.239397742041E-1,
-1.656203988621E1));
#2598=LINE('',#2597,#2596);
#2599=DIRECTION('',(0.E0,1.E0,0.E0));
#2600=VECTOR('',#2599,8.310411234329E-2);
#2601=CARTESIAN_POINT('',(5.650454165120E-1,1.239397742041E-1,
-1.656203988621E1));
#2602=LINE('',#2601,#2600);
#2603=CARTESIAN_POINT('',(0.E0,1.35E0,-1.656203988621E1));
#2604=DIRECTION('',(0.E0,0.E0,1.E0));
#2605=DIRECTION('',(4.185521603793E-1,-9.081927598488E-1,0.E0));
#2606=AXIS2_PLACEMENT_3D('',#2603,#2604,#2605);
#2608=DIRECTION('',(-2.478219565177E-14,1.E0,0.E0));
#2609=VECTOR('',#2608,8.959843915571E-2);
#2610=CARTESIAN_POINT('',(7.176485352320E-1,2.065488292545E-1,
-1.656203988621E1));
#2611=LINE('',#2610,#2609);
#2612=DIRECTION('',(0.E0,1.E0,0.E0));
#2613=VECTOR('',#2612,8.959843915571E-2);
#2614=CARTESIAN_POINT('',(7.176485352320E-1,2.065488292545E-1,
-1.651306882845E1));
#2615=LINE('',#2614,#2613);
#2616=CARTESIAN_POINT('',(0.E0,1.35E0,-1.651306882845E1));
#2617=DIRECTION('',(0.E0,0.E0,1.E0));
#2618=DIRECTION('',(4.185521603793E-1,-9.081927598488E-1,0.E0));
#2619=AXIS2_PLACEMENT_3D('',#2616,#2617,#2618);
#2621=DIRECTION('',(0.E0,1.E0,0.E0));
#2622=VECTOR('',#2621,8.310411234329E-2);
#2623=CARTESIAN_POINT('',(5.650454165120E-1,1.239397742041E-1,
-1.651306882845E1));
#2624=LINE('',#2623,#2622);
#2625=DIRECTION('',(0.E0,-3.713906763541E-1,9.284766908853E-1));
#2626=VECTOR('',#2625,1.077032961427E0);
#2627=CARTESIAN_POINT('',(0.E0,2.35E0,-4.2E0));
#2628=LINE('',#2627,#2626);
#2629=DIRECTION('',(0.E0,3.713906763541E-1,9.284766908853E-1));
#2630=VECTOR('',#2629,1.077032961427E0);
#2631=CARTESIAN_POINT('',(0.E0,5.5E-1,-4.2E0));
#2632=LINE('',#2631,#2630);
#2633=CARTESIAN_POINT('',(0.E0,1.45E0,-4.2E0));
#2634=DIRECTION('',(0.E0,0.E0,1.E0));
#2635=DIRECTION('',(0.E0,1.E0,0.E0));
#2636=AXIS2_PLACEMENT_3D('',#2633,#2634,#2635);
#2638=CARTESIAN_POINT('',(0.E0,1.45E0,-4.2E0));
#2639=DIRECTION('',(0.E0,0.E0,-1.E0));
#2640=DIRECTION('',(0.E0,1.E0,0.E0));
#2641=AXIS2_PLACEMENT_3D('',#2638,#2639,#2640);
#2643=CARTESIAN_POINT('',(0.E0,1.45E0,-3.2E0));
#2644=DIRECTION('',(0.E0,0.E0,-1.E0));
#2645=DIRECTION('',(0.E0,1.E0,0.E0));
#2646=AXIS2_PLACEMENT_3D('',#2643,#2644,#2645);
#2648=DIRECTION('',(0.E0,0.E0,1.E0));
#2649=VECTOR('',#2648,2.5E0);
#2650=CARTESIAN_POINT('',(0.E0,1.95E0,-3.2E0));
#2651=LINE('',#2650,#2649);
#2652=DIRECTION('',(0.E0,0.E0,1.E0));
#2653=VECTOR('',#2652,2.5E0);
#2654=CARTESIAN_POINT('',(0.E0,9.5E-1,-3.2E0));
#2655=LINE('',#2654,#2653);
#2656=CARTESIAN_POINT('',(0.E0,1.45E0,-3.2E0));
#2657=DIRECTION('',(0.E0,0.E0,1.E0));
#2658=DIRECTION('',(0.E0,1.E0,0.E0));
#2659=AXIS2_PLACEMENT_3D('',#2656,#2657,#2658);
#2661=DIRECTION('',(0.E0,-4.414362429169E-1,8.972926186253E-1));
#2662=VECTOR('',#2661,6.244997998398E-1);
#2663=CARTESIAN_POINT('',(0.E0,1.95E0,-7.E-1));
#2664=LINE('',#2663,#2662);
#2665=DIRECTION('',(0.E0,4.414362429170E-1,8.972926186253E-1));
#2666=VECTOR('',#2665,6.244997998398E-1);
#2667=CARTESIAN_POINT('',(0.E0,9.5E-1,-7.E-1));
#2668=LINE('',#2667,#2666);
#2669=CARTESIAN_POINT('',(0.E0,1.45E0,-7.E-1));
#2670=DIRECTION('',(0.E0,0.E0,1.E0));
#2671=DIRECTION('',(0.E0,1.E0,0.E0));
#2672=AXIS2_PLACEMENT_3D('',#2669,#2670,#2671);
#2674=CARTESIAN_POINT('',(0.E0,1.45E0,-7.E-1));
#2675=DIRECTION('',(0.E0,0.E0,-1.E0));
#2676=DIRECTION('',(0.E0,1.E0,0.E0));
#2677=AXIS2_PLACEMENT_3D('',#2674,#2675,#2676);
#2679=CARTESIAN_POINT('',(0.E0,1.45E0,-1.396409392708E-1));
#2680=DIRECTION('',(0.E0,0.E0,-1.E0));
#2681=DIRECTION('',(0.E0,1.E0,0.E0));
#2682=AXIS2_PLACEMENT_3D('',#2679,#2680,#2681);
#2684=CARTESIAN_POINT('',(0.E0,1.45E0,-2.5E-1));
#2685=DIRECTION('',(1.E0,0.E0,0.E0));
#2686=DIRECTION('',(0.E0,8.972926186253E-1,4.414362429170E-1));
#2687=AXIS2_PLACEMENT_3D('',#2684,#2685,#2686);
#2689=CARTESIAN_POINT('',(0.E0,1.45E0,-2.5E-1));
#2690=DIRECTION('',(-1.E0,0.E0,0.E0));
#2691=DIRECTION('',(0.E0,-8.972926186253E-1,4.414362429170E-1));
#2692=AXIS2_PLACEMENT_3D('',#2689,#2690,#2691);
#2694=CARTESIAN_POINT('',(0.E0,1.45E0,-1.396409392708E-1));
#2695=DIRECTION('',(0.E0,0.E0,1.E0));
#2696=DIRECTION('',(0.E0,1.E0,0.E0));
#2697=AXIS2_PLACEMENT_3D('',#2694,#2695,#2696);
#2699=DIRECTION('',(0.E0,3.713906763541E-1,-9.284766908853E-1));
#2700=VECTOR('',#2699,1.077032961427E0);
#2701=CARTESIAN_POINT('',(0.E0,1.75E0,-3.2E0));
#2702=LINE('',#2701,#2700);
#2703=DIRECTION('',(0.E0,-3.713906763541E-1,-9.284766908853E-1));
#2704=VECTOR('',#2703,1.077032961427E0);
#2705=CARTESIAN_POINT('',(0.E0,1.15E0,-3.2E0));
#2706=LINE('',#2705,#2704);
#2707=CARTESIAN_POINT('',(0.E0,1.45E0,-3.2E0));
#2708=DIRECTION('',(0.E0,0.E0,1.E0));
#2709=DIRECTION('',(0.E0,1.E0,0.E0));
#2710=AXIS2_PLACEMENT_3D('',#2707,#2708,#2709);
#2712=CARTESIAN_POINT('',(0.E0,1.45E0,-3.2E0));
#2713=DIRECTION('',(0.E0,0.E0,-1.E0));
#2714=DIRECTION('',(0.E0,1.E0,0.E0));
#2715=AXIS2_PLACEMENT_3D('',#2712,#2713,#2714);
#2717=CARTESIAN_POINT('',(0.E0,1.45E0,-7.465332799573E-1));
#2718=DIRECTION('',(0.E0,0.E0,-1.E0));
#2719=DIRECTION('',(0.E0,1.E0,0.E0));
#2720=AXIS2_PLACEMENT_3D('',#2717,#2718,#2719);
#2722=DIRECTION('',(0.E0,0.E0,-1.E0));
#2723=VECTOR('',#2722,2.453466720043E0);
#2724=CARTESIAN_POINT('',(0.E0,1.75E0,-7.465332799573E-1));
#2725=LINE('',#2724,#2723);
#2726=DIRECTION('',(0.E0,0.E0,-1.E0));
#2727=VECTOR('',#2726,2.453466720043E0);
#2728=CARTESIAN_POINT('',(0.E0,1.15E0,-7.465332799573E-1));
#2729=LINE('',#2728,#2727);
#2730=CARTESIAN_POINT('',(0.E0,1.45E0,-7.465332799573E-1));
#2731=DIRECTION('',(0.E0,0.E0,1.E0));
#2732=DIRECTION('',(0.E0,1.E0,0.E0));
#2733=AXIS2_PLACEMENT_3D('',#2730,#2731,#2732);
#2735=DIRECTION('',(0.E0,4.414362429169E-1,-8.972926186253E-1));
#2736=VECTOR('',#2735,6.795998398719E-1);
#2737=CARTESIAN_POINT('',(0.E0,1.45E0,-1.367333600214E-1));
#2738=LINE('',#2737,#2736);
#2739=DIRECTION('',(0.E0,-4.414362429169E-1,-8.972926186253E-1));
#2740=VECTOR('',#2739,6.795998398719E-1);
#2741=CARTESIAN_POINT('',(0.E0,1.45E0,-1.367333600214E-1));
#2742=LINE('',#2741,#2740);
#2743=DIRECTION('',(-9.999931272761E-1,2.255804337621E-5,-3.707410381001E-3));
#2744=VECTOR('',#2743,2.317718613654E-1);
#2745=CARTESIAN_POINT('',(8.062222568839E-1,1.049994771680E0,
-4.450193798350E0));
#2746=LINE('',#2745,#2744);
#2747=CARTESIAN_POINT('',(5.744519884225E-1,1.05E0,-4.451053071755E0));
#2748=CARTESIAN_POINT('',(6.019256130176E-1,1.089460406225E0,
-4.450964200998E0));
#2749=CARTESIAN_POINT('',(6.476160044776E-1,1.172012867397E0,
-4.450816403257E0));
#2750=CARTESIAN_POINT('',(6.904617008073E-1,1.308378804876E0,
-4.450677807440E0));
#2751=CARTESIAN_POINT('',(7.047666598505E-1,1.45E0,-4.450631534240E0));
#2752=CARTESIAN_POINT('',(6.904617008073E-1,1.591621195124E0,
-4.450677807440E0));
#2753=CARTESIAN_POINT('',(6.476160044776E-1,1.727987132603E0,
-4.450816403257E0));
#2754=CARTESIAN_POINT('',(6.019256130176E-1,1.810539593775E0,
-4.450964200998E0));
#2755=CARTESIAN_POINT('',(5.744519884225E-1,1.85E0,-4.451053071755E0));
#2757=DIRECTION('',(9.999931272762E-1,2.255324689083E-5,3.707410371408E-3));
#2758=VECTOR('',#2757,2.317718617023E-1);
#2759=CARTESIAN_POINT('',(5.744519884225E-1,1.85E0,-4.451053071755E0));
#2760=LINE('',#2759,#2758);
#2761=CARTESIAN_POINT('',(8.062222568839E-1,1.049994771680E0,
-4.450193798350E0));
#2762=CARTESIAN_POINT('',(8.147301337834E-1,1.058291196727E0,
-4.676561642306E0));
#2763=CARTESIAN_POINT('',(8.570355649929E-1,1.074914387107E0,
-5.128262155476E0));
#2764=CARTESIAN_POINT('',(9.956643362655E-1,1.099917740391E0,
-5.793839816915E0));
#2765=CARTESIAN_POINT('',(1.207517266407E0,1.124963099999E0,-6.438254716609E0));
#2766=CARTESIAN_POINT('',(1.395203113672E0,1.141653530429E0,-6.847579038682E0));
#2767=CARTESIAN_POINT('',(1.5E0,1.15E0,-7.045995682626E0));
#2769=CARTESIAN_POINT('',(0.E0,1.45E0,-4.450086534258E0));
#2770=DIRECTION('',(0.E0,0.E0,-1.E0));
#2771=DIRECTION('',(8.958046409879E-1,4.444480230405E-1,0.E0));
#2772=AXIS2_PLACEMENT_3D('',#2769,#2770,#2771);
#2774=CARTESIAN_POINT('',(8.062222572208E-1,1.850005227208E0,
-4.450193798351E0));
#2775=CARTESIAN_POINT('',(8.147322507186E-1,1.841706738168E0,
-4.676617958328E0));
#2776=CARTESIAN_POINT('',(8.570345821302E-1,1.825086571691E0,
-5.128236008752E0));
#2777=CARTESIAN_POINT('',(9.956646008824E-1,1.800082001471E0,
-5.793846856418E0));
#2778=CARTESIAN_POINT('',(1.207517190803E0,1.775036973755E0,-6.438252705323E0));
#2779=CARTESIAN_POINT('',(1.395203113672E0,1.758346469571E0,-6.847579038682E0));
#2780=CARTESIAN_POINT('',(1.5E0,1.75E0,-7.045995682626E0));
#2782=CARTESIAN_POINT('',(5.744519884225E-1,1.85E0,-4.451053071755E0));
#2783=CARTESIAN_POINT('',(5.856139707609E-1,1.841714178161E0,
-4.685722949368E0));
#2784=CARTESIAN_POINT('',(6.341097671620E-1,1.825113319560E0,
-5.153491948037E0));
#2785=CARTESIAN_POINT('',(7.847164980483E-1,1.800105192032E0,
-5.842154164590E0));
#2786=CARTESIAN_POINT('',(1.010953936628E0,1.775047809466E0,-6.507543338185E0));
#2787=CARTESIAN_POINT('',(1.209508364747E0,1.758350273450E0,-6.929094728273E0));
#2788=CARTESIAN_POINT('',(1.320001046363E0,1.75E0,-7.133175821933E0));
#2790=CARTESIAN_POINT('',(5.744519884225E-1,1.05E0,-4.451053071755E0));
#2791=CARTESIAN_POINT('',(5.856139707609E-1,1.058285821839E0,
-4.685722949368E0));
#2792=CARTESIAN_POINT('',(6.341097671620E-1,1.074886680440E0,
-5.153491948037E0));
#2793=CARTESIAN_POINT('',(7.847164980483E-1,1.099894807968E0,
-5.842154164590E0));
#2794=CARTESIAN_POINT('',(1.010953936628E0,1.124952190534E0,-6.507543338185E0));
#2795=CARTESIAN_POINT('',(1.209508364747E0,1.141649726550E0,-6.929094728273E0));
#2796=CARTESIAN_POINT('',(1.320001046363E0,1.15E0,-7.133175821933E0));
#2798=DIRECTION('',(0.E0,-1.E0,0.E0));
#2799=VECTOR('',#2798,6.E-1);
#2800=CARTESIAN_POINT('',(1.5E0,1.75E0,-7.045995682626E0));
#2801=LINE('',#2800,#2799);
#2802=DIRECTION('',(8.999947681844E-1,0.E0,4.359006965362E-1));
#2803=VECTOR('',#2802,2.E-1);
#2804=CARTESIAN_POINT('',(1.320001046363E0,1.75E0,-7.133175821933E0));
#2805=LINE('',#2804,#2803);
#2806=DIRECTION('',(0.E0,1.E0,0.E0));
#2807=VECTOR('',#2806,6.E-1);
#2808=CARTESIAN_POINT('',(1.320001046363E0,1.15E0,-7.133175821933E0));
#2809=LINE('',#2808,#2807);
#2810=DIRECTION('',(-8.999947681844E-1,0.E0,-4.359006965362E-1));
#2811=VECTOR('',#2810,2.E-1);
#2812=CARTESIAN_POINT('',(1.5E0,1.15E0,-7.045995682626E0));
#2813=LINE('',#2812,#2811);
#2814=CARTESIAN_POINT('',(-1.336398326910E0,1.158846889036E0,-1.7E1));
#2815=CARTESIAN_POINT('',(1.336398326910E0,1.158846889036E0,-1.7E1));
#2816=VERTEX_POINT('',#2814);
#2817=VERTEX_POINT('',#2815);
#2818=CARTESIAN_POINT('',(1.8E0,4.4E0,-1.7E1));
#2819=VERTEX_POINT('',#2818);
#2820=CARTESIAN_POINT('',(1.597964428297E0,4.4E0,-1.7E1));
#2821=VERTEX_POINT('',#2820);
#2822=CARTESIAN_POINT('',(1.138413389590E0,1.187165868438E0,-1.7E1));
#2823=VERTEX_POINT('',#2822);
#2824=CARTESIAN_POINT('',(-1.138413389590E0,1.187165868438E0,-1.7E1));
#2825=VERTEX_POINT('',#2824);
#2826=CARTESIAN_POINT('',(-1.597964428297E0,4.4E0,-1.7E1));
#2827=VERTEX_POINT('',#2826);
#2828=CARTESIAN_POINT('',(-1.8E0,4.4E0,-1.7E1));
#2829=VERTEX_POINT('',#2828);
#2830=CARTESIAN_POINT('',(0.E0,2.35E0,-4.2E0));
#2831=CARTESIAN_POINT('',(0.E0,1.95E0,-3.2E0));
#2832=VERTEX_POINT('',#2830);
#2833=VERTEX_POINT('',#2831);
#2834=CARTESIAN_POINT('',(0.E0,1.95E0,-7.E-1));
#2835=VERTEX_POINT('',#2834);
#2836=CARTESIAN_POINT('',(0.E0,1.75E0,-7.465332799573E-1));
#2837=CARTESIAN_POINT('',(0.E0,1.75E0,-3.2E0));
#2838=VERTEX_POINT('',#2836);
#2839=VERTEX_POINT('',#2837);
#2840=CARTESIAN_POINT('',(0.E0,2.15E0,-4.2E0));
#2841=VERTEX_POINT('',#2840);
#2842=CARTESIAN_POINT('',(0.E0,5.5E-1,-4.2E0));
#2843=CARTESIAN_POINT('',(0.E0,9.5E-1,-3.2E0));
#2844=VERTEX_POINT('',#2842);
#2845=VERTEX_POINT('',#2843);
#2846=CARTESIAN_POINT('',(0.E0,9.5E-1,-7.E-1));
#2847=VERTEX_POINT('',#2846);
#2848=CARTESIAN_POINT('',(0.E0,1.15E0,-7.465332799573E-1));
#2849=CARTESIAN_POINT('',(0.E0,1.15E0,-3.2E0));
#2850=VERTEX_POINT('',#2848);
#2851=VERTEX_POINT('',#2849);
#2852=CARTESIAN_POINT('',(0.E0,7.5E-1,-4.2E0));
#2853=VERTEX_POINT('',#2852);
#2854=CARTESIAN_POINT('',(-1.005849560207E0,2.074005986758E0,-1.18E1));
#2855=CARTESIAN_POINT('',(-5.430703308173E-1,2.167686990119E0,-1.18E1));
#2856=VERTEX_POINT('',#2854);
#2857=VERTEX_POINT('',#2855);
#2858=CARTESIAN_POINT('',(5.430703308173E-1,2.167686990119E0,-1.18E1));
#2859=CARTESIAN_POINT('',(1.005849560207E0,2.074005986758E0,-1.18E1));
#2860=VERTEX_POINT('',#2858);
#2861=VERTEX_POINT('',#2859);
#2862=VERTEX_POINT('',#858);
#2863=VERTEX_POINT('',#864);
#2864=VERTEX_POINT('',#955);
#2865=VERTEX_POINT('',#542);
#2866=VERTEX_POINT('',#547);
#2867=VERTEX_POINT('',#178);
#2868=VERTEX_POINT('',#182);
#2869=VERTEX_POINT('',#490);
#2870=VERTEX_POINT('',#495);
#2871=VERTEX_POINT('',#502);
#2872=VERTEX_POINT('',#533);
#2873=VERTEX_POINT('',#508);
#2874=VERTEX_POINT('',#189);
#2875=CARTESIAN_POINT('',(0.E0,7.5E-1,-1.13E1));
#2876=VERTEX_POINT('',#2875);
#2877=CARTESIAN_POINT('',(-3.500228842810E-1,6.209022443418E-1,
-1.179999827861E1));
#2878=VERTEX_POINT('',#2877);
#2879=VERTEX_POINT('',#1130);
#2880=VERTEX_POINT('',#1136);
#2881=VERTEX_POINT('',#1152);
#2882=CARTESIAN_POINT('',(1.336398326910E0,1.158846889036E0,-1.620012748451E1));
#2883=VERTEX_POINT('',#2882);
#2884=CARTESIAN_POINT('',(1.138413389590E0,1.187165868438E0,-1.620000058591E1));
#2885=CARTESIAN_POINT('',(1.004440023776E0,7.899997869319E-1,
-1.620000058591E1));
#2886=VERTEX_POINT('',#2884);
#2887=VERTEX_POINT('',#2885);
#2888=VERTEX_POINT('',#1512);
#2889=CARTESIAN_POINT('',(-1.138413389590E0,1.187165868438E0,
-1.620000060274E1));
#2890=VERTEX_POINT('',#2889);
#2891=VERTEX_POINT('',#1208);
#2892=VERTEX_POINT('',#1273);
#2893=VERTEX_POINT('',#1280);
#2894=VERTEX_POINT('',#1736);
#2895=VERTEX_POINT('',#1528);
#2896=VERTEX_POINT('',#1868);
#2897=VERTEX_POINT('',#1861);
#2898=VERTEX_POINT('',#1666);
#2899=VERTEX_POINT('',#1214);
#2900=CARTESIAN_POINT('',(2.236641638E-1,5.5E-1,-1.5E1));
#2901=VERTEX_POINT('',#2900);
#2902=CARTESIAN_POINT('',(-2.799689039752E-1,5.5E-1,-1.5E1));
#2903=VERTEX_POINT('',#2902);
#2904=CARTESIAN_POINT('',(5.398158057654E-1,6.298619371192E-1,
-1.499999951359E1));
#2905=VERTEX_POINT('',#2904);
#2906=CARTESIAN_POINT('',(6.404831215848E-1,7.400684780318E-1,
-1.499999365772E1));
#2907=VERTEX_POINT('',#2906);
#2908=VERTEX_POINT('',#1534);
#2909=CARTESIAN_POINT('',(-2.823323966216E-1,7.5E-1,-1.5E1));
#2910=VERTEX_POINT('',#2909);
#2911=CARTESIAN_POINT('',(2.818442564790E-1,7.5E-1,-1.5E1));
#2912=VERTEX_POINT('',#2911);
#2913=VERTEX_POINT('',#2027);
#2914=CARTESIAN_POINT('',(4.949453458565E-1,9.053198434473E-1,
-1.300000047970E1));
#2915=VERTEX_POINT('',#2914);
#2916=CARTESIAN_POINT('',(2.999999905691E-1,7.500000010223E-1,
-1.299999987701E1));
#2917=VERTEX_POINT('',#2916);
#2918=CARTESIAN_POINT('',(-3.000000000045E-1,7.499999999995E-1,
-1.300000000008E1));
#2919=VERTEX_POINT('',#2918);
#2920=CARTESIAN_POINT('',(-4.949453349614E-1,9.053198435904E-1,
-1.299999995935E1));
#2921=VERTEX_POINT('',#2920);
#2922=CARTESIAN_POINT('',(-6.898906694183E-1,8.606396849798E-1,
-1.299999999997E1));
#2923=VERTEX_POINT('',#2922);
#2924=CARTESIAN_POINT('',(-2.999999470653E-1,5.500000023703E-1,
-1.299999928292E1));
#2925=VERTEX_POINT('',#2924);
#2926=CARTESIAN_POINT('',(2.999999999998E-1,5.5E-1,-1.3E1));
#2927=VERTEX_POINT('',#2926);
#2928=CARTESIAN_POINT('',(6.898906694183E-1,8.606396849796E-1,-1.3E1));
#2929=VERTEX_POINT('',#2928);
#2930=CARTESIAN_POINT('',(8.249681239579E-1,1.450000176398E0,-1.3E1));
#2931=VERTEX_POINT('',#2930);
#2932=CARTESIAN_POINT('',(-1.485320714986E0,2.199999864577E0,-1.62E1));
#2933=VERTEX_POINT('',#2932);
#2934=CARTESIAN_POINT('',(1.485320737911E0,2.200000024849E0,-1.62E1));
#2935=VERTEX_POINT('',#2934);
#2936=CARTESIAN_POINT('',(1.283285147371E0,2.199999893160E0,-1.62E1));
#2937=VERTEX_POINT('',#2936);
#2938=CARTESIAN_POINT('',(-1.283285166686E0,2.200000028196E0,-1.62E1));
#2939=VERTEX_POINT('',#2938);
#2940=CARTESIAN_POINT('',(1.8E0,4.4E0,-1.62E1));
#2941=VERTEX_POINT('',#2940);
#2942=CARTESIAN_POINT('',(1.597964428297E0,4.4E0,-1.62E1));
#2943=VERTEX_POINT('',#2942);
#2944=CARTESIAN_POINT('',(-1.597964428297E0,4.4E0,-1.62E1));
#2945=VERTEX_POINT('',#2944);
#2946=CARTESIAN_POINT('',(-1.8E0,4.4E0,-1.62E1));
#2947=VERTEX_POINT('',#2946);
#2948=CARTESIAN_POINT('',(-8.112164841635E-1,1.389999984548E0,-1.5E1));
#2949=VERTEX_POINT('',#2948);
#2950=CARTESIAN_POINT('',(8.112164903552E-1,1.390000011563E0,-1.5E1));
#2951=VERTEX_POINT('',#2950);
#2952=CARTESIAN_POINT('',(6.060307590831E-1,1.389999987831E0,-1.5E1));
#2953=VERTEX_POINT('',#2952);
#2954=CARTESIAN_POINT('',(-6.060307655982E-1,1.390000016257E0,-1.5E1));
#2955=VERTEX_POINT('',#2954);
#2956=CARTESIAN_POINT('',(1.1E0,2.65E0,-1.5E1));
#2957=CARTESIAN_POINT('',(1.1E0,2.65E0,-1.3E1));
#2958=VERTEX_POINT('',#2956);
#2959=VERTEX_POINT('',#2957);
#2960=CARTESIAN_POINT('',(8.948142741673E-1,2.65E0,-1.5E1));
#2961=CARTESIAN_POINT('',(8.948142741673E-1,2.65E0,-1.3E1));
#2962=VERTEX_POINT('',#2960);
#2963=VERTEX_POINT('',#2961);
#2964=CARTESIAN_POINT('',(-8.948142741673E-1,2.65E0,-1.5E1));
#2965=CARTESIAN_POINT('',(-8.948142741673E-1,2.65E0,-1.3E1));
#2966=VERTEX_POINT('',#2964);
#2967=VERTEX_POINT('',#2965);
#2968=CARTESIAN_POINT('',(-1.1E0,2.65E0,-1.5E1));
#2969=CARTESIAN_POINT('',(-1.1E0,2.65E0,-1.3E1));
#2970=VERTEX_POINT('',#2968);
#2971=VERTEX_POINT('',#2969);
#2972=CARTESIAN_POINT('',(-7.794228518107E-1,9.999999799164E-1,-1.13E1));
#2973=VERTEX_POINT('',#2972);
#2974=CARTESIAN_POINT('',(-8.245966716449E-1,1.810611049626E0,-1.13E1));
#2975=VERTEX_POINT('',#2974);
#2976=CARTESIAN_POINT('',(-7.245966710197E-1,1.983816133468E0,
-1.129999999997E1));
#2977=VERTEX_POINT('',#2976);
#2978=CARTESIAN_POINT('',(5.499999999336E-1,1.883012701976E0,-1.13E1));
#2979=CARTESIAN_POINT('',(5.538981629643E-1,1.878014982290E0,-1.13E1));
#2980=VERTEX_POINT('',#2978);
#2981=VERTEX_POINT('',#2979);
#2982=CARTESIAN_POINT('',(6.476209293457E-1,1.715682389092E0,-1.13E1));
#2983=CARTESIAN_POINT('',(6.499999922982E-1,1.709807640404E0,-1.13E1));
#2984=VERTEX_POINT('',#2982);
#2985=VERTEX_POINT('',#2983);
#2986=CARTESIAN_POINT('',(1.000000188375E-1,7.571796796914E-1,-1.13E1));
#2987=VERTEX_POINT('',#2986);
#2988=CARTESIAN_POINT('',(9.372276638147E-2,7.563026286184E-1,-1.13E1));
#2989=VERTEX_POINT('',#2988);
#2990=CARTESIAN_POINT('',(-9.372276638147E-2,7.563026286184E-1,-1.13E1));
#2991=CARTESIAN_POINT('',(-1.000000188375E-1,7.571796796914E-1,-1.13E1));
#2992=VERTEX_POINT('',#2990);
#2993=VERTEX_POINT('',#2991);
#2994=CARTESIAN_POINT('',(-6.499999922982E-1,1.709807640404E0,-1.13E1));
#2995=VERTEX_POINT('',#2994);
#2996=CARTESIAN_POINT('',(-6.475749707508E-1,1.715794389062E0,-1.13E1));
#2997=VERTEX_POINT('',#2996);
#2998=CARTESIAN_POINT('',(-5.538981629643E-1,1.878014982290E0,-1.13E1));
#2999=CARTESIAN_POINT('',(-5.499999999336E-1,1.883012701976E0,-1.13E1));
#3000=VERTEX_POINT('',#2998);
#3001=VERTEX_POINT('',#2999);
#3002=CARTESIAN_POINT('',(6.880099687323E-1,1.579067259516E0,-1.18E1));
#3003=VERTEX_POINT('',#3002);
#3004=CARTESIAN_POINT('',(-6.880121798289E-1,1.579073846315E0,-1.18E1));
#3005=VERTEX_POINT('',#3004);
#3006=CARTESIAN_POINT('',(-4.557805099039E-1,1.981300481221E0,-1.18E1));
#3007=VERTEX_POINT('',#3006);
#3008=CARTESIAN_POINT('',(4.557873197874E-1,1.981299102687E0,-1.18E1));
#3009=VERTEX_POINT('',#3008);
#3010=VERTEX_POINT('',#1899);
#3011=VERTEX_POINT('',#1905);
#3012=VERTEX_POINT('',#870);
#3013=VERTEX_POINT('',#874);
#3014=VERTEX_POINT('',#882);
#3015=VERTEX_POINT('',#1021);
#3016=VERTEX_POINT('',#1996);
#3017=VERTEX_POINT('',#2004);
#3018=VERTEX_POINT('',#818);
#3019=VERTEX_POINT('',#825);
#3020=VERTEX_POINT('',#831);
#3021=CARTESIAN_POINT('',(3.617625869904E-2,5.675965640850E-1,
-1.179999871952E1));
#3022=VERTEX_POINT('',#3021);
#3023=CARTESIAN_POINT('',(-3.618003429854E-2,5.676009745755E-1,
-1.179999839094E1));
#3024=VERTEX_POINT('',#3023);
#3025=CARTESIAN_POINT('',(6.930945182699E-1,8.758746050418E-1,
-1.179999850491E1));
#3026=VERTEX_POINT('',#3025);
#3027=CARTESIAN_POINT('',(-6.930836301897E-1,8.758614503770E-1,
-1.179999944395E1));
#3028=VERTEX_POINT('',#3027);
#3029=VERTEX_POINT('',#2061);
#3030=VERTEX_POINT('',#2070);
#3031=VERTEX_POINT('',#2080);
#3032=VERTEX_POINT('',#769);
#3033=VERTEX_POINT('',#778);
#3034=VERTEX_POINT('',#788);
#3035=CARTESIAN_POINT('',(-8.249680633616E-1,1.449999912009E0,-1.3E1));
#3036=VERTEX_POINT('',#3035);
#3037=CARTESIAN_POINT('',(-6.197823761943E-1,1.450000080711E0,-1.3E1));
#3038=VERTEX_POINT('',#3037);
#3039=CARTESIAN_POINT('',(6.197823481635E-1,1.449999958409E0,-1.3E1));
#3040=CARTESIAN_POINT('',(5.395836019515E-1,1.100082404516E0,
-1.299999999996E1));
#3041=VERTEX_POINT('',#3039);
#3042=VERTEX_POINT('',#3040);
#3043=VERTEX_POINT('',#1004);
#3044=CARTESIAN_POINT('',(-8.986100377806E-1,1.4E0,-1.18E1));
#3045=CARTESIAN_POINT('',(-8.930703308173E-1,1.561469207470E0,-1.18E1));
#3046=VERTEX_POINT('',#3044);
#3047=VERTEX_POINT('',#3045);
#3048=CARTESIAN_POINT('',(6.982120021884E-1,1.4E0,-1.18E1));
#3049=VERTEX_POINT('',#3048);
#3050=CARTESIAN_POINT('',(-6.982120021884E-1,1.4E0,-1.18E1));
#3051=VERTEX_POINT('',#3050);
#3052=VERTEX_POINT('',#717);
#3053=VERTEX_POINT('',#720);
#3054=VERTEX_POINT('',#722);
#3055=VERTEX_POINT('',#725);
#3056=VERTEX_POINT('',#703);
#3057=VERTEX_POINT('',#712);
#3058=CARTESIAN_POINT('',(5.E-2,2.348610037781E0,-1.18E1));
#3059=CARTESIAN_POINT('',(5.E-2,2.148212002188E0,-1.18E1));
#3060=VERTEX_POINT('',#3058);
#3061=VERTEX_POINT('',#3059);
#3062=CARTESIAN_POINT('',(-5.E-2,2.348610037781E0,-1.18E1));
#3063=CARTESIAN_POINT('',(-5.E-2,2.148212002188E0,-1.18E1));
#3064=VERTEX_POINT('',#3062);
#3065=VERTEX_POINT('',#3063);
#3066=CARTESIAN_POINT('',(0.E0,1.674323154656E0,-1.396409392708E-1));
#3067=VERTEX_POINT('',#3066);
#3068=CARTESIAN_POINT('',(0.E0,1.45E0,0.E0));
#3069=VERTEX_POINT('',#3068);
#3070=CARTESIAN_POINT('',(0.E0,1.45E0,-1.367333600214E-1));
#3071=VERTEX_POINT('',#3070);
#3072=CARTESIAN_POINT('',(0.E0,1.225676845344E0,-1.396409392708E-1));
#3073=VERTEX_POINT('',#3072);
#3074=CARTESIAN_POINT('',(1.043329816750E0,2.009088278146E0,-1.18E1));
#3075=CARTESIAN_POINT('',(8.930703308173E-1,1.561469207470E0,-1.18E1));
#3076=VERTEX_POINT('',#3074);
#3077=VERTEX_POINT('',#3075);
#3078=VERTEX_POINT('',#200);
#3079=VERTEX_POINT('',#205);
#3080=VERTEX_POINT('',#211);
#3081=CARTESIAN_POINT('',(7.794228850524E-1,1.000000037493E0,-1.13E1));
#3082=VERTEX_POINT('',#3081);
#3083=CARTESIAN_POINT('',(1.000000059611E-1,5.555728096666E-1,-1.13E1));
#3084=VERTEX_POINT('',#3083);
#3085=VERTEX_POINT('',#227);
#3086=VERTEX_POINT('',#234);
#3087=VERTEX_POINT('',#524);
#3088=VERTEX_POINT('',#1335);
#3089=VERTEX_POINT('',#1990);
#3090=CARTESIAN_POINT('',(8.986100377806E-1,1.4E0,-1.18E1));
#3091=VERTEX_POINT('',#3090);
#3092=VERTEX_POINT('',#1315);
#3093=VERTEX_POINT('',#1356);
#3094=VERTEX_POINT('',#1365);
#3095=VERTEX_POINT('',#1116);
#3096=VERTEX_POINT('',#1101);
#3097=VERTEX_POINT('',#1738);
#3098=VERTEX_POINT('',#1753);
#3099=VERTEX_POINT('',#1480);
#3100=VERTEX_POINT('',#1465);
#3101=VERTEX_POINT('',#1668);
#3102=VERTEX_POINT('',#1682);
#3103=VERTEX_POINT('',#847);
#3104=VERTEX_POINT('',#1980);
#3105=VERTEX_POINT('',#1060);
#3106=VERTEX_POINT('',#1051);
#3107=VERTEX_POINT('',#1611);
#3108=VERTEX_POINT('',#1619);
#3109=VERTEX_POINT('',#1573);
#3110=VERTEX_POINT('',#1581);
#3111=VERTEX_POINT('',#839);
#3112=CARTESIAN_POINT('',(5.362311101833E-1,1.899951326781E0,-4.45E0));
#3113=CARTESIAN_POINT('',(5.362311101833E-1,1.000048673219E0,-4.45E0));
#3114=VERTEX_POINT('',#3112);
#3115=VERTEX_POINT('',#3113);
#3116=CARTESIAN_POINT('',(5.362311101833E-1,1.899951326781E0,-7.3E0));
#3117=CARTESIAN_POINT('',(5.362311101833E-1,1.000048673219E0,-7.3E0));
#3118=VERTEX_POINT('',#3116);
#3119=VERTEX_POINT('',#3117);
#3120=CARTESIAN_POINT('',(6.894399988071E-1,2.028508848718E0,-7.3E0));
#3121=CARTESIAN_POINT('',(6.894399988071E-1,8.714911512821E-1,-7.3E0));
#3122=VERTEX_POINT('',#3120);
#3123=VERTEX_POINT('',#3121);
#3124=CARTESIAN_POINT('',(-5.362311101833E-1,1.000048673219E0,-4.45E0));
#3125=CARTESIAN_POINT('',(-5.362311101833E-1,1.899951326781E0,-4.45E0));
#3126=VERTEX_POINT('',#3124);
#3127=VERTEX_POINT('',#3125);
#3128=CARTESIAN_POINT('',(-5.362311101833E-1,1.000048673219E0,-7.3E0));
#3129=CARTESIAN_POINT('',(-5.362311101833E-1,1.899951326781E0,-7.3E0));
#3130=VERTEX_POINT('',#3128);
#3131=VERTEX_POINT('',#3129);
#3132=CARTESIAN_POINT('',(-6.894399988071E-1,8.714911512821E-1,-7.3E0));
#3133=CARTESIAN_POINT('',(-6.894399988071E-1,2.028508848718E0,-7.3E0));
#3134=VERTEX_POINT('',#3132);
#3135=VERTEX_POINT('',#3133);
#3136=CARTESIAN_POINT('',(6.894399988071E-1,2.028508848718E0,-4.45E0));
#3137=VERTEX_POINT('',#3136);
#3138=CARTESIAN_POINT('',(6.894399988071E-1,8.714911512821E-1,-4.45E0));
#3139=VERTEX_POINT('',#3138);
#3140=CARTESIAN_POINT('',(-6.894399988071E-1,8.714911512821E-1,-4.45E0));
#3141=VERTEX_POINT('',#3140);
#3142=CARTESIAN_POINT('',(-6.894399988071E-1,2.028508848718E0,-4.45E0));
#3143=VERTEX_POINT('',#3142);
#3144=CARTESIAN_POINT('',(7.362314759300E-1,1.967651633678E0,-6.8E0));
#3145=CARTESIAN_POINT('',(7.362314759300E-1,1.767651633678E0,-6.8E0));
#3146=VERTEX_POINT('',#3144);
#3147=VERTEX_POINT('',#3145);
#3148=CARTESIAN_POINT('',(5.362314759300E-1,1.767651633678E0,-6.8E0));
#3149=VERTEX_POINT('',#3148);
#3150=CARTESIAN_POINT('',(7.362314759300E-1,1.967651633678E0,-7.1E0));
#3151=CARTESIAN_POINT('',(7.362314759300E-1,1.767651633678E0,-7.1E0));
#3152=VERTEX_POINT('',#3150);
#3153=VERTEX_POINT('',#3151);
#3154=CARTESIAN_POINT('',(5.362314759300E-1,1.767651633678E0,-7.1E0));
#3155=VERTEX_POINT('',#3154);
#3156=CARTESIAN_POINT('',(6.894399988071E-1,2.028508848718E0,-6.8E0));
#3157=CARTESIAN_POINT('',(5.362313616341E-1,1.899951212807E0,-6.8E0));
#3158=VERTEX_POINT('',#3156);
#3159=VERTEX_POINT('',#3157);
#3160=CARTESIAN_POINT('',(6.894399988071E-1,2.028508848718E0,-7.1E0));
#3161=CARTESIAN_POINT('',(5.362313616341E-1,1.899951212807E0,-7.1E0));
#3162=VERTEX_POINT('',#3160);
#3163=VERTEX_POINT('',#3161);
#3164=CARTESIAN_POINT('',(5.362313387750E-1,1.000048759950E0,-6.8E0));
#3165=CARTESIAN_POINT('',(6.894399988071E-1,8.714911512821E-1,-6.8E0));
#3166=VERTEX_POINT('',#3164);
#3167=VERTEX_POINT('',#3165);
#3168=CARTESIAN_POINT('',(5.362313387750E-1,1.000048759950E0,-7.1E0));
#3169=CARTESIAN_POINT('',(6.894399988071E-1,8.714911512821E-1,-7.1E0));
#3170=VERTEX_POINT('',#3168);
#3171=VERTEX_POINT('',#3169);
#3172=CARTESIAN_POINT('',(-6.894399988071E-1,8.714911512821E-1,-6.8E0));
#3173=CARTESIAN_POINT('',(-5.362313616341E-1,1.000048787193E0,-6.8E0));
#3174=VERTEX_POINT('',#3172);
#3175=VERTEX_POINT('',#3173);
#3176=CARTESIAN_POINT('',(-6.894399988071E-1,8.714911512821E-1,-7.1E0));
#3177=CARTESIAN_POINT('',(-5.362313616341E-1,1.000048787193E0,-7.1E0));
#3178=VERTEX_POINT('',#3176);
#3179=VERTEX_POINT('',#3177);
#3180=CARTESIAN_POINT('',(-5.362313387750E-1,1.899951240050E0,-6.8E0));
#3181=CARTESIAN_POINT('',(-6.894399988071E-1,2.028508848718E0,-6.8E0));
#3182=VERTEX_POINT('',#3180);
#3183=VERTEX_POINT('',#3181);
#3184=CARTESIAN_POINT('',(-5.362313387750E-1,1.899951240050E0,-7.1E0));
#3185=CARTESIAN_POINT('',(-6.894399988071E-1,2.028508848718E0,-7.1E0));
#3186=VERTEX_POINT('',#3184);
#3187=VERTEX_POINT('',#3185);
#3188=CARTESIAN_POINT('',(-5.362314759300E-1,1.767651633678E0,-6.8E0));
#3189=CARTESIAN_POINT('',(-7.362314759300E-1,1.767651633678E0,-6.8E0));
#3190=VERTEX_POINT('',#3188);
#3191=VERTEX_POINT('',#3189);
#3192=CARTESIAN_POINT('',(-7.362314759300E-1,1.967651633678E0,-6.8E0));
#3193=VERTEX_POINT('',#3192);
#3194=CARTESIAN_POINT('',(5.362314759300E-1,1.132348366322E0,-6.8E0));
#3195=CARTESIAN_POINT('',(7.362314759300E-1,1.132348366322E0,-6.8E0));
#3196=VERTEX_POINT('',#3194);
#3197=VERTEX_POINT('',#3195);
#3198=CARTESIAN_POINT('',(7.362314759300E-1,9.323483663215E-1,-6.8E0));
#3199=VERTEX_POINT('',#3198);
#3200=CARTESIAN_POINT('',(-7.362314759300E-1,9.323483663215E-1,-6.8E0));
#3201=CARTESIAN_POINT('',(-7.362314759300E-1,1.132348366322E0,-6.8E0));
#3202=VERTEX_POINT('',#3200);
#3203=VERTEX_POINT('',#3201);
#3204=CARTESIAN_POINT('',(-5.362314759300E-1,1.132348366322E0,-6.8E0));
#3205=VERTEX_POINT('',#3204);
#3206=CARTESIAN_POINT('',(-5.362314759300E-1,1.767651633678E0,-7.1E0));
#3207=CARTESIAN_POINT('',(-7.362314759300E-1,1.767651633678E0,-7.1E0));
#3208=VERTEX_POINT('',#3206);
#3209=VERTEX_POINT('',#3207);
#3210=CARTESIAN_POINT('',(-7.362314759300E-1,1.967651633678E0,-7.1E0));
#3211=VERTEX_POINT('',#3210);
#3212=CARTESIAN_POINT('',(5.362314759300E-1,1.132348366322E0,-7.1E0));
#3213=CARTESIAN_POINT('',(7.362314759300E-1,1.132348366322E0,-7.1E0));
#3214=VERTEX_POINT('',#3212);
#3215=VERTEX_POINT('',#3213);
#3216=CARTESIAN_POINT('',(7.362314759300E-1,9.323483663215E-1,-7.1E0));
#3217=VERTEX_POINT('',#3216);
#3218=CARTESIAN_POINT('',(-7.362314759300E-1,9.323483663215E-1,-7.1E0));
#3219=CARTESIAN_POINT('',(-7.362314759300E-1,1.132348366322E0,-7.1E0));
#3220=VERTEX_POINT('',#3218);
#3221=VERTEX_POINT('',#3219);
#3222=CARTESIAN_POINT('',(-5.362314759300E-1,1.132348366322E0,-7.1E0));
#3223=VERTEX_POINT('',#3222);
#3224=VERTEX_POINT('',#2747);
#3225=VERTEX_POINT('',#2755);
#3226=CARTESIAN_POINT('',(1.5E0,1.75E0,-7.045995682626E0));
#3227=CARTESIAN_POINT('',(1.5E0,1.15E0,-7.045995682626E0));
#3228=VERTEX_POINT('',#3226);
#3229=VERTEX_POINT('',#3227);
#3230=CARTESIAN_POINT('',(1.320001046363E0,1.15E0,-7.133175821933E0));
#3231=VERTEX_POINT('',#3230);
#3232=CARTESIAN_POINT('',(1.320001046363E0,1.75E0,-7.133175821933E0));
#3233=VERTEX_POINT('',#3232);
#3234=CARTESIAN_POINT('',(8.062241768891E-1,1.850003220736E0,
-4.450086534258E0));
#3235=CARTESIAN_POINT('',(8.062241768891E-1,1.049996779264E0,
-4.450086534258E0));
#3236=VERTEX_POINT('',#3234);
#3237=VERTEX_POINT('',#3235);
#3238=VERTEX_POINT('',#657);
#3239=VERTEX_POINT('',#665);
#3240=CARTESIAN_POINT('',(-1.5E0,1.75E0,-7.045995682626E0));
#3241=CARTESIAN_POINT('',(-1.5E0,1.15E0,-7.045995682626E0));
#3242=VERTEX_POINT('',#3240);
#3243=VERTEX_POINT('',#3241);
#3244=CARTESIAN_POINT('',(-1.320001046363E0,1.15E0,-7.133175821933E0));
#3245=VERTEX_POINT('',#3244);
#3246=CARTESIAN_POINT('',(-1.320001046363E0,1.75E0,-7.133175821933E0));
#3247=VERTEX_POINT('',#3246);
#3248=CARTESIAN_POINT('',(-8.062241768891E-1,1.049996779264E0,
-4.450086534258E0));
#3249=CARTESIAN_POINT('',(-8.062241768891E-1,1.850003220736E0,
-4.450086534258E0));
#3250=VERTEX_POINT('',#3248);
#3251=VERTEX_POINT('',#3249);
#3252=CARTESIAN_POINT('',(-1.E0,5.590353990222E-1,-1.675E1));
#3253=CARTESIAN_POINT('',(-7.931424203200E-1,3.517264397526E-1,-1.675E1));
#3254=VERTEX_POINT('',#3252);
#3255=VERTEX_POINT('',#3253);
#3256=VERTEX_POINT('',#2261);
#3257=CARTESIAN_POINT('',(-6.097903307633E-1,2.302764838999E-1,
-1.671504954717E1));
#3258=VERTEX_POINT('',#3257);
#3259=VERTEX_POINT('',#2251);
#3260=CARTESIAN_POINT('',(-3.863358455680E-1,1.349404893466E-1,-1.675E1));
#3261=VERTEX_POINT('',#3260);
#3262=VERTEX_POINT('',#2241);
#3263=CARTESIAN_POINT('',(-8.175303292066E-1,3.715986708782E-1,-1.6420816E1));
#3264=VERTEX_POINT('',#3263);
#3265=VERTEX_POINT('',#2263);
#3266=VERTEX_POINT('',#2266);
#3267=CARTESIAN_POINT('',(-7.381853710846E-1,3.104292434295E-1,
-1.663214422758E1));
#3268=VERTEX_POINT('',#3267);
#3269=CARTESIAN_POINT('',(3.338051779520E-1,1.194720225966E-1,-1.6420816E1));
#3270=CARTESIAN_POINT('',(4.769951292800E-2,7.589256478646E-2,-1.6420816E1));
#3271=VERTEX_POINT('',#3269);
#3272=VERTEX_POINT('',#3270);
#3273=VERTEX_POINT('',#2337);
#3274=VERTEX_POINT('',#2332);
#3275=CARTESIAN_POINT('',(-3.759724748800E-1,1.316939226399E-1,-1.6420816E1));
#3276=VERTEX_POINT('',#3275);
#3277=CARTESIAN_POINT('',(-3.759724748800E-1,1.316939226399E-1,-1.675E1));
#3278=VERTEX_POINT('',#3277);
#3279=CARTESIAN_POINT('',(-1.949212748800E-1,8.998781886874E-2,-1.675E1));
#3280=VERTEX_POINT('',#3279);
#3281=CARTESIAN_POINT('',(-1.949212748800E-1,8.998781886874E-2,
-1.653755435733E1));
#3282=VERTEX_POINT('',#3281);
#3283=VERTEX_POINT('',#2309);
#3284=CARTESIAN_POINT('',(6.293974457600E-2,7.655444225020E-2,-1.675E1));
#3285=VERTEX_POINT('',#3284);
#3286=VERTEX_POINT('',#2299);
#3287=CARTESIAN_POINT('',(1.527539779520E-1,8.418357483408E-2,-1.675E1));
#3288=VERTEX_POINT('',#3287);
#3289=CARTESIAN_POINT('',(3.338051779520E-1,1.194720225966E-1,-1.675E1));
#3290=VERTEX_POINT('',#3289);
#3291=CARTESIAN_POINT('',(3.831814612160E-1,1.339420376559E-1,-1.675E1));
#3292=CARTESIAN_POINT('',(5.650454165120E-1,2.070438865474E-1,-1.675E1));
#3293=VERTEX_POINT('',#3291);
#3294=VERTEX_POINT('',#3292);
#3295=CARTESIAN_POINT('',(5.650454165120E-1,2.070438865474E-1,
-1.665388650160E1));
#3296=VERTEX_POINT('',#3295);
#3297=CARTESIAN_POINT('',(7.176485352320E-1,2.961472684102E-1,
-1.665388650160E1));
#3298=VERTEX_POINT('',#3297);
#3299=VERTEX_POINT('',#2373);
#3300=VERTEX_POINT('',#2362);
#3301=CARTESIAN_POINT('',(3.831814612160E-1,1.339420376559E-1,-1.6420816E1));
#3302=VERTEX_POINT('',#3301);
#3303=CARTESIAN_POINT('',(5.650454165120E-1,2.070438865474E-1,
-1.656203988621E1));
#3304=CARTESIAN_POINT('',(5.650454165120E-1,2.070438865474E-1,
-1.651306882845E1));
#3305=VERTEX_POINT('',#3303);
#3306=VERTEX_POINT('',#3304);
#3307=CARTESIAN_POINT('',(7.176485352320E-1,2.961472684102E-1,
-1.651306882845E1));
#3308=VERTEX_POINT('',#3307);
#3309=VERTEX_POINT('',#2402);
#3310=CARTESIAN_POINT('',(-1.E0,4.430821426391E-1,-1.675E1));
#3311=CARTESIAN_POINT('',(-7.931424203200E-1,2.575600240338E-1,-1.675E1));
#3312=VERTEX_POINT('',#3310);
#3313=VERTEX_POINT('',#3311);
#3314=VERTEX_POINT('',#2217);
#3315=CARTESIAN_POINT('',(-6.097903307633E-1,1.455682864905E-1,
-1.671504954717E1));
#3316=VERTEX_POINT('',#3315);
#3317=VERTEX_POINT('',#2199);
#3318=CARTESIAN_POINT('',(-3.863358455680E-1,5.646043182697E-2,-1.675E1));
#3319=VERTEX_POINT('',#3318);
#3320=VERTEX_POINT('',#2178);
#3321=VERTEX_POINT('',#2163);
#3322=VERTEX_POINT('',#2409);
#3323=VERTEX_POINT('',#2412);
#3324=CARTESIAN_POINT('',(-7.381853710846E-1,2.196981120441E-1,
-1.663214422758E1));
#3325=VERTEX_POINT('',#3324);
#3326=VERTEX_POINT('',#2535);
#3327=VERTEX_POINT('',#2538);
#3328=VERTEX_POINT('',#2526);
#3329=CARTESIAN_POINT('',(-3.759724748800E-1,5.341035862051E-2,-1.675E1));
#3330=CARTESIAN_POINT('',(-3.759724748800E-1,5.341035862050E-2,-1.6420816E1));
#3331=VERTEX_POINT('',#3329);
#3332=VERTEX_POINT('',#3330);
#3333=CARTESIAN_POINT('',(-1.949212748800E-1,1.414607961830E-2,-1.675E1));
#3334=VERTEX_POINT('',#3333);
#3335=CARTESIAN_POINT('',(-1.949212748800E-1,1.414607961830E-2,
-1.653755435733E1));
#3336=VERTEX_POINT('',#3335);
#3337=VERTEX_POINT('',#2486);
#3338=CARTESIAN_POINT('',(6.293974457600E-2,1.467987568442E-3,-1.675E1));
#3339=VERTEX_POINT('',#3338);
#3340=VERTEX_POINT('',#2473);
#3341=CARTESIAN_POINT('',(1.527539779520E-1,8.669980124265E-3,-1.675E1));
#3342=VERTEX_POINT('',#3341);
#3343=CARTESIAN_POINT('',(3.338051779520E-1,4.191968779725E-2,-1.675E1));
#3344=VERTEX_POINT('',#3343);
#3345=CARTESIAN_POINT('',(3.338051779520E-1,4.191968779725E-2,-1.6420816E1));
#3346=VERTEX_POINT('',#3345);
#3347=CARTESIAN_POINT('',(3.831814612160E-1,5.552251167493E-2,-1.675E1));
#3348=CARTESIAN_POINT('',(5.650454165120E-1,1.239397742041E-1,-1.675E1));
#3349=VERTEX_POINT('',#3347);
#3350=VERTEX_POINT('',#3348);
#3351=CARTESIAN_POINT('',(5.650454165120E-1,1.239397742041E-1,
-1.665388650160E1));
#3352=VERTEX_POINT('',#3351);
#3353=CARTESIAN_POINT('',(7.176485352320E-1,2.065488292545E-1,
-1.665388650160E1));
#3354=VERTEX_POINT('',#3353);
#3355=VERTEX_POINT('',#1168);
#3356=VERTEX_POINT('',#1180);
#3357=CARTESIAN_POINT('',(3.831814612160E-1,5.552251167493E-2,-1.6420816E1));
#3358=VERTEX_POINT('',#3357);
#3359=CARTESIAN_POINT('',(5.650454165120E-1,1.239397742041E-1,
-1.656203988621E1));
#3360=CARTESIAN_POINT('',(5.650454165120E-1,1.239397742041E-1,
-1.651306882845E1));
#3361=VERTEX_POINT('',#3359);
#3362=VERTEX_POINT('',#3360);
#3363=CARTESIAN_POINT('',(7.176485352320E-1,2.065488292545E-1,
-1.651306882845E1));
#3364=VERTEX_POINT('',#3363);
#3365=VERTEX_POINT('',#1192);
#3366=CARTESIAN_POINT('',(0.E0,1.45E0,5.65E-1));
#3367=DIRECTION('',(0.E0,0.E0,-1.E0));
#3368=DIRECTION('',(0.E0,-1.E0,0.E0));
#3369=AXIS2_PLACEMENT_3D('',#3366,#3367,#3368);
#3370=CYLINDRICAL_SURFACE('',#3369,7.E-1);
#3372=ORIENTED_EDGE('',*,*,#3371,.F.);
#3374=ORIENTED_EDGE('',*,*,#3373,.F.);
#3376=ORIENTED_EDGE('',*,*,#3375,.T.);
#3378=ORIENTED_EDGE('',*,*,#3377,.T.);
#3380=ORIENTED_EDGE('',*,*,#3379,.F.);
#3382=ORIENTED_EDGE('',*,*,#3381,.F.);
#3384=ORIENTED_EDGE('',*,*,#3383,.F.);
#3386=ORIENTED_EDGE('',*,*,#3385,.F.);
#3388=ORIENTED_EDGE('',*,*,#3387,.F.);
#3390=ORIENTED_EDGE('',*,*,#3389,.F.);
#3392=ORIENTED_EDGE('',*,*,#3391,.F.);
#3394=ORIENTED_EDGE('',*,*,#3393,.F.);
#3395=EDGE_LOOP('',(#3372,#3374,#3376,#3378,#3380,#3382,#3384,#3386,#3388,#3390,
#3392,#3394));
#3396=FACE_OUTER_BOUND('',#3395,.F.);
#3398=ORIENTED_EDGE('',*,*,#3397,.T.);
#3400=ORIENTED_EDGE('',*,*,#3399,.T.);
#3402=ORIENTED_EDGE('',*,*,#3401,.T.);
#3404=ORIENTED_EDGE('',*,*,#3403,.T.);
#3406=ORIENTED_EDGE('',*,*,#3405,.F.);
#3408=ORIENTED_EDGE('',*,*,#3407,.F.);
#3410=ORIENTED_EDGE('',*,*,#3409,.F.);
#3412=ORIENTED_EDGE('',*,*,#3411,.F.);
#3413=EDGE_LOOP('',(#3398,#3400,#3402,#3404,#3406,#3408,#3410,#3412));
#3414=FACE_BOUND('',#3413,.F.);
#3415=ADVANCED_FACE('',(#3396,#3414),#3370,.F.);
#3416=CARTESIAN_POINT('',(6.894399988071E-1,2.028508848718E0,-4.45E0));
#3417=DIRECTION('',(-6.427876096865E-1,7.660444431190E-1,0.E0));
#3418=DIRECTION('',(-7.660444431190E-1,-6.427876096865E-1,0.E0));
#3419=AXIS2_PLACEMENT_3D('',#3416,#3417,#3418);
#3420=PLANE('',#3419);
#3422=ORIENTED_EDGE('',*,*,#3421,.T.);
#3423=ORIENTED_EDGE('',*,*,#3397,.F.);
#3425=ORIENTED_EDGE('',*,*,#3424,.F.);
#3427=ORIENTED_EDGE('',*,*,#3426,.T.);
#3428=EDGE_LOOP('',(#3422,#3423,#3425,#3427));
#3429=FACE_OUTER_BOUND('',#3428,.F.);
#3430=ADVANCED_FACE('',(#3429),#3420,.F.);
#3431=CARTESIAN_POINT('',(6.894399988071E-1,2.028508848718E0,-4.45E0));
#3432=DIRECTION('',(-6.427876096865E-1,7.660444431190E-1,0.E0));
#3433=DIRECTION('',(-7.660444431190E-1,-6.427876096865E-1,0.E0));
#3434=AXIS2_PLACEMENT_3D('',#3431,#3432,#3433);
#3435=PLANE('',#3434);
#3437=ORIENTED_EDGE('',*,*,#3436,.F.);
#3439=ORIENTED_EDGE('',*,*,#3438,.T.);
#3441=ORIENTED_EDGE('',*,*,#3440,.T.);
#3442=ORIENTED_EDGE('',*,*,#3401,.F.);
#3443=EDGE_LOOP('',(#3437,#3439,#3441,#3442));
#3444=FACE_OUTER_BOUND('',#3443,.F.);
#3445=ADVANCED_FACE('',(#3444),#3435,.F.);
#3446=CARTESIAN_POINT('',(0.E0,0.E0,-6.8E0));
#3447=DIRECTION('',(0.E0,0.E0,-1.E0));
#3448=DIRECTION('',(-1.E0,0.E0,0.E0));
#3449=AXIS2_PLACEMENT_3D('',#3446,#3447,#3448);
#3450=PLANE('',#3449);
#3451=ORIENTED_EDGE('',*,*,#3421,.F.);
#3453=ORIENTED_EDGE('',*,*,#3452,.T.);
#3455=ORIENTED_EDGE('',*,*,#3454,.T.);
#3457=ORIENTED_EDGE('',*,*,#3456,.T.);
#3459=ORIENTED_EDGE('',*,*,#3458,.T.);
#3460=EDGE_LOOP('',(#3451,#3453,#3455,#3457,#3459));
#3461=FACE_OUTER_BOUND('',#3460,.F.);
#3462=ADVANCED_FACE('',(#3461),#3450,.F.);
#3463=CARTESIAN_POINT('',(0.E0,0.E0,-6.8E0));
#3464=DIRECTION('',(0.E0,0.E0,-1.E0));
#3465=DIRECTION('',(-1.E0,0.E0,0.E0));
#3466=AXIS2_PLACEMENT_3D('',#3463,#3464,#3465);
#3467=PLANE('',#3466);
#3469=ORIENTED_EDGE('',*,*,#3468,.F.);
#3471=ORIENTED_EDGE('',*,*,#3470,.T.);
#3473=ORIENTED_EDGE('',*,*,#3472,.T.);
#3475=ORIENTED_EDGE('',*,*,#3474,.T.);
#3477=ORIENTED_EDGE('',*,*,#3476,.T.);
#3478=EDGE_LOOP('',(#3469,#3471,#3473,#3475,#3477));
#3479=FACE_OUTER_BOUND('',#3478,.F.);
#3480=ADVANCED_FACE('',(#3479),#3467,.F.);
#3481=CARTESIAN_POINT('',(0.E0,0.E0,-6.8E0));
#3482=DIRECTION('',(0.E0,0.E0,-1.E0));
#3483=DIRECTION('',(-1.E0,0.E0,0.E0));
#3484=AXIS2_PLACEMENT_3D('',#3481,#3482,#3483);
#3485=PLANE('',#3484);
#3487=ORIENTED_EDGE('',*,*,#3486,.F.);
#3489=ORIENTED_EDGE('',*,*,#3488,.T.);
#3491=ORIENTED_EDGE('',*,*,#3490,.T.);
#3493=ORIENTED_EDGE('',*,*,#3492,.T.);
#3495=ORIENTED_EDGE('',*,*,#3494,.T.);
#3496=EDGE_LOOP('',(#3487,#3489,#3491,#3493,#3495));
#3497=FACE_OUTER_BOUND('',#3496,.F.);
#3498=ADVANCED_FACE('',(#3497),#3485,.F.);
#3499=CARTESIAN_POINT('',(0.E0,0.E0,-6.8E0));
#3500=DIRECTION('',(0.E0,0.E0,-1.E0));
#3501=DIRECTION('',(-1.E0,0.E0,0.E0));
#3502=AXIS2_PLACEMENT_3D('',#3499,#3500,#3501);
#3503=PLANE('',#3502);
#3505=ORIENTED_EDGE('',*,*,#3504,.F.);
#3507=ORIENTED_EDGE('',*,*,#3506,.T.);
#3509=ORIENTED_EDGE('',*,*,#3508,.T.);
#3511=ORIENTED_EDGE('',*,*,#3510,.T.);
#3513=ORIENTED_EDGE('',*,*,#3512,.T.);
#3514=EDGE_LOOP('',(#3505,#3507,#3509,#3511,#3513));
#3515=FACE_OUTER_BOUND('',#3514,.F.);
#3516=ADVANCED_FACE('',(#3515),#3503,.F.);
#3517=CARTESIAN_POINT('',(0.E0,1.45E0,5.65E-1));
#3518=DIRECTION('',(0.E0,0.E0,-1.E0));
#3519=DIRECTION('',(0.E0,-1.E0,0.E0));
#3520=AXIS2_PLACEMENT_3D('',#3517,#3518,#3519);
#3521=CYLINDRICAL_SURFACE('',#3520,9.E-1);
#3523=ORIENTED_EDGE('',*,*,#3522,.T.);
#3525=ORIENTED_EDGE('',*,*,#3524,.T.);
#3527=ORIENTED_EDGE('',*,*,#3526,.T.);
#3529=ORIENTED_EDGE('',*,*,#3528,.T.);
#3531=ORIENTED_EDGE('',*,*,#3530,.T.);
#3533=ORIENTED_EDGE('',*,*,#3532,.T.);
#3535=ORIENTED_EDGE('',*,*,#3534,.T.);
#3537=ORIENTED_EDGE('',*,*,#3536,.T.);
#3539=ORIENTED_EDGE('',*,*,#3538,.T.);
#3541=ORIENTED_EDGE('',*,*,#3540,.T.);
#3543=ORIENTED_EDGE('',*,*,#3542,.T.);
#3545=ORIENTED_EDGE('',*,*,#3544,.T.);
#3547=ORIENTED_EDGE('',*,*,#3546,.T.);
#3549=ORIENTED_EDGE('',*,*,#3548,.F.);
#3551=ORIENTED_EDGE('',*,*,#3550,.F.);
#3552=EDGE_LOOP('',(#3523,#3525,#3527,#3529,#3531,#3533,#3535,#3537,#3539,#3541,
#3543,#3545,#3547,#3549,#3551));
#3553=FACE_OUTER_BOUND('',#3552,.F.);
#3555=ORIENTED_EDGE('',*,*,#3554,.T.);
#3557=ORIENTED_EDGE('',*,*,#3556,.T.);
#3558=ORIENTED_EDGE('',*,*,#3476,.F.);
#3560=ORIENTED_EDGE('',*,*,#3559,.T.);
#3562=ORIENTED_EDGE('',*,*,#3561,.T.);
#3564=ORIENTED_EDGE('',*,*,#3563,.T.);
#3566=ORIENTED_EDGE('',*,*,#3565,.F.);
#3567=ORIENTED_EDGE('',*,*,#3438,.F.);
#3569=ORIENTED_EDGE('',*,*,#3568,.T.);
#3571=ORIENTED_EDGE('',*,*,#3570,.F.);
#3572=ORIENTED_EDGE('',*,*,#3452,.F.);
#3573=ORIENTED_EDGE('',*,*,#3426,.F.);
#3575=ORIENTED_EDGE('',*,*,#3574,.T.);
#3577=ORIENTED_EDGE('',*,*,#3576,.T.);
#3578=EDGE_LOOP('',(#3555,#3557,#3558,#3560,#3562,#3564,#3566,#3567,#3569,#3571,
#3572,#3573,#3575,#3577));
#3579=FACE_BOUND('',#3578,.F.);
#3580=ADVANCED_FACE('',(#3553,#3579),#3521,.T.);
#3581=CARTESIAN_POINT('',(0.E0,0.E0,-4.45E0));
#3582=DIRECTION('',(0.E0,0.E0,1.E0));
#3583=DIRECTION('',(1.E0,0.E0,0.E0));
#3584=AXIS2_PLACEMENT_3D('',#3581,#3582,#3583);
#3585=PLANE('',#3584);
#3586=ORIENTED_EDGE('',*,*,#3574,.F.);
#3587=ORIENTED_EDGE('',*,*,#3424,.T.);
#3588=ORIENTED_EDGE('',*,*,#3411,.T.);
#3590=ORIENTED_EDGE('',*,*,#3589,.T.);
#3591=ORIENTED_EDGE('',*,*,#3554,.F.);
#3593=ORIENTED_EDGE('',*,*,#3592,.F.);
#3594=EDGE_LOOP('',(#3586,#3587,#3588,#3590,#3591,#3593));
#3595=FACE_OUTER_BOUND('',#3594,.F.);
#3596=ADVANCED_FACE('',(#3595),#3585,.F.);
#3597=CARTESIAN_POINT('',(0.E0,0.E0,-4.45E0));
#3598=DIRECTION('',(0.E0,0.E0,1.E0));
#3599=DIRECTION('',(1.E0,0.E0,0.E0));
#3600=AXIS2_PLACEMENT_3D('',#3597,#3598,#3599);
#3601=PLANE('',#3600);
#3603=ORIENTED_EDGE('',*,*,#3602,.F.);
#3605=ORIENTED_EDGE('',*,*,#3604,.T.);
#3607=ORIENTED_EDGE('',*,*,#3606,.T.);
#3609=ORIENTED_EDGE('',*,*,#3608,.T.);
#3611=ORIENTED_EDGE('',*,*,#3610,.F.);
#3613=ORIENTED_EDGE('',*,*,#3612,.F.);
#3614=EDGE_LOOP('',(#3603,#3605,#3607,#3609,#3611,#3613));
#3615=FACE_OUTER_BOUND('',#3614,.F.);
#3616=ADVANCED_FACE('',(#3615),#3601,.F.);
#3617=CARTESIAN_POINT('',(5.362311101833E-1,1.000048673219E0,-4.45E0));
#3618=DIRECTION('',(-6.427876096865E-1,-7.660444431190E-1,0.E0));
#3619=DIRECTION('',(7.660444431190E-1,-6.427876096865E-1,0.E0));
#3620=AXIS2_PLACEMENT_3D('',#3617,#3618,#3619);
#3621=PLANE('',#3620);
#3622=ORIENTED_EDGE('',*,*,#3468,.T.);
#3623=ORIENTED_EDGE('',*,*,#3556,.F.);
#3624=ORIENTED_EDGE('',*,*,#3589,.F.);
#3625=ORIENTED_EDGE('',*,*,#3409,.T.);
#3626=EDGE_LOOP('',(#3622,#3623,#3624,#3625));
#3627=FACE_OUTER_BOUND('',#3626,.F.);
#3628=ADVANCED_FACE('',(#3627),#3621,.F.);
#3629=CARTESIAN_POINT('',(5.362311101833E-1,1.000048673219E0,-4.45E0));
#3630=DIRECTION('',(-6.427876096865E-1,-7.660444431190E-1,0.E0));
#3631=DIRECTION('',(7.660444431190E-1,-6.427876096865E-1,0.E0));
#3632=AXIS2_PLACEMENT_3D('',#3629,#3630,#3631);
#3633=PLANE('',#3632);
#3635=ORIENTED_EDGE('',*,*,#3634,.F.);
#3636=ORIENTED_EDGE('',*,*,#3405,.T.);
#3638=ORIENTED_EDGE('',*,*,#3637,.T.);
#3639=ORIENTED_EDGE('',*,*,#3563,.F.);
#3640=EDGE_LOOP('',(#3635,#3636,#3638,#3639));
#3641=FACE_OUTER_BOUND('',#3640,.F.);
#3642=ADVANCED_FACE('',(#3641),#3633,.F.);
#3643=CARTESIAN_POINT('',(0.E0,0.E0,-7.1E0));
#3644=DIRECTION('',(0.E0,0.E0,-1.E0));
#3645=DIRECTION('',(-1.E0,0.E0,0.E0));
#3646=AXIS2_PLACEMENT_3D('',#3643,#3644,#3645);
#3647=PLANE('',#3646);
#3648=ORIENTED_EDGE('',*,*,#3436,.T.);
#3650=ORIENTED_EDGE('',*,*,#3649,.F.);
#3652=ORIENTED_EDGE('',*,*,#3651,.F.);
#3654=ORIENTED_EDGE('',*,*,#3653,.F.);
#3655=ORIENTED_EDGE('',*,*,#3568,.F.);
#3656=EDGE_LOOP('',(#3648,#3650,#3652,#3654,#3655));
#3657=FACE_OUTER_BOUND('',#3656,.F.);
#3658=ADVANCED_FACE('',(#3657),#3647,.T.);
#3659=CARTESIAN_POINT('',(0.E0,0.E0,-7.1E0));
#3660=DIRECTION('',(0.E0,0.E0,-1.E0));
#3661=DIRECTION('',(-1.E0,0.E0,0.E0));
#3662=AXIS2_PLACEMENT_3D('',#3659,#3660,#3661);
#3663=PLANE('',#3662);
#3664=ORIENTED_EDGE('',*,*,#3634,.T.);
#3665=ORIENTED_EDGE('',*,*,#3561,.F.);
#3667=ORIENTED_EDGE('',*,*,#3666,.F.);
#3669=ORIENTED_EDGE('',*,*,#3668,.F.);
#3671=ORIENTED_EDGE('',*,*,#3670,.F.);
#3672=EDGE_LOOP('',(#3664,#3665,#3667,#3669,#3671));
#3673=FACE_OUTER_BOUND('',#3672,.F.);
#3674=ADVANCED_FACE('',(#3673),#3663,.T.);
#3675=CARTESIAN_POINT('',(0.E0,0.E0,-7.1E0));
#3676=DIRECTION('',(0.E0,0.E0,-1.E0));
#3677=DIRECTION('',(-1.E0,0.E0,0.E0));
#3678=AXIS2_PLACEMENT_3D('',#3675,#3676,#3677);
#3679=PLANE('',#3678);
#3681=ORIENTED_EDGE('',*,*,#3680,.T.);
#3683=ORIENTED_EDGE('',*,*,#3682,.F.);
#3685=ORIENTED_EDGE('',*,*,#3684,.F.);
#3687=ORIENTED_EDGE('',*,*,#3686,.F.);
#3689=ORIENTED_EDGE('',*,*,#3688,.F.);
#3690=EDGE_LOOP('',(#3681,#3683,#3685,#3687,#3689));
#3691=FACE_OUTER_BOUND('',#3690,.F.);
#3692=ADVANCED_FACE('',(#3691),#3679,.T.);
#3693=CARTESIAN_POINT('',(0.E0,0.E0,-7.1E0));
#3694=DIRECTION('',(0.E0,0.E0,-1.E0));
#3695=DIRECTION('',(-1.E0,0.E0,0.E0));
#3696=AXIS2_PLACEMENT_3D('',#3693,#3694,#3695);
#3697=PLANE('',#3696);
#3699=ORIENTED_EDGE('',*,*,#3698,.T.);
#3701=ORIENTED_EDGE('',*,*,#3700,.F.);
#3703=ORIENTED_EDGE('',*,*,#3702,.F.);
#3705=ORIENTED_EDGE('',*,*,#3704,.F.);
#3707=ORIENTED_EDGE('',*,*,#3706,.F.);
#3708=EDGE_LOOP('',(#3699,#3701,#3703,#3705,#3707));
#3709=FACE_OUTER_BOUND('',#3708,.F.);
#3710=ADVANCED_FACE('',(#3709),#3697,.T.);
#3711=CARTESIAN_POINT('',(5.362314759300E-1,1.767651633678E0,-6.8E0));
#3712=DIRECTION('',(-1.E0,0.E0,0.E0));
#3713=DIRECTION('',(0.E0,1.E0,0.E0));
#3714=AXIS2_PLACEMENT_3D('',#3711,#3712,#3713);
#3715=PLANE('',#3714);
#3716=ORIENTED_EDGE('',*,*,#3458,.F.);
#3718=ORIENTED_EDGE('',*,*,#3717,.T.);
#3719=ORIENTED_EDGE('',*,*,#3649,.T.);
#3720=ORIENTED_EDGE('',*,*,#3399,.F.);
#3721=EDGE_LOOP('',(#3716,#3718,#3719,#3720));
#3722=FACE_OUTER_BOUND('',#3721,.F.);
#3723=ADVANCED_FACE('',(#3722),#3715,.T.);
#3724=CARTESIAN_POINT('',(7.362314759300E-1,1.767651633678E0,-6.8E0));
#3725=DIRECTION('',(0.E0,-1.E0,0.E0));
#3726=DIRECTION('',(-1.E0,0.E0,0.E0));
#3727=AXIS2_PLACEMENT_3D('',#3724,#3725,#3726);
#3728=PLANE('',#3727);
#3729=ORIENTED_EDGE('',*,*,#3456,.F.);
#3731=ORIENTED_EDGE('',*,*,#3730,.T.);
#3732=ORIENTED_EDGE('',*,*,#3651,.T.);
#3733=ORIENTED_EDGE('',*,*,#3717,.F.);
#3734=EDGE_LOOP('',(#3729,#3731,#3732,#3733));
#3735=FACE_OUTER_BOUND('',#3734,.F.);
#3736=ADVANCED_FACE('',(#3735),#3728,.T.);
#3737=CARTESIAN_POINT('',(7.362314759300E-1,1.967651633678E0,-6.8E0));
#3738=DIRECTION('',(1.E0,0.E0,0.E0));
#3739=DIRECTION('',(0.E0,-1.E0,0.E0));
#3740=AXIS2_PLACEMENT_3D('',#3737,#3738,#3739);
#3741=PLANE('',#3740);
#3742=ORIENTED_EDGE('',*,*,#3454,.F.);
#3743=ORIENTED_EDGE('',*,*,#3570,.T.);
#3744=ORIENTED_EDGE('',*,*,#3653,.T.);
#3745=ORIENTED_EDGE('',*,*,#3730,.F.);
#3746=EDGE_LOOP('',(#3742,#3743,#3744,#3745));
#3747=FACE_OUTER_BOUND('',#3746,.F.);
#3748=ADVANCED_FACE('',(#3747),#3741,.T.);
#3749=CARTESIAN_POINT('',(7.362314759300E-1,1.132348366322E0,-6.8E0));
#3750=DIRECTION('',(1.E0,0.E0,0.E0));
#3751=DIRECTION('',(0.E0,-1.E0,0.E0));
#3752=AXIS2_PLACEMENT_3D('',#3749,#3750,#3751);
#3753=PLANE('',#3752);
#3754=ORIENTED_EDGE('',*,*,#3474,.F.);
#3756=ORIENTED_EDGE('',*,*,#3755,.T.);
#3757=ORIENTED_EDGE('',*,*,#3666,.T.);
#3758=ORIENTED_EDGE('',*,*,#3559,.F.);
#3759=EDGE_LOOP('',(#3754,#3756,#3757,#3758));
#3760=FACE_OUTER_BOUND('',#3759,.F.);
#3761=ADVANCED_FACE('',(#3760),#3753,.T.);
#3762=CARTESIAN_POINT('',(5.362314759300E-1,1.132348366322E0,-6.8E0));
#3763=DIRECTION('',(0.E0,1.E0,0.E0));
#3764=DIRECTION('',(1.E0,0.E0,0.E0));
#3765=AXIS2_PLACEMENT_3D('',#3762,#3763,#3764);
#3766=PLANE('',#3765);
#3767=ORIENTED_EDGE('',*,*,#3472,.F.);
#3769=ORIENTED_EDGE('',*,*,#3768,.T.);
#3770=ORIENTED_EDGE('',*,*,#3668,.T.);
#3771=ORIENTED_EDGE('',*,*,#3755,.F.);
#3772=EDGE_LOOP('',(#3767,#3769,#3770,#3771));
#3773=FACE_OUTER_BOUND('',#3772,.F.);
#3774=ADVANCED_FACE('',(#3773),#3766,.T.);
#3775=CARTESIAN_POINT('',(5.362314759300E-1,1.000048366322E0,-6.8E0));
#3776=DIRECTION('',(-1.E0,0.E0,0.E0));
#3777=DIRECTION('',(0.E0,1.E0,0.E0));
#3778=AXIS2_PLACEMENT_3D('',#3775,#3776,#3777);
#3779=PLANE('',#3778);
#3780=ORIENTED_EDGE('',*,*,#3407,.T.);
#3781=ORIENTED_EDGE('',*,*,#3670,.T.);
#3782=ORIENTED_EDGE('',*,*,#3768,.F.);
#3783=ORIENTED_EDGE('',*,*,#3470,.F.);
#3784=EDGE_LOOP('',(#3780,#3781,#3782,#3783));
#3785=FACE_OUTER_BOUND('',#3784,.F.);
#3786=ADVANCED_FACE('',(#3785),#3779,.T.);
#3787=CARTESIAN_POINT('',(-6.894399988071E-1,8.714911512821E-1,-4.45E0));
#3788=DIRECTION('',(6.427876096865E-1,-7.660444431190E-1,0.E0));
#3789=DIRECTION('',(7.660444431190E-1,6.427876096865E-1,0.E0));
#3790=AXIS2_PLACEMENT_3D('',#3787,#3788,#3789);
#3791=PLANE('',#3790);
#3792=ORIENTED_EDGE('',*,*,#3486,.T.);
#3794=ORIENTED_EDGE('',*,*,#3793,.F.);
#3795=ORIENTED_EDGE('',*,*,#3604,.F.);
#3797=ORIENTED_EDGE('',*,*,#3796,.T.);
#3798=EDGE_LOOP('',(#3792,#3794,#3795,#3797));
#3799=FACE_OUTER_BOUND('',#3798,.F.);
#3800=ADVANCED_FACE('',(#3799),#3791,.F.);
#3801=CARTESIAN_POINT('',(-6.894399988071E-1,8.714911512821E-1,-4.45E0));
#3802=DIRECTION('',(6.427876096865E-1,-7.660444431190E-1,0.E0));
#3803=DIRECTION('',(7.660444431190E-1,6.427876096865E-1,0.E0));
#3804=AXIS2_PLACEMENT_3D('',#3801,#3802,#3803);
#3805=PLANE('',#3804);
#3806=ORIENTED_EDGE('',*,*,#3680,.F.);
#3808=ORIENTED_EDGE('',*,*,#3807,.T.);
#3810=ORIENTED_EDGE('',*,*,#3809,.T.);
#3812=ORIENTED_EDGE('',*,*,#3811,.F.);
#3813=EDGE_LOOP('',(#3806,#3808,#3810,#3812));
#3814=FACE_OUTER_BOUND('',#3813,.F.);
#3815=ADVANCED_FACE('',(#3814),#3805,.F.);
#3816=CARTESIAN_POINT('',(0.E0,1.45E0,5.65E-1));
#3817=DIRECTION('',(0.E0,0.E0,-1.E0));
#3818=DIRECTION('',(0.E0,-1.E0,0.E0));
#3819=AXIS2_PLACEMENT_3D('',#3816,#3817,#3818);
#3820=CYLINDRICAL_SURFACE('',#3819,7.E-1);
#3822=ORIENTED_EDGE('',*,*,#3821,.F.);
#3824=ORIENTED_EDGE('',*,*,#3823,.F.);
#3826=ORIENTED_EDGE('',*,*,#3825,.F.);
#3828=ORIENTED_EDGE('',*,*,#3827,.F.);
#3830=ORIENTED_EDGE('',*,*,#3829,.F.);
#3832=ORIENTED_EDGE('',*,*,#3831,.F.);
#3834=ORIENTED_EDGE('',*,*,#3833,.F.);
#3836=ORIENTED_EDGE('',*,*,#3835,.F.);
#3838=ORIENTED_EDGE('',*,*,#3837,.F.);
#3839=ORIENTED_EDGE('',*,*,#3377,.F.);
#3841=ORIENTED_EDGE('',*,*,#3840,.F.);
#3842=ORIENTED_EDGE('',*,*,#3373,.T.);
#3843=EDGE_LOOP('',(#3822,#3824,#3826,#3828,#3830,#3832,#3834,#3836,#3838,#3839,
#3841,#3842));
#3844=FACE_OUTER_BOUND('',#3843,.F.);
#3845=ORIENTED_EDGE('',*,*,#3793,.T.);
#3847=ORIENTED_EDGE('',*,*,#3846,.T.);
#3848=ORIENTED_EDGE('',*,*,#3811,.T.);
#3850=ORIENTED_EDGE('',*,*,#3849,.T.);
#3852=ORIENTED_EDGE('',*,*,#3851,.F.);
#3854=ORIENTED_EDGE('',*,*,#3853,.F.);
#3856=ORIENTED_EDGE('',*,*,#3855,.F.);
#3857=ORIENTED_EDGE('',*,*,#3606,.F.);
#3858=EDGE_LOOP('',(#3845,#3847,#3848,#3850,#3852,#3854,#3856,#3857));
#3859=FACE_BOUND('',#3858,.F.);
#3860=ADVANCED_FACE('',(#3844,#3859),#3820,.F.);
#3861=CARTESIAN_POINT('',(-5.362314759300E-1,1.132348366322E0,-6.8E0));
#3862=DIRECTION('',(1.E0,0.E0,0.E0));
#3863=DIRECTION('',(0.E0,-1.E0,0.E0));
#3864=AXIS2_PLACEMENT_3D('',#3861,#3862,#3863);
#3865=PLANE('',#3864);
#3866=ORIENTED_EDGE('',*,*,#3846,.F.);
#3867=ORIENTED_EDGE('',*,*,#3494,.F.);
#3869=ORIENTED_EDGE('',*,*,#3868,.T.);
#3870=ORIENTED_EDGE('',*,*,#3682,.T.);
#3871=EDGE_LOOP('',(#3866,#3867,#3869,#3870));
#3872=FACE_OUTER_BOUND('',#3871,.F.);
#3873=ADVANCED_FACE('',(#3872),#3865,.T.);
#3874=CARTESIAN_POINT('',(-7.362314759300E-1,1.132348366322E0,-6.8E0));
#3875=DIRECTION('',(0.E0,1.E0,0.E0));
#3876=DIRECTION('',(1.E0,0.E0,0.E0));
#3877=AXIS2_PLACEMENT_3D('',#3874,#3875,#3876);
#3878=PLANE('',#3877);
#3879=ORIENTED_EDGE('',*,*,#3492,.F.);
#3881=ORIENTED_EDGE('',*,*,#3880,.T.);
#3882=ORIENTED_EDGE('',*,*,#3684,.T.);
#3883=ORIENTED_EDGE('',*,*,#3868,.F.);
#3884=EDGE_LOOP('',(#3879,#3881,#3882,#3883));
#3885=FACE_OUTER_BOUND('',#3884,.F.);
#3886=ADVANCED_FACE('',(#3885),#3878,.T.);
#3887=CARTESIAN_POINT('',(-7.362314759300E-1,9.323483663215E-1,-6.8E0));
#3888=DIRECTION('',(-1.E0,0.E0,0.E0));
#3889=DIRECTION('',(0.E0,1.E0,0.E0));
#3890=AXIS2_PLACEMENT_3D('',#3887,#3888,#3889);
#3891=PLANE('',#3890);
#3892=ORIENTED_EDGE('',*,*,#3490,.F.);
#3894=ORIENTED_EDGE('',*,*,#3893,.T.);
#3895=ORIENTED_EDGE('',*,*,#3686,.T.);
#3896=ORIENTED_EDGE('',*,*,#3880,.F.);
#3897=EDGE_LOOP('',(#3892,#3894,#3895,#3896));
#3898=FACE_OUTER_BOUND('',#3897,.F.);
#3899=ADVANCED_FACE('',(#3898),#3891,.T.);
#3900=CARTESIAN_POINT('',(0.E0,1.45E0,5.65E-1));
#3901=DIRECTION('',(0.E0,0.E0,-1.E0));
#3902=DIRECTION('',(0.E0,-1.E0,0.E0));
#3903=AXIS2_PLACEMENT_3D('',#3900,#3901,#3902);
#3904=CYLINDRICAL_SURFACE('',#3903,9.E-1);
#3906=ORIENTED_EDGE('',*,*,#3905,.T.);
#3907=ORIENTED_EDGE('',*,*,#3550,.T.);
#3909=ORIENTED_EDGE('',*,*,#3908,.T.);
#3910=ORIENTED_EDGE('',*,*,#3546,.F.);
#3912=ORIENTED_EDGE('',*,*,#3911,.T.);
#3914=ORIENTED_EDGE('',*,*,#3913,.T.);
#3916=ORIENTED_EDGE('',*,*,#3915,.T.);
#3918=ORIENTED_EDGE('',*,*,#3917,.T.);
#3920=ORIENTED_EDGE('',*,*,#3919,.T.);
#3922=ORIENTED_EDGE('',*,*,#3921,.T.);
#3924=ORIENTED_EDGE('',*,*,#3923,.T.);
#3926=ORIENTED_EDGE('',*,*,#3925,.T.);
#3928=ORIENTED_EDGE('',*,*,#3927,.T.);
#3930=ORIENTED_EDGE('',*,*,#3929,.T.);
#3932=ORIENTED_EDGE('',*,*,#3931,.T.);
#3933=EDGE_LOOP('',(#3906,#3907,#3909,#3910,#3912,#3914,#3916,#3918,#3920,#3922,
#3924,#3926,#3928,#3930,#3932));
#3934=FACE_OUTER_BOUND('',#3933,.F.);
#3935=ORIENTED_EDGE('',*,*,#3610,.T.);
#3937=ORIENTED_EDGE('',*,*,#3936,.T.);
#3938=ORIENTED_EDGE('',*,*,#3512,.F.);
#3940=ORIENTED_EDGE('',*,*,#3939,.T.);
#3941=ORIENTED_EDGE('',*,*,#3700,.T.);
#3943=ORIENTED_EDGE('',*,*,#3942,.T.);
#3945=ORIENTED_EDGE('',*,*,#3944,.F.);
#3946=ORIENTED_EDGE('',*,*,#3807,.F.);
#3947=ORIENTED_EDGE('',*,*,#3688,.T.);
#3948=ORIENTED_EDGE('',*,*,#3893,.F.);
#3949=ORIENTED_EDGE('',*,*,#3488,.F.);
#3950=ORIENTED_EDGE('',*,*,#3796,.F.);
#3951=ORIENTED_EDGE('',*,*,#3602,.T.);
#3953=ORIENTED_EDGE('',*,*,#3952,.T.);
#3954=EDGE_LOOP('',(#3935,#3937,#3938,#3940,#3941,#3943,#3945,#3946,#3947,#3948,
#3949,#3950,#3951,#3953));
#3955=FACE_BOUND('',#3954,.F.);
#3956=ADVANCED_FACE('',(#3934,#3955),#3904,.T.);
#3957=CARTESIAN_POINT('',(-5.362311101833E-1,1.899951326781E0,-4.45E0));
#3958=DIRECTION('',(6.427876096865E-1,7.660444431190E-1,0.E0));
#3959=DIRECTION('',(-7.660444431190E-1,6.427876096865E-1,0.E0));
#3960=AXIS2_PLACEMENT_3D('',#3957,#3958,#3959);
#3961=PLANE('',#3960);
#3962=ORIENTED_EDGE('',*,*,#3504,.T.);
#3963=ORIENTED_EDGE('',*,*,#3936,.F.);
#3964=ORIENTED_EDGE('',*,*,#3608,.F.);
#3965=ORIENTED_EDGE('',*,*,#3855,.T.);
#3966=EDGE_LOOP('',(#3962,#3963,#3964,#3965));
#3967=FACE_OUTER_BOUND('',#3966,.F.);
#3968=ADVANCED_FACE('',(#3967),#3961,.F.);
#3969=CARTESIAN_POINT('',(-5.362311101833E-1,1.899951326781E0,-4.45E0));
#3970=DIRECTION('',(6.427876096865E-1,7.660444431190E-1,0.E0));
#3971=DIRECTION('',(-7.660444431190E-1,6.427876096865E-1,0.E0));
#3972=AXIS2_PLACEMENT_3D('',#3969,#3970,#3971);
#3973=PLANE('',#3972);
#3974=ORIENTED_EDGE('',*,*,#3698,.F.);
#3975=ORIENTED_EDGE('',*,*,#3851,.T.);
#3977=ORIENTED_EDGE('',*,*,#3976,.T.);
#3978=ORIENTED_EDGE('',*,*,#3942,.F.);
#3979=EDGE_LOOP('',(#3974,#3975,#3977,#3978));
#3980=FACE_OUTER_BOUND('',#3979,.F.);
#3981=ADVANCED_FACE('',(#3980),#3973,.F.);
#3982=CARTESIAN_POINT('',(0.E0,0.E0,-7.3E0));
#3983=DIRECTION('',(0.E0,0.E0,1.E0));
#3984=DIRECTION('',(1.E0,0.E0,0.E0));
#3985=AXIS2_PLACEMENT_3D('',#3982,#3983,#3984);
#3986=PLANE('',#3985);
#3987=ORIENTED_EDGE('',*,*,#3403,.F.);
#3988=ORIENTED_EDGE('',*,*,#3440,.F.);
#3989=ORIENTED_EDGE('',*,*,#3565,.T.);
#3990=ORIENTED_EDGE('',*,*,#3637,.F.);
#3991=EDGE_LOOP('',(#3987,#3988,#3989,#3990));
#3992=FACE_OUTER_BOUND('',#3991,.F.);
#3993=ADVANCED_FACE('',(#3992),#3986,.T.);
#3994=CARTESIAN_POINT('',(0.E0,0.E0,-7.3E0));
#3995=DIRECTION('',(0.E0,0.E0,1.E0));
#3996=DIRECTION('',(1.E0,0.E0,0.E0));
#3997=AXIS2_PLACEMENT_3D('',#3994,#3995,#3996);
#3998=PLANE('',#3997);
#3999=ORIENTED_EDGE('',*,*,#3849,.F.);
#4000=ORIENTED_EDGE('',*,*,#3809,.F.);
#4001=ORIENTED_EDGE('',*,*,#3944,.T.);
#4002=ORIENTED_EDGE('',*,*,#3976,.F.);
#4003=EDGE_LOOP('',(#3999,#4000,#4001,#4002));
#4004=FACE_OUTER_BOUND('',#4003,.F.);
#4005=ADVANCED_FACE('',(#4004),#3998,.T.);
#4006=CARTESIAN_POINT('',(-7.362314759300E-1,1.767651633678E0,-6.8E0));
#4007=DIRECTION('',(-1.E0,0.E0,0.E0));
#4008=DIRECTION('',(0.E0,1.E0,0.E0));
#4009=AXIS2_PLACEMENT_3D('',#4006,#4007,#4008);
#4010=PLANE('',#4009);
#4011=ORIENTED_EDGE('',*,*,#3510,.F.);
#4013=ORIENTED_EDGE('',*,*,#4012,.T.);
#4014=ORIENTED_EDGE('',*,*,#3702,.T.);
#4015=ORIENTED_EDGE('',*,*,#3939,.F.);
#4016=EDGE_LOOP('',(#4011,#4013,#4014,#4015));
#4017=FACE_OUTER_BOUND('',#4016,.F.);
#4018=ADVANCED_FACE('',(#4017),#4010,.T.);
#4019=CARTESIAN_POINT('',(-5.362314759300E-1,1.767651633678E0,-6.8E0));
#4020=DIRECTION('',(0.E0,-1.E0,0.E0));
#4021=DIRECTION('',(-1.E0,0.E0,0.E0));
#4022=AXIS2_PLACEMENT_3D('',#4019,#4020,#4021);
#4023=PLANE('',#4022);
#4024=ORIENTED_EDGE('',*,*,#3508,.F.);
#4026=ORIENTED_EDGE('',*,*,#4025,.T.);
#4027=ORIENTED_EDGE('',*,*,#3704,.T.);
#4028=ORIENTED_EDGE('',*,*,#4012,.F.);
#4029=EDGE_LOOP('',(#4024,#4026,#4027,#4028));
#4030=FACE_OUTER_BOUND('',#4029,.F.);
#4031=ADVANCED_FACE('',(#4030),#4023,.T.);
#4032=CARTESIAN_POINT('',(-5.362314759300E-1,1.899951633678E0,-6.8E0));
#4033=DIRECTION('',(1.E0,0.E0,0.E0));
#4034=DIRECTION('',(0.E0,-1.E0,0.E0));
#4035=AXIS2_PLACEMENT_3D('',#4032,#4033,#4034);
#4036=PLANE('',#4035);
#4037=ORIENTED_EDGE('',*,*,#3853,.T.);
#4038=ORIENTED_EDGE('',*,*,#3706,.T.);
#4039=ORIENTED_EDGE('',*,*,#4025,.F.);
#4040=ORIENTED_EDGE('',*,*,#3506,.F.);
#4041=EDGE_LOOP('',(#4037,#4038,#4039,#4040));
#4042=FACE_OUTER_BOUND('',#4041,.F.);
#4043=ADVANCED_FACE('',(#4042),#4036,.T.);
#4044=CARTESIAN_POINT('',(-8.027821905395E-1,1.855683562496E0,
-4.414642271091E0));
#4045=CARTESIAN_POINT('',(-8.331605611211E-1,1.821196913095E0,
-5.348584136783E0));
#4046=CARTESIAN_POINT('',(-1.081696538651E0,1.786711573063E0,
-6.266817062933E0));
#4047=CARTESIAN_POINT('',(-1.516462772449E0,1.752224923774E0,
-7.076885660005E0));
#4048=CARTESIAN_POINT('',(-8.255334954042E-1,1.810920631656E0,
-4.414701784746E0));
#4049=CARTESIAN_POINT('',(-8.482137159365E-1,1.779318957921E0,
-5.345138858834E0));
#4050=CARTESIAN_POINT('',(-1.088330242077E0,1.747704434179E0,
-6.263506158091E0));
#4051=CARTESIAN_POINT('',(-1.516199488545E0,1.716102759335E0,
-7.077015078767E0));
#4052=CARTESIAN_POINT('',(-8.672525265480E-1,1.708316897935E0,
-4.414810914839E0));
#4053=CARTESIAN_POINT('',(-8.759009512845E-1,1.684498352203E0,
-5.338821478686E0));
#4054=CARTESIAN_POINT('',(-1.100421808145E0,1.660687118093E0,
-6.257471193485E0));
#4055=CARTESIAN_POINT('',(-1.515719476918E0,1.636868572992E0,
-7.077251031323E0));
#4056=CARTESIAN_POINT('',(-9.014944123920E-1,1.540529705954E0,
-4.414900485955E0));
#4057=CARTESIAN_POINT('',(-8.985801692165E-1,1.531893515625E0,
-5.333636219217E0));
#4058=CARTESIAN_POINT('',(-1.110385667834E0,1.523254697538E0,
-6.252498189973E0));
#4059=CARTESIAN_POINT('',(-1.515323991991E0,1.514618506982E0,
-7.077445434279E0));
#4060=CARTESIAN_POINT('',(-9.014944123920E-1,1.359470294046E0,
-4.414900485955E0));
#4061=CARTESIAN_POINT('',(-8.985801692165E-1,1.368106484375E0,
-5.333636219217E0));
#4062=CARTESIAN_POINT('',(-1.110385667834E0,1.376745302462E0,
-6.252498189973E0));
#4063=CARTESIAN_POINT('',(-1.515323991991E0,1.385381493018E0,
-7.077445434279E0));
#4064=CARTESIAN_POINT('',(-8.672525265480E-1,1.191683102065E0,
-4.414810914839E0));
#4065=CARTESIAN_POINT('',(-8.759009512845E-1,1.215501647797E0,
-5.338821478686E0));
#4066=CARTESIAN_POINT('',(-1.100421808145E0,1.239312881907E0,
-6.257471193485E0));
#4067=CARTESIAN_POINT('',(-1.515719476918E0,1.263131427008E0,
-7.077251031323E0));
#4068=CARTESIAN_POINT('',(-8.255334954042E-1,1.089079368344E0,
-4.414701784746E0));
#4069=CARTESIAN_POINT('',(-8.482137159365E-1,1.120681042079E0,
-5.345138858834E0));
#4070=CARTESIAN_POINT('',(-1.088330242077E0,1.152295565821E0,
-6.263506158091E0));
#4071=CARTESIAN_POINT('',(-1.516199488545E0,1.183897240665E0,
-7.077015078767E0));
#4072=CARTESIAN_POINT('',(-8.027821905395E-1,1.044316437504E0,
-4.414642271091E0));
#4073=CARTESIAN_POINT('',(-8.331605611211E-1,1.078803086905E0,
-5.348584136783E0));
#4074=CARTESIAN_POINT('',(-1.081696538651E0,1.113288426937E0,
-6.266817062933E0));
#4075=CARTESIAN_POINT('',(-1.516462772449E0,1.147775076226E0,
-7.076885660005E0));
#4076=B_SPLINE_SURFACE_WITH_KNOTS('',3,3,((#4044,#4045,#4046,#4047),(#4048,
#4049,#4050,#4051),(#4052,#4053,#4054,#4055),(#4056,#4057,#4058,#4059),(#4060,
#4061,#4062,#4063),(#4064,#4065,#4066,#4067),(#4068,#4069,#4070,#4071),(#4072,
#4073,#4074,#4075)),.UNSPECIFIED.,.F.,.F.,.F.,(4,1,1,1,1,4),(4,4),(
-5.896334265815E-3,1.752635966414E-1,3.917561313839E-1,6.082438686161E-1,
8.247364033586E-1,1.005896334266E0),(-5.850583890636E-3,4.536347984430E-1),
.UNSPECIFIED.);
#4077=ORIENTED_EDGE('',*,*,#3952,.F.);
#4079=ORIENTED_EDGE('',*,*,#4078,.T.);
#4081=ORIENTED_EDGE('',*,*,#4080,.F.);
#4083=ORIENTED_EDGE('',*,*,#4082,.F.);
#4084=EDGE_LOOP('',(#4077,#4079,#4081,#4083));
#4085=FACE_OUTER_BOUND('',#4084,.F.);
#4086=ADVANCED_FACE('',(#4085),#4076,.F.);
#4087=CARTESIAN_POINT('',(-8.083808351844E-1,1.048E0,-4.395739162942E0));
#4088=CARTESIAN_POINT('',(-8.352899614345E-1,1.082666666667E0,
-5.341574489470E0));
#4089=CARTESIAN_POINT('',(-1.086264143770E0,1.117333333333E0,
-6.272379154598E0));
#4090=CARTESIAN_POINT('',(-1.528364736549E0,1.152E0,-7.091911879980E0));
#4091=CARTESIAN_POINT('',(-7.282708980050E-1,1.048E0,-4.395280822865E0));
#4092=CARTESIAN_POINT('',(-7.589059886420E-1,1.082666666667E0,
-5.353574039924E0));
#4093=CARTESIAN_POINT('',(-1.016549065586E0,1.117333333333E0,
-6.295013481588E0));
#4094=CARTESIAN_POINT('',(-1.466788110960E0,1.152E0,-7.122419551858E0));
#4095=CARTESIAN_POINT('',(-6.481609608256E-1,1.048E0,-4.394822482789E0));
#4096=CARTESIAN_POINT('',(-6.825220158496E-1,1.082666666667E0,
-5.365573590377E0));
#4097=CARTESIAN_POINT('',(-9.468339874016E-1,1.117333333333E0,
-6.317647808579E0));
#4098=CARTESIAN_POINT('',(-1.405211485370E0,1.152E0,-7.152927223736E0));
#4099=CARTESIAN_POINT('',(-5.680510236463E-1,1.048E0,-4.394364142713E0));
#4100=CARTESIAN_POINT('',(-6.061380430571E-1,1.082666666667E0,
-5.377573140830E0));
#4101=CARTESIAN_POINT('',(-8.771189092172E-1,1.117333333333E0,
-6.340282135570E0));
#4102=CARTESIAN_POINT('',(-1.343634859780E0,1.152E0,-7.183434895614E0));
#4103=B_SPLINE_SURFACE_WITH_KNOTS('',3,3,((#4087,#4088,#4089,#4090),(#4091,
#4092,#4093,#4094),(#4095,#4096,#4097,#4098),(#4099,#4100,#4101,#4102)),
.UNSPECIFIED.,.F.,.F.,.F.,(4,4),(4,4),(-1.704085246068E-2,1.017040852461E0),(
-8.956081183654E-3,4.567601403663E-1),.UNSPECIFIED.);
#4105=ORIENTED_EDGE('',*,*,#4104,.T.);
#4107=ORIENTED_EDGE('',*,*,#4106,.T.);
#4109=ORIENTED_EDGE('',*,*,#4108,.F.);
#4110=ORIENTED_EDGE('',*,*,#4078,.F.);
#4111=EDGE_LOOP('',(#4105,#4107,#4109,#4110));
#4112=FACE_OUTER_BOUND('',#4111,.F.);
#4113=ADVANCED_FACE('',(#4112),#4103,.F.);
#4114=CARTESIAN_POINT('',(-9.E-1,1.45E0,-4.45E0));
#4115=DIRECTION('',(3.234749431858E-3,0.E0,9.999947681844E-1));
#4116=DIRECTION('',(9.999947681844E-1,0.E0,-3.234749431858E-3));
#4117=AXIS2_PLACEMENT_3D('',#4114,#4115,#4116);
#4118=PLANE('',#4117);
#4119=ORIENTED_EDGE('',*,*,#3612,.T.);
#4121=ORIENTED_EDGE('',*,*,#4120,.F.);
#4123=ORIENTED_EDGE('',*,*,#4122,.F.);
#4124=ORIENTED_EDGE('',*,*,#4104,.F.);
#4125=EDGE_LOOP('',(#4119,#4121,#4123,#4124));
#4126=FACE_OUTER_BOUND('',#4125,.F.);
#4127=ADVANCED_FACE('',(#4126),#4118,.T.);
#4128=CARTESIAN_POINT('',(-5.680510236463E-1,1.852E0,-4.394364142713E0));
#4129=CARTESIAN_POINT('',(-6.061380430571E-1,1.817333333333E0,
-5.377573140830E0));
#4130=CARTESIAN_POINT('',(-8.771189092172E-1,1.782666666667E0,
-6.340282135570E0));
#4131=CARTESIAN_POINT('',(-1.343634859780E0,1.748E0,-7.183434895614E0));
#4132=CARTESIAN_POINT('',(-6.481609608256E-1,1.852E0,-4.394822482789E0));
#4133=CARTESIAN_POINT('',(-6.825220158496E-1,1.817333333333E0,
-5.365573590377E0));
#4134=CARTESIAN_POINT('',(-9.468339874016E-1,1.782666666667E0,
-6.317647808579E0));
#4135=CARTESIAN_POINT('',(-1.405211485370E0,1.748E0,-7.152927223736E0));
#4136=CARTESIAN_POINT('',(-7.282708980050E-1,1.852E0,-4.395280822865E0));
#4137=CARTESIAN_POINT('',(-7.589059886420E-1,1.817333333333E0,
-5.353574039924E0));
#4138=CARTESIAN_POINT('',(-1.016549065586E0,1.782666666667E0,
-6.295013481588E0));
#4139=CARTESIAN_POINT('',(-1.466788110960E0,1.748E0,-7.122419551858E0));
#4140=CARTESIAN_POINT('',(-8.083808351844E-1,1.852E0,-4.395739162942E0));
#4141=CARTESIAN_POINT('',(-8.352899614345E-1,1.817333333333E0,
-5.341574489470E0));
#4142=CARTESIAN_POINT('',(-1.086264143770E0,1.782666666667E0,
-6.272379154598E0));
#4143=CARTESIAN_POINT('',(-1.528364736549E0,1.748E0,-7.091911879980E0));
#4144=B_SPLINE_SURFACE_WITH_KNOTS('',3,3,((#4128,#4129,#4130,#4131),(#4132,
#4133,#4134,#4135),(#4136,#4137,#4138,#4139),(#4140,#4141,#4142,#4143)),
.UNSPECIFIED.,.F.,.F.,.F.,(4,4),(4,4),(-1.704085246068E-2,1.017040852461E0),(
-8.956081183654E-3,4.567601403663E-1),.UNSPECIFIED.);
#4145=ORIENTED_EDGE('',*,*,#4120,.T.);
#4146=ORIENTED_EDGE('',*,*,#4082,.T.);
#4148=ORIENTED_EDGE('',*,*,#4147,.F.);
#4150=ORIENTED_EDGE('',*,*,#4149,.F.);
#4151=EDGE_LOOP('',(#4145,#4146,#4148,#4150));
#4152=FACE_OUTER_BOUND('',#4151,.F.);
#4153=ADVANCED_FACE('',(#4152),#4144,.F.);
#4154=CARTESIAN_POINT('',(-1.5E0,1.45E0,-7.045995682626E0));
#4155=DIRECTION('',(4.359006965362E-1,0.E0,8.999947681844E-1));
#4156=DIRECTION('',(8.999947681844E-1,0.E0,-4.359006965362E-1));
#4157=AXIS2_PLACEMENT_3D('',#4154,#4155,#4156);
#4158=PLANE('',#4157);
#4159=ORIENTED_EDGE('',*,*,#4080,.T.);
#4160=ORIENTED_EDGE('',*,*,#4108,.T.);
#4162=ORIENTED_EDGE('',*,*,#4161,.T.);
#4163=ORIENTED_EDGE('',*,*,#4147,.T.);
#4164=EDGE_LOOP('',(#4159,#4160,#4162,#4163));
#4165=FACE_OUTER_BOUND('',#4164,.F.);
#4166=ADVANCED_FACE('',(#4165),#4158,.F.);
#4167=CARTESIAN_POINT('',(-5.700375741980E-1,1.044771054567E0,
-4.415131675120E0));
#4168=CARTESIAN_POINT('',(-6.115311729741E-1,1.079135004656E0,
-5.384050488907E0));
#4169=CARTESIAN_POINT('',(-8.791584878953E-1,1.113502350077E0,
-6.331987945210E0));
#4170=CARTESIAN_POINT('',(-1.336891509467E0,1.147866300177E0,
-7.164088421401E0));
#4171=CARTESIAN_POINT('',(-5.859217915854E-1,1.067010999105E0,
-4.415170469740E0));
#4172=CARTESIAN_POINT('',(-6.220537958743E-1,1.100350108525E0,
-5.381645055212E0));
#4173=CARTESIAN_POINT('',(-8.837838013634E-1,1.133671607113E0,
-6.329681285966E0));
#4174=CARTESIAN_POINT('',(-1.336712852334E0,1.167010716474E0,
-7.164176207120E0));
#4175=CARTESIAN_POINT('',(-6.254464798070E-1,1.129789480604E0,
-4.415267002371E0));
#4176=CARTESIAN_POINT('',(-6.482633359723E-1,1.159469559393E0,
-5.375659679804E0));
#4177=CARTESIAN_POINT('',(-8.952704378538E-1,1.189163920192E0,
-6.323952855818E0));
#4178=CARTESIAN_POINT('',(-1.336269137221E0,1.218843999029E0,
-7.164394232841E0));
#4179=CARTESIAN_POINT('',(-6.730195921324E-1,1.241590766696E0,
-4.415383191970E0));
#4180=CARTESIAN_POINT('',(-6.797922012743E-1,1.262146577671E0,
-5.368455457302E0));
#4181=CARTESIAN_POINT('',(-9.091114038838E-1,1.282697662592E0,
-6.317050316650E0));
#4182=CARTESIAN_POINT('',(-1.335734499514E0,1.303253473552E0,
-7.164656934669E0));
#4183=CARTESIAN_POINT('',(-7.011565273487E-1,1.379587218329E0,
-4.415451911863E0));
#4184=CARTESIAN_POINT('',(-6.984449688353E-1,1.386757231487E0,
-5.364194560031E0));
#4185=CARTESIAN_POINT('',(-9.172931536655E-1,1.393928819712E0,
-6.312970047596E0));
#4186=CARTESIAN_POINT('',(-1.335418454988E0,1.401098832875E0,
-7.164812227634E0));
#4187=CARTESIAN_POINT('',(-7.011565273487E-1,1.520412781671E0,
-4.415451911863E0));
#4188=CARTESIAN_POINT('',(-6.984449688353E-1,1.513242768513E0,
-5.364194560031E0));
#4189=CARTESIAN_POINT('',(-9.172931536655E-1,1.506071180288E0,
-6.312970047596E0));
#4190=CARTESIAN_POINT('',(-1.335418454988E0,1.498901167125E0,
-7.164812227634E0));
#4191=CARTESIAN_POINT('',(-6.730195921324E-1,1.658409233304E0,
-4.415383191970E0));
#4192=CARTESIAN_POINT('',(-6.797922012744E-1,1.637853422329E0,
-5.368455457302E0));
#4193=CARTESIAN_POINT('',(-9.091114038838E-1,1.617302337408E0,
-6.317050316650E0));
#4194=CARTESIAN_POINT('',(-1.335734499514E0,1.596746526448E0,
-7.164656934669E0));
#4195=CARTESIAN_POINT('',(-6.254464798070E-1,1.770210519396E0,
-4.415267002371E0));
#4196=CARTESIAN_POINT('',(-6.482633359723E-1,1.740530440607E0,
-5.375659679804E0));
#4197=CARTESIAN_POINT('',(-8.952704378538E-1,1.710836079808E0,
-6.323952855818E0));
#4198=CARTESIAN_POINT('',(-1.336269137221E0,1.681156000971E0,
-7.164394232841E0));
#4199=CARTESIAN_POINT('',(-5.859217915854E-1,1.832989000895E0,
-4.415170469740E0));
#4200=CARTESIAN_POINT('',(-6.220537958743E-1,1.799649891475E0,
-5.381645055212E0));
#4201=CARTESIAN_POINT('',(-8.837838013634E-1,1.766328392887E0,
-6.329681285966E0));
#4202=CARTESIAN_POINT('',(-1.336712852334E0,1.732989283526E0,
-7.164176207120E0));
#4203=CARTESIAN_POINT('',(-5.700375741980E-1,1.855228945433E0,
-4.415131675120E0));
#4204=CARTESIAN_POINT('',(-6.115311729741E-1,1.820864995344E0,
-5.384050488907E0));
#4205=CARTESIAN_POINT('',(-8.791584878953E-1,1.786497649923E0,
-6.331987945210E0));
#4206=CARTESIAN_POINT('',(-1.336891509467E0,1.752133699823E0,
-7.164088421401E0));
#4207=B_SPLINE_SURFACE_WITH_KNOTS('',3,3,((#4167,#4168,#4169,#4170),(#4171,
#4172,#4173,#4174),(#4175,#4176,#4177,#4178),(#4179,#4180,#4181,#4182),(#4183,
#4184,#4185,#4186),(#4187,#4188,#4189,#4190),(#4191,#4192,#4193,#4194),(#4195,
#4196,#4197,#4198),(#4199,#4200,#4201,#4202),(#4203,#4204,#4205,#4206)),
.UNSPECIFIED.,.F.,.F.,.F.,(4,1,1,1,1,1,1,4),(4,4),(-5.680284153558E-3,
9.023188841871E-2,2.541645755201E-1,4.180591079566E-1,5.819408920434E-1,
7.458354244799E-1,9.097681115813E-1,1.005680284154E0),(-5.677087772223E-3,
4.534803760748E-1),.UNSPECIFIED.);
#4208=ORIENTED_EDGE('',*,*,#4122,.T.);
#4209=ORIENTED_EDGE('',*,*,#4149,.T.);
#4210=ORIENTED_EDGE('',*,*,#4161,.F.);
#4211=ORIENTED_EDGE('',*,*,#4106,.F.);
#4212=EDGE_LOOP('',(#4208,#4209,#4210,#4211));
#4213=FACE_OUTER_BOUND('',#4212,.F.);
#4214=ADVANCED_FACE('',(#4213),#4207,.F.);
#4215=CARTESIAN_POINT('',(0.E0,1.2E0,-7.025526241444E0));
#4216=DIRECTION('',(-9.999451693655E-1,0.E0,1.047178411625E-2));
#4217=DIRECTION('',(-1.047178411625E-2,0.E0,-9.999451693655E-1));
#4218=AXIS2_PLACEMENT_3D('',#4215,#4216,#4217);
#4219=PLANE('',#4218);
#4220=ORIENTED_EDGE('',*,*,#3821,.T.);
#4222=ORIENTED_EDGE('',*,*,#4221,.T.);
#4223=ORIENTED_EDGE('',*,*,#3905,.F.);
#4225=ORIENTED_EDGE('',*,*,#4224,.T.);
#4227=ORIENTED_EDGE('',*,*,#4226,.T.);
#4229=ORIENTED_EDGE('',*,*,#4228,.T.);
#4230=EDGE_LOOP('',(#4220,#4222,#4223,#4225,#4227,#4229));
#4231=FACE_OUTER_BOUND('',#4230,.F.);
#4232=ADVANCED_FACE('',(#4231),#4219,.F.);
#4233=CARTESIAN_POINT('',(5.E-2,1.2E0,-1.18E1));
#4234=DIRECTION('',(9.999451693655E-1,0.E0,1.047178411625E-2));
#4235=DIRECTION('',(-1.047178411625E-2,0.E0,9.999451693655E-1));
#4236=AXIS2_PLACEMENT_3D('',#4233,#4234,#4235);
#4237=PLANE('',#4236);
#4238=ORIENTED_EDGE('',*,*,#3371,.T.);
#4240=ORIENTED_EDGE('',*,*,#4239,.T.);
#4242=ORIENTED_EDGE('',*,*,#4241,.F.);
#4244=ORIENTED_EDGE('',*,*,#4243,.T.);
#4245=ORIENTED_EDGE('',*,*,#3522,.F.);
#4246=ORIENTED_EDGE('',*,*,#4221,.F.);
#4247=EDGE_LOOP('',(#4238,#4240,#4242,#4244,#4245,#4246));
#4248=FACE_OUTER_BOUND('',#4247,.F.);
#4249=ADVANCED_FACE('',(#4248),#4237,.F.);
#4250=CARTESIAN_POINT('',(-5.705109558072E-1,1.856683961739E0,
-1.127919907652E1));
#4251=CARTESIAN_POINT('',(-5.363284166084E-1,1.894931255421E0,
-1.145973302551E1));
#4252=CARTESIAN_POINT('',(-5.021458774095E-1,1.933178549102E0,
-1.164026697449E1));
#4253=CARTESIAN_POINT('',(-4.679633382106E-1,1.971425842784E0,
-1.182080092348E1));
#4254=CARTESIAN_POINT('',(-5.651279450274E-1,1.864205704342E0,
-1.127919907652E1));
#4255=CARTESIAN_POINT('',(-5.309715101481E-1,1.901524952077E0,
-1.145973302551E1));
#4256=CARTESIAN_POINT('',(-4.968150752688E-1,1.938844199812E0,
-1.164026697449E1));
#4257=CARTESIAN_POINT('',(-4.626586403895E-1,1.976163447547E0,
-1.182080092348E1));
#4258=CARTESIAN_POINT('',(-4.959379080696E-1,1.956986589398E0,
-1.127919907652E1));
#4259=CARTESIAN_POINT('',(-4.624254402379E-1,1.982800728592E0,
-1.145973302551E1));
#4260=CARTESIAN_POINT('',(-4.289129724063E-1,2.008614867786E0,
-1.164026697449E1));
#4261=CARTESIAN_POINT('',(-3.954005045746E-1,2.034429006980E0,
-1.182080092348E1));
#4262=CARTESIAN_POINT('',(-3.191191989177E-1,2.100740399324E0,
-1.127919907652E1));
#4263=CARTESIAN_POINT('',(-2.945127786433E-1,2.107544218114E0,
-1.145973302551E1));
#4264=CARTESIAN_POINT('',(-2.699063583688E-1,2.114348036904E0,
-1.164026697449E1));
#4265=CARTESIAN_POINT('',(-2.452999380943E-1,2.121151855694E0,
-1.182080092348E1));
#4266=CARTESIAN_POINT('',(0.E0,2.174629800338E0,-1.127919907652E1));
#4267=CARTESIAN_POINT('',(0.E0,2.171227890943E0,-1.145973302551E1));
#4268=CARTESIAN_POINT('',(0.E0,2.167825981548E0,-1.164026697449E1));
#4269=CARTESIAN_POINT('',(0.E0,2.164424072153E0,-1.182080092348E1));
#4270=CARTESIAN_POINT('',(3.191191989177E-1,2.100740399324E0,
-1.127919907652E1));
#4271=CARTESIAN_POINT('',(2.945127786433E-1,2.107544218114E0,
-1.145973302551E1));
#4272=CARTESIAN_POINT('',(2.699063583688E-1,2.114348036904E0,
-1.164026697449E1));
#4273=CARTESIAN_POINT('',(2.452999380943E-1,2.121151855694E0,
-1.182080092348E1));
#4274=CARTESIAN_POINT('',(4.959379080696E-1,1.956986589398E0,
-1.127919907652E1));
#4275=CARTESIAN_POINT('',(4.624254402379E-1,1.982800728592E0,
-1.145973302551E1));
#4276=CARTESIAN_POINT('',(4.289129724063E-1,2.008614867786E0,
-1.164026697449E1));
#4277=CARTESIAN_POINT('',(3.954005045746E-1,2.034429006980E0,
-1.182080092348E1));
#4278=CARTESIAN_POINT('',(5.651279450274E-1,1.864205704342E0,
-1.127919907652E1));
#4279=CARTESIAN_POINT('',(5.309715101481E-1,1.901524952077E0,
-1.145973302551E1));
#4280=CARTESIAN_POINT('',(4.968150752688E-1,1.938844199812E0,
-1.164026697449E1));
#4281=CARTESIAN_POINT('',(4.626586403895E-1,1.976163447547E0,
-1.182080092348E1));
#4282=CARTESIAN_POINT('',(5.705109558072E-1,1.856683961739E0,
-1.127919907652E1));
#4283=CARTESIAN_POINT('',(5.363284166084E-1,1.894931255421E0,
-1.145973302551E1));
#4284=CARTESIAN_POINT('',(5.021458774095E-1,1.933178549102E0,
-1.164026697449E1));
#4285=CARTESIAN_POINT('',(4.679633382106E-1,1.971425842784E0,
-1.182080092348E1));
#4286=B_SPLINE_SURFACE_WITH_KNOTS('',3,3,((#4250,#4251,#4252,#4253),(#4254,
#4255,#4256,#4257),(#4258,#4259,#4260,#4261),(#4262,#4263,#4264,#4265),(#4266,
#4267,#4268,#4269),(#4270,#4271,#4272,#4273),(#4274,#4275,#4276,#4277),(#4278,
#4279,#4280,#4281),(#4282,#4283,#4284,#4285)),.UNSPECIFIED.,.F.,.F.,.F.,(4,1,1,
1,1,1,4),(4,4),(-2.171899371176E-2,0.E0,2.5E-1,5.E-1,7.5E-1,1.E0,
1.021718993712E0),(-4.160184695749E-2,1.041601846956E0),.UNSPECIFIED.);
#4287=ORIENTED_EDGE('',*,*,#4239,.F.);
#4288=ORIENTED_EDGE('',*,*,#3393,.T.);
#4290=ORIENTED_EDGE('',*,*,#4289,.T.);
#4292=ORIENTED_EDGE('',*,*,#4291,.T.);
#4293=EDGE_LOOP('',(#4287,#4288,#4290,#4292));
#4294=FACE_OUTER_BOUND('',#4293,.F.);
#4295=ADVANCED_FACE('',(#4294),#4286,.F.);
#4296=CARTESIAN_POINT('',(-5.705109558072E-1,1.856683961739E0,
-1.127919907652E1));
#4297=CARTESIAN_POINT('',(-5.363284166084E-1,1.894931255421E0,
-1.145973302551E1));
#4298=CARTESIAN_POINT('',(-5.021458774095E-1,1.933178549102E0,
-1.164026697449E1));
#4299=CARTESIAN_POINT('',(-4.679633382106E-1,1.971425842784E0,
-1.182080092348E1));
#4300=CARTESIAN_POINT('',(-5.651279450274E-1,1.864205704342E0,
-1.127919907652E1));
#4301=CARTESIAN_POINT('',(-5.309715101481E-1,1.901524952077E0,
-1.145973302551E1));
#4302=CARTESIAN_POINT('',(-4.968150752688E-1,1.938844199812E0,
-1.164026697449E1));
#4303=CARTESIAN_POINT('',(-4.626586403895E-1,1.976163447547E0,
-1.182080092348E1));
#4304=CARTESIAN_POINT('',(-4.959379080696E-1,1.956986589398E0,
-1.127919907652E1));
#4305=CARTESIAN_POINT('',(-4.624254402379E-1,1.982800728592E0,
-1.145973302551E1));
#4306=CARTESIAN_POINT('',(-4.289129724063E-1,2.008614867786E0,
-1.164026697449E1));
#4307=CARTESIAN_POINT('',(-3.954005045746E-1,2.034429006980E0,
-1.182080092348E1));
#4308=CARTESIAN_POINT('',(-3.191191989177E-1,2.100740399324E0,
-1.127919907652E1));
#4309=CARTESIAN_POINT('',(-2.945127786433E-1,2.107544218114E0,
-1.145973302551E1));
#4310=CARTESIAN_POINT('',(-2.699063583688E-1,2.114348036904E0,
-1.164026697449E1));
#4311=CARTESIAN_POINT('',(-2.452999380943E-1,2.121151855694E0,
-1.182080092348E1));
#4312=CARTESIAN_POINT('',(0.E0,2.174629800338E0,-1.127919907652E1));
#4313=CARTESIAN_POINT('',(0.E0,2.171227890943E0,-1.145973302551E1));
#4314=CARTESIAN_POINT('',(0.E0,2.167825981548E0,-1.164026697449E1));
#4315=CARTESIAN_POINT('',(0.E0,2.164424072153E0,-1.182080092348E1));
#4316=CARTESIAN_POINT('',(3.191191989177E-1,2.100740399324E0,
-1.127919907652E1));
#4317=CARTESIAN_POINT('',(2.945127786433E-1,2.107544218114E0,
-1.145973302551E1));
#4318=CARTESIAN_POINT('',(2.699063583688E-1,2.114348036904E0,
-1.164026697449E1));
#4319=CARTESIAN_POINT('',(2.452999380943E-1,2.121151855694E0,
-1.182080092348E1));
#4320=CARTESIAN_POINT('',(4.959379080696E-1,1.956986589398E0,
-1.127919907652E1));
#4321=CARTESIAN_POINT('',(4.624254402379E-1,1.982800728592E0,
-1.145973302551E1));
#4322=CARTESIAN_POINT('',(4.289129724063E-1,2.008614867786E0,
-1.164026697449E1));
#4323=CARTESIAN_POINT('',(3.954005045746E-1,2.034429006980E0,
-1.182080092348E1));
#4324=CARTESIAN_POINT('',(5.651279450274E-1,1.864205704342E0,
-1.127919907652E1));
#4325=CARTESIAN_POINT('',(5.309715101481E-1,1.901524952077E0,
-1.145973302551E1));
#4326=CARTESIAN_POINT('',(4.968150752688E-1,1.938844199812E0,
-1.164026697449E1));
#4327=CARTESIAN_POINT('',(4.626586403895E-1,1.976163447547E0,
-1.182080092348E1));
#4328=CARTESIAN_POINT('',(5.705109558072E-1,1.856683961739E0,
-1.127919907652E1));
#4329=CARTESIAN_POINT('',(5.363284166084E-1,1.894931255421E0,
-1.145973302551E1));
#4330=CARTESIAN_POINT('',(5.021458774095E-1,1.933178549102E0,
-1.164026697449E1));
#4331=CARTESIAN_POINT('',(4.679633382106E-1,1.971425842784E0,
-1.182080092348E1));
#4332=B_SPLINE_SURFACE_WITH_KNOTS('',3,3,((#4296,#4297,#4298,#4299),(#4300,
#4301,#4302,#4303),(#4304,#4305,#4306,#4307),(#4308,#4309,#4310,#4311),(#4312,
#4313,#4314,#4315),(#4316,#4317,#4318,#4319),(#4320,#4321,#4322,#4323),(#4324,
#4325,#4326,#4327),(#4328,#4329,#4330,#4331)),.UNSPECIFIED.,.F.,.F.,.F.,(4,1,1,
1,1,1,4),(4,4),(-2.171899371176E-2,0.E0,2.5E-1,5.E-1,7.5E-1,1.E0,
1.021718993712E0),(-4.160184695749E-2,1.041601846956E0),.UNSPECIFIED.);
#4333=ORIENTED_EDGE('',*,*,#4228,.F.);
#4335=ORIENTED_EDGE('',*,*,#4334,.T.);
#4337=ORIENTED_EDGE('',*,*,#4336,.F.);
#4338=ORIENTED_EDGE('',*,*,#3823,.T.);
#4339=EDGE_LOOP('',(#4333,#4335,#4337,#4338));
#4340=FACE_OUTER_BOUND('',#4339,.F.);
#4341=ADVANCED_FACE('',(#4340),#4332,.F.);
#4342=CARTESIAN_POINT('',(5.428343749863E-1,1.895728180833E0,
-1.127919907652E1));
#4343=CARTESIAN_POINT('',(4.870363895749E-1,1.930578042624E0,
-1.145973302551E1));
#4344=CARTESIAN_POINT('',(4.312384041635E-1,1.965427904414E0,
-1.164026697449E1));
#4345=CARTESIAN_POINT('',(3.754404187521E-1,2.000277766205E0,
-1.182080092348E1));
#4346=CARTESIAN_POINT('',(5.466188838622E-1,1.890199781821E0,
-1.127919907652E1));
#4347=CARTESIAN_POINT('',(4.980466923110E-1,1.925237751154E0,
-1.145973302551E1));
#4348=CARTESIAN_POINT('',(4.494745007597E-1,1.960275720488E0,
-1.164026697449E1));
#4349=CARTESIAN_POINT('',(4.009023092085E-1,1.995313689821E0,
-1.182080092348E1));
#4350=CARTESIAN_POINT('',(5.675191392393E-1,1.858521197144E0,
-1.127919907652E1));
#4351=CARTESIAN_POINT('',(5.599778737816E-1,1.894767885122E0,
-1.145973302551E1));
#4352=CARTESIAN_POINT('',(5.524366083238E-1,1.931014573099E0,
-1.164026697449E1));
#4353=CARTESIAN_POINT('',(5.448953428660E-1,1.967261261077E0,
-1.182080092348E1));
#4354=CARTESIAN_POINT('',(5.887024274675E-1,1.818553494601E0,
-1.127919907652E1));
#4355=CARTESIAN_POINT('',(6.306316572574E-1,1.857154002992E0,
-1.145973302551E1));
#4356=CARTESIAN_POINT('',(6.725608870473E-1,1.895754511382E0,
-1.164026697449E1));
#4357=CARTESIAN_POINT('',(7.144901168372E-1,1.934355019773E0,
-1.182080092348E1));
#4358=CARTESIAN_POINT('',(6.035060453915E-1,1.782746150935E0,
-1.127919907652E1));
#4359=CARTESIAN_POINT('',(6.885795808511E-1,1.823986598866E0,
-1.145973302551E1));
#4360=CARTESIAN_POINT('',(7.736531163106E-1,1.865227046798E0,
-1.164026697449E1));
#4361=CARTESIAN_POINT('',(8.587266517701E-1,1.906467494729E0,
-1.182080092348E1));
#4362=CARTESIAN_POINT('',(6.060226051075E-1,1.776359072604E0,
-1.127919907652E1));
#4363=CARTESIAN_POINT('',(6.987614648862E-1,1.818085286476E0,
-1.145973302551E1));
#4364=CARTESIAN_POINT('',(7.915003246649E-1,1.859811500347E0,
-1.164026697449E1));
#4365=CARTESIAN_POINT('',(8.842391844437E-1,1.901537714219E0,
-1.182080092348E1));
#4366=B_SPLINE_SURFACE_WITH_KNOTS('',3,3,((#4342,#4343,#4344,#4345),(#4346,
#4347,#4348,#4349),(#4350,#4351,#4352,#4353),(#4354,#4355,#4356,#4357),(#4358,
#4359,#4360,#4361),(#4362,#4363,#4364,#4365)),.UNSPECIFIED.,.F.,.F.,.F.,(4,1,1,
4),(4,4),(-2.148479496286E-1,0.E0,1.E0,1.214847949629E0),(-4.160184695609E-2,
1.041601846956E0),.UNSPECIFIED.);
#4368=ORIENTED_EDGE('',*,*,#4367,.F.);
#4370=ORIENTED_EDGE('',*,*,#4369,.T.);
#4371=ORIENTED_EDGE('',*,*,#4289,.F.);
#4372=ORIENTED_EDGE('',*,*,#3391,.T.);
#4373=ORIENTED_EDGE('',*,*,#3389,.T.);
#4374=EDGE_LOOP('',(#4368,#4370,#4371,#4372,#4373));
#4375=FACE_OUTER_BOUND('',#4374,.F.);
#4376=ADVANCED_FACE('',(#4375),#4366,.F.);
#4377=CARTESIAN_POINT('',(7.791359213471E-1,1.845358830612E0,
-1.182291168294E1));
#4378=CARTESIAN_POINT('',(7.689381381787E-1,1.839263334357E0,
-1.179547315588E1));
#4379=CARTESIAN_POINT('',(7.480630970119E-1,1.826750242963E0,
-1.173927546501E1));
#4380=CARTESIAN_POINT('',(7.172720735758E-1,1.808173069569E0,
-1.165658114852E1));
#4381=CARTESIAN_POINT('',(6.872908235864E-1,1.789991805413E0,
-1.157702406441E1));
#4382=CARTESIAN_POINT('',(6.589152640846E-1,1.772832625259E0,
-1.150410802312E1));
#4383=CARTESIAN_POINT('',(6.312761490066E-1,1.756554192347E0,
-1.143799747770E1));
#4384=CARTESIAN_POINT('',(6.029823375832E-1,1.741273181345E0,
-1.137949586823E1));
#4385=CARTESIAN_POINT('',(5.798946843384E-1,1.731255453025E0,
-1.134205641967E1));
#4386=CARTESIAN_POINT('',(5.667563359060E-1,1.726875878446E0,
-1.132433541427E1));
#4387=CARTESIAN_POINT('',(5.647300820412E-1,1.726230003683E0,
-1.132168185935E1));
#4388=CARTESIAN_POINT('',(8.129299472613E-1,1.886789609127E0,
-1.180228196840E1));
#4389=CARTESIAN_POINT('',(8.032173894761E-1,1.880296341056E0,
-1.177483905504E1));
#4390=CARTESIAN_POINT('',(7.834506560636E-1,1.866848793394E0,
-1.171863669301E1));
#4391=CARTESIAN_POINT('',(7.547748866878E-1,1.846330833157E0,
-1.163595498414E1));
#4392=CARTESIAN_POINT('',(7.275078277431E-1,1.825339343593E0,
-1.155643530086E1));
#4393=CARTESIAN_POINT('',(7.024535998183E-1,1.804118905958E0,
-1.148356896044E1));
#4394=CARTESIAN_POINT('',(6.787357481310E-1,1.781747564102E0,
-1.141747846992E1));
#4395=CARTESIAN_POINT('',(6.545455031740E-1,1.757020971421E0,
-1.135885782776E1));
#4396=CARTESIAN_POINT('',(6.334109566007E-1,1.736404128365E0,
-1.132123149411E1));
#4397=CARTESIAN_POINT('',(6.201600740683E-1,1.725294898648E0,
-1.130359403723E1));
#4398=CARTESIAN_POINT('',(6.180882593622E-1,1.723595352201E0,
-1.130095969711E1));
#4399=CARTESIAN_POINT('',(7.839780018557E-1,1.936245602778E0,
-1.180242441192E1));
#4400=CARTESIAN_POINT('',(7.747612850855E-1,1.930043456032E0,
-1.177474356747E1));
#4401=CARTESIAN_POINT('',(7.561524907535E-1,1.917252176501E0,
-1.171799646249E1));
#4402=CARTESIAN_POINT('',(7.298385975876E-1,1.897936957548E0,
-1.163426377112E1));
#4403=CARTESIAN_POINT('',(7.059050479449E-1,1.878391734638E0,
-1.155335911333E1));
#4404=CARTESIAN_POINT('',(6.855037618151E-1,1.858755664682E0,
-1.147869162303E1));
#4405=CARTESIAN_POINT('',(6.684476737994E-1,1.837861620838E0,
-1.141016394685E1));
#4406=CARTESIAN_POINT('',(6.538986213867E-1,1.813717549218E0,
-1.134801494245E1));
#4407=CARTESIAN_POINT('',(6.425398256522E-1,1.791342650213E0,
-1.130633495528E1));
#4408=CARTESIAN_POINT('',(6.348110976331E-1,1.777780185172E0,
-1.128583590444E1));
#4409=CARTESIAN_POINT('',(6.335871174341E-1,1.775668203321E0,
-1.128274491174E1));
#4410=CARTESIAN_POINT('',(7.313596309555E-1,1.926970752754E0,
-1.182314674220E1));
#4411=CARTESIAN_POINT('',(7.219800810348E-1,1.921355662797E0,
-1.179531558298E1));
#4412=CARTESIAN_POINT('',(7.030158625431E-1,1.909925540314E0,
-1.173821896124E1));
#4413=CARTESIAN_POINT('',(6.761223901037E-1,1.893333121867E0,
-1.165379032106E1));
#4414=CARTESIAN_POINT('',(6.516420729948E-1,1.877538476458E0,
-1.157194776205E1));
#4415=CARTESIAN_POINT('',(6.309447643070E-1,1.862993808361E0,
-1.149605947629E1));
#4416=CARTESIAN_POINT('',(6.142988433385E-1,1.849153201917E0,
-1.142592710476E1));
#4417=CARTESIAN_POINT('',(6.019148579480E-1,1.834833462946E0,
-1.136160301750E1));
#4418=CARTESIAN_POINT('',(5.949590778583E-1,1.821914603445E0,
-1.131747425928E1));
#4419=CARTESIAN_POINT('',(5.909333487651E-1,1.813486717722E0,
-1.129503107230E1));
#4420=CARTESIAN_POINT('',(5.903061852566E-1,1.812160245047E0,
-1.129162395259E1));
#4421=(BOUNDED_SURFACE()B_SPLINE_SURFACE(3,3,((#4377,#4378,#4379,#4380,#4381,
#4382,#4383,#4384,#4385,#4386,#4387),(#4388,#4389,#4390,#4391,#4392,#4393,#4394,
#4395,#4396,#4397,#4398),(#4399,#4400,#4401,#4402,#4403,#4404,#4405,#4406,#4407,
#4408,#4409),(#4410,#4411,#4412,#4413,#4414,#4415,#4416,#4417,#4418,#4419,
#4420)),.UNSPECIFIED.,.F.,.F.,.F.)B_SPLINE_SURFACE_WITH_KNOTS((4,4),(4,1,1,1,1,
1,1,1,4),(0.E0,1.E0),(2.142706266760E-2,1.808151454771E-1,3.478510721974E-1,
5.019003766157E-1,6.437869657069E-1,7.740809015588E-1,8.927979145256E-1,1.E0,
1.019235737483E0),.UNSPECIFIED.)GEOMETRIC_REPRESENTATION_ITEM()RATIONAL_B_SPLINE_SURFACE(((1.509324180584E0,1.509324180584E0,1.509324180584E0,1.509324180584E0,
1.509324180584E0,1.509324180584E0,1.509324180584E0,1.509324180584E0,
1.509324180584E0,1.509324180584E0,1.509324180584E0),(8.302252731385E-1,
8.302252731385E-1,8.302252731385E-1,8.302252731385E-1,8.302252731385E-1,
8.302252731385E-1,8.302252731385E-1,8.302252731385E-1,8.302252731385E-1,
8.302252731385E-1,8.302252731385E-1),(8.302252731385E-1,8.302252731385E-1,
8.302252731385E-1,8.302252731385E-1,8.302252731385E-1,8.302252731385E-1,
8.302252731385E-1,8.302252731385E-1,8.302252731385E-1,8.302252731385E-1,
8.302252731385E-1),(1.509324180584E0,1.509324180584E0,1.509324180584E0,
1.509324180584E0,1.509324180584E0,1.509324180584E0,1.509324180584E0,
1.509324180584E0,1.509324180584E0,1.509324180584E0,1.509324180584E0)))REPRESENTATION_ITEM('')SURFACE());
#4423=ORIENTED_EDGE('',*,*,#4422,.F.);
#4425=ORIENTED_EDGE('',*,*,#4424,.T.);
#4426=ORIENTED_EDGE('',*,*,#4367,.T.);
#4427=EDGE_LOOP('',(#4423,#4425,#4426));
#4428=FACE_OUTER_BOUND('',#4427,.F.);
#4429=ADVANCED_FACE('',(#4428),#4421,.F.);
#4430=CARTESIAN_POINT('',(5.856465501842E-1,1.811651434989E0,
-1.127919907652E1));
#4431=CARTESIAN_POINT('',(6.681519412903E-1,1.871102536539E0,
-1.145973302551E1));
#4432=CARTESIAN_POINT('',(7.506573323964E-1,1.930553638090E0,
-1.164026697449E1));
#4433=CARTESIAN_POINT('',(8.331627235025E-1,1.990004739640E0,
-1.182080092348E1));
#4434=CARTESIAN_POINT('',(5.899196424165E-1,1.806278491179E0,
-1.127919907652E1));
#4435=CARTESIAN_POINT('',(6.681716857185E-1,1.859334110111E0,
-1.145973302551E1));
#4436=CARTESIAN_POINT('',(7.464237290204E-1,1.912389729043E0,
-1.164026697449E1));
#4437=CARTESIAN_POINT('',(8.246757723224E-1,1.965445347975E0,
-1.182080092348E1));
#4438=CARTESIAN_POINT('',(6.135279027119E-1,1.775554510156E0,
-1.127919907652E1));
#4439=CARTESIAN_POINT('',(6.679215384720E-1,1.792566034120E0,
-1.145973302551E1));
#4440=CARTESIAN_POINT('',(7.223151742321E-1,1.809577558084E0,
-1.164026697449E1));
#4441=CARTESIAN_POINT('',(7.767088099922E-1,1.826589082048E0,
-1.182080092348E1));
#4442=CARTESIAN_POINT('',(6.375493043310E-1,1.737225393143E0,
-1.127919907652E1));
#4443=CARTESIAN_POINT('',(6.651692241936E-1,1.712571121691E0,
-1.145973302551E1));
#4444=CARTESIAN_POINT('',(6.927891440562E-1,1.687916850239E0,
-1.164026697449E1));
#4445=CARTESIAN_POINT('',(7.204090639188E-1,1.663262578788E0,
-1.182080092348E1));
#4446=CARTESIAN_POINT('',(6.545336357283E-1,1.703285948703E0,
-1.127919907652E1));
#4447=CARTESIAN_POINT('',(6.605913114924E-1,1.643702212235E0,
-1.145973302551E1));
#4448=CARTESIAN_POINT('',(6.666489872566E-1,1.584118475767E0,
-1.164026697449E1));
#4449=CARTESIAN_POINT('',(6.727066630207E-1,1.524534739300E0,
-1.182080092348E1));
#4450=CARTESIAN_POINT('',(6.574291152772E-1,1.697244268369E0,
-1.127919907652E1));
#4451=CARTESIAN_POINT('',(6.597109882005E-1,1.631496864627E0,
-1.145973302551E1));
#4452=CARTESIAN_POINT('',(6.619928611239E-1,1.565749460886E0,
-1.164026697449E1));
#4453=CARTESIAN_POINT('',(6.642747340472E-1,1.500002057144E0,
-1.182080092348E1));
#4454=B_SPLINE_SURFACE_WITH_KNOTS('',3,3,((#4430,#4431,#4432,#4433),(#4434,
#4435,#4436,#4437),(#4438,#4439,#4440,#4441),(#4442,#4443,#4444,#4445),(#4446,
#4447,#4448,#4449),(#4450,#4451,#4452,#4453)),.UNSPECIFIED.,.F.,.F.,.F.,(4,1,1,
4),(4,4),(-2.148479496286E-1,0.E0,1.E0,1.214847949629E0),(-4.160184695608E-2,
1.041601846956E0),.UNSPECIFIED.);
#4455=ORIENTED_EDGE('',*,*,#4422,.T.);
#4456=ORIENTED_EDGE('',*,*,#3387,.T.);
#4457=ORIENTED_EDGE('',*,*,#3385,.T.);
#4459=ORIENTED_EDGE('',*,*,#4458,.T.);
#4461=ORIENTED_EDGE('',*,*,#4460,.T.);
#4462=EDGE_LOOP('',(#4455,#4456,#4457,#4459,#4461));
#4463=FACE_OUTER_BOUND('',#4462,.F.);
#4464=ADVANCED_FACE('',(#4463),#4454,.F.);
#4465=CARTESIAN_POINT('',(6.374411771522E-1,1.740763517320E0,
-1.127919907652E1));
#4466=CARTESIAN_POINT('',(6.535423173181E-1,1.691832866827E0,
-1.146048293262E1));
#4467=CARTESIAN_POINT('',(6.696434574840E-1,1.642902216334E0,
-1.164176678872E1));
#4468=CARTESIAN_POINT('',(6.857445976499E-1,1.593971565841E0,
-1.182305064483E1));
#4469=CARTESIAN_POINT('',(6.412683824583E-1,1.732331486255E0,
-1.127919907652E1));
#4470=CARTESIAN_POINT('',(6.565746370981E-1,1.683889998043E0,
-1.146048293262E1));
#4471=CARTESIAN_POINT('',(6.718808917379E-1,1.635448509832E0,
-1.164176678872E1));
#4472=CARTESIAN_POINT('',(6.871871463777E-1,1.587007021620E0,
-1.182305064483E1));
#4473=CARTESIAN_POINT('',(6.870305065481E-1,1.626012098917E0,
-1.127919907652E1));
#4474=CARTESIAN_POINT('',(6.926538026722E-1,1.583907401154E0,
-1.146048293262E1));
#4475=CARTESIAN_POINT('',(6.982770987963E-1,1.541802703390E0,
-1.164176678872E1));
#4476=CARTESIAN_POINT('',(7.039003949204E-1,1.499698005626E0,
-1.182305064483E1));
#4477=CARTESIAN_POINT('',(7.231173244992E-1,1.400995135036E0,
-1.127919907652E1));
#4478=CARTESIAN_POINT('',(7.166797626634E-1,1.376180791915E0,
-1.146048293262E1));
#4479=CARTESIAN_POINT('',(7.102422008275E-1,1.351366448794E0,
-1.164176678872E1));
#4480=CARTESIAN_POINT('',(7.038046389917E-1,1.326552105673E0,
-1.182305064483E1));
#4481=CARTESIAN_POINT('',(6.275478127945E-1,1.087685101354E0,
-1.127919907652E1));
#4482=CARTESIAN_POINT('',(6.245894356027E-1,1.089393121222E0,
-1.146048293262E1));
#4483=CARTESIAN_POINT('',(6.216310584109E-1,1.091101141090E0,
-1.164176678872E1));
#4484=CARTESIAN_POINT('',(6.186726812191E-1,1.092809160958E0,
-1.182305064483E1));
#4485=CARTESIAN_POINT('',(4.039981202175E-1,8.482644595491E-1,
-1.127919907652E1));
#4486=CARTESIAN_POINT('',(4.222691908205E-1,8.662467231978E-1,
-1.146048293262E1));
#4487=CARTESIAN_POINT('',(4.405402614236E-1,8.842289868466E-1,
-1.164176678872E1));
#4488=CARTESIAN_POINT('',(4.588113320266E-1,9.022112504953E-1,
-1.182305064483E1));
#4489=CARTESIAN_POINT('',(1.910843042382E-1,7.670080786958E-1,
-1.127919907652E1));
#4490=CARTESIAN_POINT('',(2.303596901823E-1,7.831905102812E-1,
-1.146048293262E1));
#4491=CARTESIAN_POINT('',(2.696350761264E-1,7.993729418666E-1,
-1.164176678872E1));
#4492=CARTESIAN_POINT('',(3.089104620706E-1,8.155553734519E-1,
-1.182305064483E1));
#4493=CARTESIAN_POINT('',(7.612795184419E-2,7.534795470199E-1,
-1.127919907652E1));
#4494=CARTESIAN_POINT('',(1.257326385524E-1,7.644446857708E-1,
-1.146048293262E1));
#4495=CARTESIAN_POINT('',(1.753373252606E-1,7.754098245217E-1,
-1.164176678872E1));
#4496=CARTESIAN_POINT('',(2.249420119688E-1,7.863749632726E-1,
-1.182305064483E1));
#4497=CARTESIAN_POINT('',(6.691199608302E-2,7.525779885078E-1,
-1.127919907652E1));
#4498=CARTESIAN_POINT('',(1.173377525165E-1,7.630993173407E-1,
-1.146048293262E1));
#4499=CARTESIAN_POINT('',(1.677635089501E-1,7.736206461736E-1,
-1.164176678872E1));
#4500=CARTESIAN_POINT('',(2.181892653836E-1,7.841419750065E-1,
-1.182305064483E1));
#4501=B_SPLINE_SURFACE_WITH_KNOTS('',3,3,((#4465,#4466,#4467,#4468),(#4469,
#4470,#4471,#4472),(#4473,#4474,#4475,#4476),(#4477,#4478,#4479,#4480),(#4481,
#4482,#4483,#4484),(#4485,#4486,#4487,#4488),(#4489,#4490,#4491,#4492),(#4493,
#4494,#4495,#4496),(#4497,#4498,#4499,#4500)),.UNSPECIFIED.,.F.,.F.,.F.,(4,1,1,
1,1,1,4),(4,4),(-2.174350580993E-2,0.E0,2.5E-1,5.E-1,7.5E-1,1.E0,
1.021743505810E0),(-4.160184696179E-2,1.046101289652E0),.UNSPECIFIED.);
#4503=ORIENTED_EDGE('',*,*,#4502,.T.);
#4504=ORIENTED_EDGE('',*,*,#4458,.F.);
#4505=ORIENTED_EDGE('',*,*,#3383,.T.);
#4507=ORIENTED_EDGE('',*,*,#4506,.T.);
#4509=ORIENTED_EDGE('',*,*,#4508,.T.);
#4511=ORIENTED_EDGE('',*,*,#4510,.T.);
#4513=ORIENTED_EDGE('',*,*,#4512,.T.);
#4515=ORIENTED_EDGE('',*,*,#4514,.F.);
#4517=ORIENTED_EDGE('',*,*,#4516,.T.);
#4518=EDGE_LOOP('',(#4503,#4504,#4505,#4507,#4509,#4511,#4513,#4515,#4517));
#4519=FACE_OUTER_BOUND('',#4518,.F.);
#4520=ADVANCED_FACE('',(#4519),#4501,.F.);
#4521=CARTESIAN_POINT('',(0.E0,1.45E0,-1.18E1));
#4522=DIRECTION('',(0.E0,0.E0,-1.E0));
#4523=DIRECTION('',(-1.E0,0.E0,0.E0));
#4524=AXIS2_PLACEMENT_3D('',#4521,#4522,#4523);
#4525=PLANE('',#4524);
#4527=ORIENTED_EDGE('',*,*,#4526,.F.);
#4529=ORIENTED_EDGE('',*,*,#4528,.F.);
#4531=ORIENTED_EDGE('',*,*,#4530,.F.);
#4533=ORIENTED_EDGE('',*,*,#4532,.T.);
#4535=ORIENTED_EDGE('',*,*,#4534,.T.);
#4537=ORIENTED_EDGE('',*,*,#4536,.T.);
#4538=EDGE_LOOP('',(#4527,#4529,#4531,#4533,#4535,#4537));
#4539=FACE_OUTER_BOUND('',#4538,.F.);
#4540=ADVANCED_FACE('',(#4539),#4525,.T.);
#4541=CARTESIAN_POINT('',(0.E0,1.45E0,-1.18E1));
#4542=DIRECTION('',(0.E0,0.E0,-1.E0));
#4543=DIRECTION('',(-1.E0,0.E0,0.E0));
#4544=AXIS2_PLACEMENT_3D('',#4541,#4542,#4543);
#4545=PLANE('',#4544);
#4546=ORIENTED_EDGE('',*,*,#4241,.T.);
#4547=ORIENTED_EDGE('',*,*,#4291,.F.);
#4548=ORIENTED_EDGE('',*,*,#4369,.F.);
#4549=ORIENTED_EDGE('',*,*,#4424,.F.);
#4550=ORIENTED_EDGE('',*,*,#4460,.F.);
#4551=ORIENTED_EDGE('',*,*,#4502,.F.);
#4553=ORIENTED_EDGE('',*,*,#4552,.F.);
#4555=ORIENTED_EDGE('',*,*,#4554,.F.);
#4557=ORIENTED_EDGE('',*,*,#4556,.F.);
#4559=ORIENTED_EDGE('',*,*,#4558,.F.);
#4561=ORIENTED_EDGE('',*,*,#4560,.F.);
#4563=ORIENTED_EDGE('',*,*,#4562,.F.);
#4564=EDGE_LOOP('',(#4546,#4547,#4548,#4549,#4550,#4551,#4553,#4555,#4557,#4559,
#4561,#4563));
#4565=FACE_OUTER_BOUND('',#4564,.F.);
#4566=ADVANCED_FACE('',(#4565),#4545,.T.);
#4567=CARTESIAN_POINT('',(0.E0,1.45E0,-1.18E1));
#4568=DIRECTION('',(0.E0,0.E0,-1.E0));
#4569=DIRECTION('',(-1.E0,0.E0,0.E0));
#4570=AXIS2_PLACEMENT_3D('',#4567,#4568,#4569);
#4571=PLANE('',#4570);
#4572=ORIENTED_EDGE('',*,*,#4226,.F.);
#4574=ORIENTED_EDGE('',*,*,#4573,.F.);
#4576=ORIENTED_EDGE('',*,*,#4575,.F.);
#4578=ORIENTED_EDGE('',*,*,#4577,.F.);
#4580=ORIENTED_EDGE('',*,*,#4579,.F.);
#4582=ORIENTED_EDGE('',*,*,#4581,.F.);
#4584=ORIENTED_EDGE('',*,*,#4583,.F.);
#4586=ORIENTED_EDGE('',*,*,#4585,.F.);
#4588=ORIENTED_EDGE('',*,*,#4587,.F.);
#4590=ORIENTED_EDGE('',*,*,#4589,.F.);
#4592=ORIENTED_EDGE('',*,*,#4591,.F.);
#4593=ORIENTED_EDGE('',*,*,#4334,.F.);
#4594=EDGE_LOOP('',(#4572,#4574,#4576,#4578,#4580,#4582,#4584,#4586,#4588,#4590,
#4592,#4593));
#4595=FACE_OUTER_BOUND('',#4594,.F.);
#4596=ADVANCED_FACE('',(#4595),#4571,.T.);
#4597=CARTESIAN_POINT('',(-1.920437411650E-2,5.618986329387E-1,
-1.128076968131E1));
#4598=CARTESIAN_POINT('',(-1.906095101770E-2,4.526243579949E-1,
-1.146023060242E1));
#4599=CARTESIAN_POINT('',(-1.891752791890E-2,3.433500830511E-1,
-1.163969152352E1));
#4600=CARTESIAN_POINT('',(-1.877410482010E-2,2.340758081073E-1,
-1.181915244462E1));
#4601=CARTESIAN_POINT('',(-2.297200270919E-2,5.617555700872E-1,
-1.128076968131E1));
#4602=CARTESIAN_POINT('',(-2.343460864435E-2,4.546918697281E-1,
-1.146023060242E1));
#4603=CARTESIAN_POINT('',(-2.389721457951E-2,3.476281693691E-1,
-1.163969152352E1));
#4604=CARTESIAN_POINT('',(-2.435982051467E-2,2.405644690100E-1,
-1.181915244462E1));
#4605=CARTESIAN_POINT('',(-4.428288265959E-2,5.607512087617E-1,
-1.128076968131E1));
#4606=CARTESIAN_POINT('',(-5.059086817169E-2,4.689965382880E-1,
-1.146023060242E1));
#4607=CARTESIAN_POINT('',(-5.689885368378E-2,3.772418678143E-1,
-1.163969152352E1));
#4608=CARTESIAN_POINT('',(-6.320683919588E-2,2.854871973405E-1,
-1.181915244462E1));
#4609=CARTESIAN_POINT('',(-6.684208897185E-2,5.575982293608E-1,
-1.128076968131E1));
#4610=CARTESIAN_POINT('',(-1.048853484721E-1,5.117049405037E-1,
-1.146023060242E1));
#4611=CARTESIAN_POINT('',(-1.429286079723E-1,4.658116516466E-1,
-1.163969152352E1));
#4612=CARTESIAN_POINT('',(-1.809718674726E-1,4.199183627894E-1,
-1.181915244462E1));
#4613=CARTESIAN_POINT('',(-8.228921834499E-2,5.534506148547E-1,
-1.128076968131E1));
#4614=CARTESIAN_POINT('',(-1.629499831587E-1,5.633030225029E-1,
-1.146023060242E1));
#4615=CARTESIAN_POINT('',(-2.436107479723E-1,5.731554301511E-1,
-1.163969152352E1));
#4616=CARTESIAN_POINT('',(-3.242715127860E-1,5.830078377992E-1,
-1.181915244462E1));
#4617=CARTESIAN_POINT('',(-9.658171353353E-2,5.525999361591E-1,
-1.128076968131E1));
#4618=CARTESIAN_POINT('',(-1.944833451267E-1,5.878667491808E-1,
-1.146023060242E1));
#4619=CARTESIAN_POINT('',(-2.923849767200E-1,6.231335622025E-1,
-1.163969152352E1));
#4620=CARTESIAN_POINT('',(-3.902866083132E-1,6.584003752242E-1,
-1.181915244462E1));
#4621=CARTESIAN_POINT('',(-1.002397970938E-1,5.525107321508E-1,
-1.128076968131E1));
#4622=CARTESIAN_POINT('',(-2.015479533905E-1,5.930982709301E-1,
-1.146023060242E1));
#4623=CARTESIAN_POINT('',(-3.028561096872E-1,6.336858097094E-1,
-1.163969152352E1));
#4624=CARTESIAN_POINT('',(-4.041642659839E-1,6.742733484886E-1,
-1.181915244462E1));
#4625=B_SPLINE_SURFACE_WITH_KNOTS('',3,3,((#4597,#4598,#4599,#4600),(#4601,
#4602,#4603,#4604),(#4605,#4606,#4607,#4608),(#4609,#4610,#4611,#4612),(#4613,
#4614,#4615,#4616),(#4617,#4618,#4619,#4620),(#4621,#4622,#4623,#4624)),
.UNSPECIFIED.,.F.,.F.,.F.,(4,1,1,1,4),(4,4),(-9.796109746744E-2,0.E0,5.E-1,1.E0,
1.146691088708E0),(-3.846063737040E-2,1.038304889232E0),.UNSPECIFIED.);
#4626=ORIENTED_EDGE('',*,*,#4526,.T.);
#4628=ORIENTED_EDGE('',*,*,#4627,.F.);
#4629=ORIENTED_EDGE('',*,*,#3915,.F.);
#4630=ORIENTED_EDGE('',*,*,#3913,.F.);
#4632=ORIENTED_EDGE('',*,*,#4631,.T.);
#4633=EDGE_LOOP('',(#4626,#4628,#4629,#4630,#4632));
#4634=FACE_OUTER_BOUND('',#4633,.F.);
#4635=ADVANCED_FACE('',(#4634),#4625,.T.);
#4636=CARTESIAN_POINT('',(-5.642175802414E-2,5.501740012478E-1,
-1.128084755538E1));
#4637=CARTESIAN_POINT('',(-1.505628180010E-1,5.715928597506E-1,
-1.146054365009E1));
#4638=CARTESIAN_POINT('',(-2.447038779779E-1,5.930117182534E-1,
-1.164023974480E1));
#4639=CARTESIAN_POINT('',(-3.388449379548E-1,6.144305767562E-1,
-1.181993583950E1));
#4640=CARTESIAN_POINT('',(-6.777315538756E-2,5.509263557084E-1,
-1.128084755538E1));
#4641=CARTESIAN_POINT('',(-1.604901904461E-1,5.730665673181E-1,
-1.146054365009E1));
#4642=CARTESIAN_POINT('',(-2.532072255046E-1,5.952067789279E-1,
-1.164023974480E1));
#4643=CARTESIAN_POINT('',(-3.459242605631E-1,6.173469905376E-1,
-1.181993583950E1));
#4644=CARTESIAN_POINT('',(-2.208239004272E-1,5.639487965343E-1,
-1.128084755538E1));
#4645=CARTESIAN_POINT('',(-2.942126036198E-1,5.952718219547E-1,
-1.146054365009E1));
#4646=CARTESIAN_POINT('',(-3.676013068123E-1,6.265948473752E-1,
-1.164023974480E1));
#4647=CARTESIAN_POINT('',(-4.409900100049E-1,6.579178727956E-1,
-1.181993583950E1));
#4648=CARTESIAN_POINT('',(-5.073179851068E-1,6.651976767717E-1,
-1.128084755538E1));
#4649=CARTESIAN_POINT('',(-5.415403253566E-1,6.992032429537E-1,
-1.146054365009E1));
#4650=CARTESIAN_POINT('',(-5.757626656064E-1,7.332088091356E-1,
-1.164023974480E1));
#4651=CARTESIAN_POINT('',(-6.099850058562E-1,7.672143753176E-1,
-1.181993583950E1));
#4652=CARTESIAN_POINT('',(-8.089753634777E-1,9.829378561283E-1,
-1.128084755538E1));
#4653=CARTESIAN_POINT('',(-8.035044069300E-1,9.860965143639E-1,
-1.146054365009E1));
#4654=CARTESIAN_POINT('',(-7.980334503822E-1,9.892551725995E-1,
-1.164023974480E1));
#4655=CARTESIAN_POINT('',(-7.925624938345E-1,9.924138308351E-1,
-1.181993583950E1));
#4656=CARTESIAN_POINT('',(-9.333177414182E-1,1.403050898715E0,
-1.128084755538E1));
#4657=CARTESIAN_POINT('',(-9.209792273594E-1,1.356410699591E0,
-1.146054365009E1));
#4658=CARTESIAN_POINT('',(-9.086407133006E-1,1.309770500466E0,
-1.164023974480E1));
#4659=CARTESIAN_POINT('',(-8.963021992419E-1,1.263130301342E0,
-1.181993583950E1));
#4660=CARTESIAN_POINT('',(-8.777548014687E-1,1.701786494200E0,
-1.128084755538E1));
#4661=CARTESIAN_POINT('',(-8.873226173275E-1,1.622568500174E0,
-1.146054365009E1));
#4662=CARTESIAN_POINT('',(-8.968904331863E-1,1.543350506149E0,
-1.164023974480E1));
#4663=CARTESIAN_POINT('',(-9.064582490451E-1,1.464132512123E0,
-1.181993583950E1));
#4664=CARTESIAN_POINT('',(-8.125071935234E-1,1.840843547886E0,
-1.128084755538E1));
#4665=CARTESIAN_POINT('',(-8.396917253534E-1,1.749478134356E0,
-1.146054365009E1));
#4666=CARTESIAN_POINT('',(-8.668762571835E-1,1.658112720827E0,
-1.164023974480E1));
#4667=CARTESIAN_POINT('',(-8.940607890136E-1,1.566747307298E0,
-1.181993583950E1));
#4668=CARTESIAN_POINT('',(-8.074830529172E-1,1.851050323601E0,
-1.128084755538E1));
#4669=CARTESIAN_POINT('',(-8.360043073221E-1,1.758812344870E0,
-1.146054365009E1));
#4670=CARTESIAN_POINT('',(-8.645255617271E-1,1.666574366140E0,
-1.164023974480E1));
#4671=CARTESIAN_POINT('',(-8.930468161321E-1,1.574336387409E0,
-1.181993583950E1));
#4672=B_SPLINE_SURFACE_WITH_KNOTS('',3,3,((#4636,#4637,#4638,#4639),(#4640,
#4641,#4642,#4643),(#4644,#4645,#4646,#4647),(#4648,#4649,#4650,#4651),(#4652,
#4653,#4654,#4655),(#4656,#4657,#4658,#4659),(#4660,#4661,#4662,#4663),(#4664,
#4665,#4666,#4667),(#4668,#4669,#4670,#4671)),.UNSPECIFIED.,.F.,.F.,.F.,(4,1,1,
1,1,1,4),(4,4),(-2.E-2,0.E0,2.5E-1,5.E-1,7.5E-1,1.E0,1.02E0),
(-3.830488923170E-2,1.039871679008E0),.UNSPECIFIED.);
#4674=ORIENTED_EDGE('',*,*,#4673,.T.);
#4676=ORIENTED_EDGE('',*,*,#4675,.F.);
#4677=ORIENTED_EDGE('',*,*,#4581,.T.);
#4679=ORIENTED_EDGE('',*,*,#4678,.F.);
#4680=ORIENTED_EDGE('',*,*,#3919,.F.);
#4681=ORIENTED_EDGE('',*,*,#3917,.F.);
#4682=ORIENTED_EDGE('',*,*,#4627,.T.);
#4684=ORIENTED_EDGE('',*,*,#4683,.T.);
#4686=ORIENTED_EDGE('',*,*,#4685,.T.);
#4687=EDGE_LOOP('',(#4674,#4676,#4677,#4679,#4680,#4681,#4682,#4684,#4686));
#4688=FACE_OUTER_BOUND('',#4687,.F.);
#4689=ADVANCED_FACE('',(#4688),#4672,.T.);
#4690=CARTESIAN_POINT('',(-6.855301142802E-1,8.673444181680E-1,
-1.177599887047E1));
#4691=CARTESIAN_POINT('',(-6.856145385642E-1,8.589677990508E-1,
-1.219199925436E1));
#4692=CARTESIAN_POINT('',(-6.856989628481E-1,8.505911799337E-1,
-1.260799963825E1));
#4693=CARTESIAN_POINT('',(-6.857833871321E-1,8.422145608165E-1,
-1.302400002215E1));
#4694=CARTESIAN_POINT('',(-6.881046906278E-1,8.702903931696E-1,
-1.177599887047E1));
#4695=CARTESIAN_POINT('',(-6.877742829659E-1,8.629203853772E-1,
-1.219199925436E1));
#4696=CARTESIAN_POINT('',(-6.874438753039E-1,8.555503775848E-1,
-1.260799963825E1));
#4697=CARTESIAN_POINT('',(-6.871134676420E-1,8.481803697924E-1,
-1.302400002215E1));
#4698=CARTESIAN_POINT('',(-7.347665155713E-1,9.243297367086E-1,
-1.177599887047E1));
#4699=CARTESIAN_POINT('',(-7.271617569089E-1,9.360490103484E-1,
-1.219199925436E1));
#4700=CARTESIAN_POINT('',(-7.195569982464E-1,9.477682839882E-1,
-1.260799963825E1));
#4701=CARTESIAN_POINT('',(-7.119522395839E-1,9.594875576280E-1,
-1.302400002215E1));
#4702=CARTESIAN_POINT('',(-7.984601430343E-1,1.020865785491E0,
-1.177599887047E1));
#4703=CARTESIAN_POINT('',(-7.896084046917E-1,1.088785575605E0,
-1.219199925436E1));
#4704=CARTESIAN_POINT('',(-7.807566663490E-1,1.156705365719E0,
-1.260799963825E1));
#4705=CARTESIAN_POINT('',(-7.719049280064E-1,1.224625155832E0,
-1.302400002215E1));
#4706=CARTESIAN_POINT('',(-8.517588724623E-1,1.140994093524E0,
-1.177599887047E1));
#4707=CARTESIAN_POINT('',(-8.609130866461E-1,1.325684631263E0,
-1.219199925436E1));
#4708=CARTESIAN_POINT('',(-8.700673008299E-1,1.510375169001E0,
-1.260799963825E1));
#4709=CARTESIAN_POINT('',(-8.792215150138E-1,1.695065706739E0,
-1.302400002215E1));
#4710=CARTESIAN_POINT('',(-8.791219921489E-1,1.240036819644E0,
-1.177599887047E1));
#4711=CARTESIAN_POINT('',(-9.136886566502E-1,1.542520202966E0,
-1.219199925436E1));
#4712=CARTESIAN_POINT('',(-9.482553211516E-1,1.845003586287E0,
-1.260799963825E1));
#4713=CARTESIAN_POINT('',(-9.828219856529E-1,2.147486969609E0,
-1.302400002215E1));
#4714=CARTESIAN_POINT('',(-8.891573363814E-1,1.305524083673E0,
-1.177599887047E1));
#4715=CARTESIAN_POINT('',(-9.415267718258E-1,1.678307511503E0,
-1.219199925436E1));
#4716=CARTESIAN_POINT('',(-9.938962072702E-1,2.051090939333E0,
-1.260799963825E1));
#4717=CARTESIAN_POINT('',(-1.046265642715E0,2.423874367163E0,
-1.302400002215E1));
#4718=CARTESIAN_POINT('',(-8.918516640461E-1,1.334688074525E0,
-1.177599887047E1));
#4719=CARTESIAN_POINT('',(-9.516744518526E-1,1.734074904810E0,
-1.219199925436E1));
#4720=CARTESIAN_POINT('',(-1.011497239659E0,2.133461735095E0,
-1.260799963825E1));
#4721=CARTESIAN_POINT('',(-1.071320027466E0,2.532848565381E0,
-1.302400002215E1));
#4722=B_SPLINE_SURFACE_WITH_KNOTS('',3,3,((#4690,#4691,#4692,#4693),(#4694,
#4695,#4696,#4697),(#4698,#4699,#4700,#4701),(#4702,#4703,#4704,#4705),(#4706,
#4707,#4708,#4709),(#4710,#4711,#4712,#4713),(#4714,#4715,#4716,#4717),(#4718,
#4719,#4720,#4721)),.UNSPECIFIED.,.F.,.F.,.F.,(4,1,1,1,1,4),(4,4),(
-1.434672364443E-2,0.E0,2.5E-1,5.E-1,7.5E-1,9.232436623087E-1),(
-2.000094127892E-2,1.020000018457E0),.UNSPECIFIED.);
#4724=ORIENTED_EDGE('',*,*,#4723,.F.);
#4726=ORIENTED_EDGE('',*,*,#4725,.F.);
#4728=ORIENTED_EDGE('',*,*,#4727,.F.);
#4730=ORIENTED_EDGE('',*,*,#4729,.F.);
#4731=ORIENTED_EDGE('',*,*,#4673,.F.);
#4733=ORIENTED_EDGE('',*,*,#4732,.T.);
#4734=EDGE_LOOP('',(#4724,#4726,#4728,#4730,#4731,#4733));
#4735=FACE_OUTER_BOUND('',#4734,.F.);
#4736=ADVANCED_FACE('',(#4735),#4722,.T.);
#4737=CARTESIAN_POINT('',(-1.1E0,2.65E0,-1.5E1));
#4738=DIRECTION('',(-9.747266735458E-1,-2.234007875510E-1,0.E0));
#4739=DIRECTION('',(2.234007875510E-1,-9.747266735458E-1,0.E0));
#4740=AXIS2_PLACEMENT_3D('',#4737,#4738,#4739);
#4741=PLANE('',#4740);
#4743=ORIENTED_EDGE('',*,*,#4742,.T.);
#4745=ORIENTED_EDGE('',*,*,#4744,.F.);
#4747=ORIENTED_EDGE('',*,*,#4746,.T.);
#4749=ORIENTED_EDGE('',*,*,#4748,.T.);
#4750=ORIENTED_EDGE('',*,*,#4723,.T.);
#4752=ORIENTED_EDGE('',*,*,#4751,.F.);
#4753=EDGE_LOOP('',(#4743,#4745,#4747,#4749,#4750,#4752));
#4754=FACE_OUTER_BOUND('',#4753,.F.);
#4755=ADVANCED_FACE('',(#4754),#4741,.T.);
#4756=CARTESIAN_POINT('',(-1.484895718877E0,2.211265141098E0,
-1.622035901523E1));
#4757=CARTESIAN_POINT('',(-1.493233237849E0,2.220391748197E0,
-1.615648771216E1));
#4758=CARTESIAN_POINT('',(-1.496081918194E0,2.223536253255E0,
-1.562702401767E1));
#4759=CARTESIAN_POINT('',(-8.250603341704E-1,1.488470701023E0,
-1.564297899874E1));
#4760=CARTESIAN_POINT('',(-8.198497435126E-1,1.482807108849E0,
-1.508836456885E1));
#4761=CARTESIAN_POINT('',(-8.402138979631E-1,1.505099326444E0,
-1.498045884212E1));
#4762=CARTESIAN_POINT('',(-1.470801960348E0,2.112853666538E0,
-1.622035901523E1));
#4763=CARTESIAN_POINT('',(-1.479118585497E0,2.121414834072E0,
-1.615648771216E1));
#4764=CARTESIAN_POINT('',(-1.481960454103E0,2.124364931593E0,
-1.562702401767E1));
#4765=CARTESIAN_POINT('',(-8.126137580673E-1,1.434832016448E0,
-1.564297899874E1));
#4766=CARTESIAN_POINT('',(-8.074167259495E-1,1.429519941073E0,
-1.508836456885E1));
#4767=CARTESIAN_POINT('',(-8.277298570312E-1,1.450431054356E0,
-1.498045884212E1));
#4768=CARTESIAN_POINT('',(-1.437679507203E0,1.881572563540E0,
-1.622035901523E1));
#4769=CARTESIAN_POINT('',(-1.445951821831E0,1.888836915169E0,
-1.615648771216E1));
#4770=CARTESIAN_POINT('',(-1.448789457646E0,1.891336996001E0,
-1.562702401767E1));
#4771=CARTESIAN_POINT('',(-7.827857955545E-1,1.306316506862E0,
-1.564297899874E1));
#4772=CARTESIAN_POINT('',(-7.776331565851E-1,1.301804268641E0,
-1.508836456885E1));
#4773=CARTESIAN_POINT('',(-7.978383673666E-1,1.319547750631E0,
-1.498045884212E1));
#4774=CARTESIAN_POINT('',(-1.386276093777E0,1.522635077303E0,
-1.622035901523E1));
#4775=CARTESIAN_POINT('',(-1.394497441821E0,1.528043652424E0,
-1.615648771216E1));
#4776=CARTESIAN_POINT('',(-1.397406385608E0,1.529868315825E0,
-1.562702401767E1));
#4777=CARTESIAN_POINT('',(-7.336892156794E-1,1.095050922204E0,
-1.564297899874E1));
#4778=CARTESIAN_POINT('',(-7.287042834677E-1,1.091635140957E0,
-1.508836456885E1));
#4779=CARTESIAN_POINT('',(-7.487875062735E-1,1.104844777644E0,
-1.498045884212E1));
#4780=CARTESIAN_POINT('',(-1.350109282127E0,1.270277427170E0,
-1.622035901523E1));
#4781=CARTESIAN_POINT('',(-1.358411247620E0,1.274522822293E0,
-1.615648771216E1));
#4782=CARTESIAN_POINT('',(-1.361076187266E0,1.276061541399E0,
-1.562702401767E1));
#4783=CARTESIAN_POINT('',(-6.964271338827E-1,9.325783196891E-1,
-1.564297899874E1));
#4784=CARTESIAN_POINT('',(-6.909760112180E-1,9.300601784179E-1,
-1.508836456885E1));
#4785=CARTESIAN_POINT('',(-7.112484989892E-1,9.404319176583E-1,
-1.498045884212E1));
#4786=CARTESIAN_POINT('',(-1.332295588795E0,1.145832936124E0,
-1.622035901523E1));
#4787=CARTESIAN_POINT('',(-1.340574796757E0,1.149607317090E0,
-1.615648771216E1));
#4788=CARTESIAN_POINT('',(-1.343439839761E0,1.150896970192E0,
-1.562702401767E1));
#4789=CARTESIAN_POINT('',(-6.763687786432E-1,8.471253827536E-1,
-1.564297899874E1));
#4790=CARTESIAN_POINT('',(-6.712501923379E-1,8.447666492892E-1,
-1.508836456885E1));
#4791=CARTESIAN_POINT('',(-6.914729448072E-1,8.539854698218E-1,
-1.498045884212E1));
#4792=B_SPLINE_SURFACE_WITH_KNOTS('',3,3,((#4756,#4757,#4758,#4759,#4760,#4761),
(#4762,#4763,#4764,#4765,#4766,#4767),(#4768,#4769,#4770,#4771,#4772,#4773),(
#4774,#4775,#4776,#4777,#4778,#4779),(#4780,#4781,#4782,#4783,#4784,#4785),(
#4786,#4787,#4788,#4789,#4790,#4791)),.UNSPECIFIED.,.F.,.F.,.F.,(4,1,1,4),(4,1,
1,4),(6.589060812304E-1,7.5E-1,8.75E-1,1.004114240583E0),(-1.808809484593E-2,
1.5E-1,1.562215341095E0,1.828469989445E0),.UNSPECIFIED.);
#4794=ORIENTED_EDGE('',*,*,#4793,.F.);
#4796=ORIENTED_EDGE('',*,*,#4795,.F.);
#4798=ORIENTED_EDGE('',*,*,#4797,.F.);
#4800=ORIENTED_EDGE('',*,*,#4799,.F.);
#4801=ORIENTED_EDGE('',*,*,#4742,.F.);
#4803=ORIENTED_EDGE('',*,*,#4802,.F.);
#4804=EDGE_LOOP('',(#4794,#4796,#4798,#4800,#4801,#4803));
#4805=FACE_OUTER_BOUND('',#4804,.F.);
#4806=ADVANCED_FACE('',(#4805),#4792,.T.);
#4807=CARTESIAN_POINT('',(-1.8E0,4.4E0,-1.7E1));
#4808=DIRECTION('',(-9.899246866003E-1,-1.415948970100E-1,0.E0));
#4809=DIRECTION('',(1.415948970100E-1,-9.899246866003E-1,0.E0));
#4810=AXIS2_PLACEMENT_3D('',#4807,#4808,#4809);
#4811=PLANE('',#4810);
#4812=ORIENTED_EDGE('',*,*,#4793,.T.);
#4814=ORIENTED_EDGE('',*,*,#4813,.F.);
#4816=ORIENTED_EDGE('',*,*,#4815,.F.);
#4818=ORIENTED_EDGE('',*,*,#4817,.T.);
#4820=ORIENTED_EDGE('',*,*,#4819,.T.);
#4821=EDGE_LOOP('',(#4812,#4814,#4816,#4818,#4820));
#4822=FACE_OUTER_BOUND('',#4821,.F.);
#4823=ADVANCED_FACE('',(#4822),#4811,.T.);
#4824=CARTESIAN_POINT('',(0.E0,1.35E0,-1.7E1));
#4825=DIRECTION('',(0.E0,0.E0,1.E0));
#4826=DIRECTION('',(1.E0,0.E0,0.E0));
#4827=AXIS2_PLACEMENT_3D('',#4824,#4825,#4826);
#4828=CYLINDRICAL_SURFACE('',#4827,1.35E0);
#4830=ORIENTED_EDGE('',*,*,#4829,.T.);
#4832=ORIENTED_EDGE('',*,*,#4831,.T.);
#4834=ORIENTED_EDGE('',*,*,#4833,.T.);
#4836=ORIENTED_EDGE('',*,*,#4835,.F.);
#4838=ORIENTED_EDGE('',*,*,#4837,.F.);
#4839=ORIENTED_EDGE('',*,*,#4813,.T.);
#4840=EDGE_LOOP('',(#4830,#4832,#4834,#4836,#4838,#4839));
#4841=FACE_OUTER_BOUND('',#4840,.F.);
#4843=ORIENTED_EDGE('',*,*,#4842,.T.);
#4845=ORIENTED_EDGE('',*,*,#4844,.T.);
#4847=ORIENTED_EDGE('',*,*,#4846,.T.);
#4849=ORIENTED_EDGE('',*,*,#4848,.T.);
#4851=ORIENTED_EDGE('',*,*,#4850,.T.);
#4853=ORIENTED_EDGE('',*,*,#4852,.F.);
#4855=ORIENTED_EDGE('',*,*,#4854,.F.);
#4857=ORIENTED_EDGE('',*,*,#4856,.F.);
#4858=EDGE_LOOP('',(#4843,#4845,#4847,#4849,#4851,#4853,#4855,#4857));
#4859=FACE_BOUND('',#4858,.F.);
#4861=ORIENTED_EDGE('',*,*,#4860,.F.);
#4863=ORIENTED_EDGE('',*,*,#4862,.F.);
#4865=ORIENTED_EDGE('',*,*,#4864,.F.);
#4867=ORIENTED_EDGE('',*,*,#4866,.F.);
#4869=ORIENTED_EDGE('',*,*,#4868,.T.);
#4871=ORIENTED_EDGE('',*,*,#4870,.T.);
#4873=ORIENTED_EDGE('',*,*,#4872,.T.);
#4875=ORIENTED_EDGE('',*,*,#4874,.T.);
#4877=ORIENTED_EDGE('',*,*,#4876,.T.);
#4879=ORIENTED_EDGE('',*,*,#4878,.F.);
#4881=ORIENTED_EDGE('',*,*,#4880,.T.);
#4883=ORIENTED_EDGE('',*,*,#4882,.T.);
#4885=ORIENTED_EDGE('',*,*,#4884,.F.);
#4886=EDGE_LOOP('',(#4861,#4863,#4865,#4867,#4869,#4871,#4873,#4875,#4877,#4879,
#4881,#4883,#4885));
#4887=FACE_BOUND('',#4886,.F.);
#4889=ORIENTED_EDGE('',*,*,#4888,.T.);
#4891=ORIENTED_EDGE('',*,*,#4890,.T.);
#4893=ORIENTED_EDGE('',*,*,#4892,.T.);
#4895=ORIENTED_EDGE('',*,*,#4894,.F.);
#4897=ORIENTED_EDGE('',*,*,#4896,.F.);
#4899=ORIENTED_EDGE('',*,*,#4898,.F.);
#4901=ORIENTED_EDGE('',*,*,#4900,.F.);
#4902=EDGE_LOOP('',(#4889,#4891,#4893,#4895,#4897,#4899,#4901));
#4903=FACE_BOUND('',#4902,.F.);
#4904=ADVANCED_FACE('',(#4841,#4859,#4887,#4903),#4828,.T.);
#4905=CARTESIAN_POINT('',(0.E0,1.35E0,-1.7E1));
#4906=DIRECTION('',(0.E0,0.E0,1.E0));
#4907=DIRECTION('',(1.E0,0.E0,0.E0));
#4908=AXIS2_PLACEMENT_3D('',#4905,#4906,#4907);
#4909=CYLINDRICAL_SURFACE('',#4908,1.35E0);
#4911=ORIENTED_EDGE('',*,*,#4910,.T.);
#4913=ORIENTED_EDGE('',*,*,#4912,.F.);
#4915=ORIENTED_EDGE('',*,*,#4914,.T.);
#4916=EDGE_LOOP('',(#4911,#4913,#4915));
#4917=FACE_OUTER_BOUND('',#4916,.F.);
#4918=ADVANCED_FACE('',(#4917),#4909,.T.);
#4919=CARTESIAN_POINT('',(0.E0,1.35E0,-1.7E1));
#4920=DIRECTION('',(0.E0,0.E0,1.E0));
#4921=DIRECTION('',(1.E0,0.E0,0.E0));
#4922=AXIS2_PLACEMENT_3D('',#4919,#4920,#4921);
#4923=CYLINDRICAL_SURFACE('',#4922,1.35E0);
#4925=ORIENTED_EDGE('',*,*,#4924,.T.);
#4927=ORIENTED_EDGE('',*,*,#4926,.T.);
#4929=ORIENTED_EDGE('',*,*,#4928,.F.);
#4931=ORIENTED_EDGE('',*,*,#4930,.F.);
#4932=EDGE_LOOP('',(#4925,#4927,#4929,#4931));
#4933=FACE_OUTER_BOUND('',#4932,.F.);
#4934=ADVANCED_FACE('',(#4933),#4923,.T.);
#4935=CARTESIAN_POINT('',(-1.334339522417E0,1.171153960677E0,
-1.623223398243E1));
#4936=CARTESIAN_POINT('',(-1.344183736133E0,1.175759846224E0,
-1.616344054979E1));
#4937=CARTESIAN_POINT('',(-1.350803400923E0,1.178881264552E0,
-1.562693466357E1));
#4938=CARTESIAN_POINT('',(-6.771060124926E-1,8.632114570183E-1,
-1.564305715757E1));
#4939=CARTESIAN_POINT('',(-6.751454830344E-1,8.623291804879E-1,
-1.508237008867E1));
#4940=CARTESIAN_POINT('',(-6.975564793826E-1,8.728157942289E-1,
-1.496939162963E1));
#4941=CARTESIAN_POINT('',(-1.325921933925E0,1.108101187574E0,
-1.623223398243E1));
#4942=CARTESIAN_POINT('',(-1.335730870509E0,1.112391715643E0,
-1.616344054979E1));
#4943=CARTESIAN_POINT('',(-1.342462550554E0,1.115243148135E0,
-1.562693466357E1));
#4944=CARTESIAN_POINT('',(-6.685908962303E-1,8.222597495415E-1,
-1.564305715757E1));
#4945=CARTESIAN_POINT('',(-6.668335532468E-1,8.213565660388E-1,
-1.508237008867E1));
#4946=CARTESIAN_POINT('',(-6.891699205346E-1,8.311228232044E-1,
-1.496939162963E1));
#4947=CARTESIAN_POINT('',(-1.305102567081E0,1.009780347062E0,
-1.623223398243E1));
#4948=CARTESIAN_POINT('',(-1.315135946472E0,1.013940579270E0,
-1.616344054979E1));
#4949=CARTESIAN_POINT('',(-1.321861867371E0,1.016771471987E0,
-1.562693466357E1));
#4950=CARTESIAN_POINT('',(-6.356182142405E-1,7.314258422352E-1,
-1.564305715757E1));
#4951=CARTESIAN_POINT('',(-6.335897399571E-1,7.306455439011E-1,
-1.508237008867E1));
#4952=CARTESIAN_POINT('',(-6.564305075501E-1,7.401179816887E-1,
-1.496939162963E1));
#4953=CARTESIAN_POINT('',(-1.265230257965E0,8.836226082153E-1,
-1.623223398243E1));
#4954=CARTESIAN_POINT('',(-1.276269226751E0,8.876481202484E-1,
-1.616344054979E1));
#4955=CARTESIAN_POINT('',(-1.283742560523E0,8.903536036038E-1,
-1.562693466357E1));
#4956=CARTESIAN_POINT('',(-5.273225111111E-1,6.148916381405E-1,
-1.564305715757E1));
#4957=CARTESIAN_POINT('',(-5.251966805540E-1,6.140878529848E-1,
-1.508237008867E1));
#4958=CARTESIAN_POINT('',(-5.503297189444E-1,6.232521340921E-1,
-1.496939162963E1));
#4959=CARTESIAN_POINT('',(-1.208717485691E0,7.505656948127E-1,
-1.623223398243E1));
#4960=CARTESIAN_POINT('',(-1.220996158893E0,7.535353141462E-1,
-1.616344054979E1));
#4961=CARTESIAN_POINT('',(-1.229253856254E0,7.555710718678E-1,
-1.562693466357E1));
#4962=CARTESIAN_POINT('',(-3.889330446899E-1,5.516015102606E-1,
-1.564305715757E1));
#4963=CARTESIAN_POINT('',(-3.864891232851E-1,5.510662533300E-1,
-1.508237008867E1));
#4964=CARTESIAN_POINT('',(-4.144423676969E-1,5.578284125628E-1,
-1.496939162963E1));
#4965=CARTESIAN_POINT('',(-1.146776707754E0,6.409685599904E-1,
-1.623223398243E1));
#4966=CARTESIAN_POINT('',(-1.159339677833E0,6.423876893924E-1,
-1.616344054979E1));
#4967=CARTESIAN_POINT('',(-1.167890848524E0,6.432780439887E-1,
-1.562693466357E1));
#4968=CARTESIAN_POINT('',(-3.061630823324E-1,5.473777766319E-1,
-1.564305715757E1));
#4969=CARTESIAN_POINT('',(-3.038103809341E-1,5.470027635818E-1,
-1.508237008867E1));
#4970=CARTESIAN_POINT('',(-3.324151278230E-1,5.502308286057E-1,
-1.496939162963E1));
#4971=CARTESIAN_POINT('',(-1.100557472780E0,5.751515893594E-1,
-1.623223398243E1));
#4972=CARTESIAN_POINT('',(-1.112936032969E0,5.755313539213E-1,
-1.616344054979E1));
#4973=CARTESIAN_POINT('',(-1.121277340062E0,5.758045363238E-1,
-1.562693466357E1));
#4974=CARTESIAN_POINT('',(-2.738071378046E-1,5.494753305122E-1,
-1.564305715757E1));
#4975=CARTESIAN_POINT('',(-2.713670838448E-1,5.494254403543E-1,
-1.508237008867E1));
#4976=CARTESIAN_POINT('',(-2.995484157189E-1,5.502907448138E-1,
-1.496939162963E1));
#4977=B_SPLINE_SURFACE_WITH_KNOTS('',3,3,((#4935,#4936,#4937,#4938,#4939,#4940),
(#4941,#4942,#4943,#4944,#4945,#4946),(#4947,#4948,#4949,#4950,#4951,#4952),(
#4953,#4954,#4955,#4956,#4957,#4958),(#4959,#4960,#4961,#4962,#4963,#4964),(
#4965,#4966,#4967,#4968,#4969,#4970),(#4971,#4972,#4973,#4974,#4975,#4976)),
.UNSPECIFIED.,.F.,.F.,.F.,(4,1,1,1,4),(4,1,1,4),(-2.054299241499E-2,2.5E-1,
5.E-1,7.5E-1,1.020179075857E0),(-2.842953877791E-2,1.5E-1,1.562215341095E0,
1.837515742691E0),.UNSPECIFIED.);
#4978=ORIENTED_EDGE('',*,*,#4829,.F.);
#4979=ORIENTED_EDGE('',*,*,#4802,.T.);
#4981=ORIENTED_EDGE('',*,*,#4980,.T.);
#4983=ORIENTED_EDGE('',*,*,#4982,.F.);
#4985=ORIENTED_EDGE('',*,*,#4984,.F.);
#4986=EDGE_LOOP('',(#4978,#4979,#4981,#4983,#4985));
#4987=FACE_OUTER_BOUND('',#4986,.F.);
#4988=ADVANCED_FACE('',(#4987),#4977,.T.);
#4989=CARTESIAN_POINT('',(-3.E-1,9.5E-1,-1.5E1));
#4990=DIRECTION('',(0.E0,0.E0,1.E0));
#4991=DIRECTION('',(1.E0,0.E0,0.E0));
#4992=AXIS2_PLACEMENT_3D('',#4989,#4990,#4991);
#4993=CYLINDRICAL_SURFACE('',#4992,4.E-1);
#4994=ORIENTED_EDGE('',*,*,#4982,.T.);
#4995=ORIENTED_EDGE('',*,*,#4980,.F.);
#4996=ORIENTED_EDGE('',*,*,#4751,.T.);
#4998=ORIENTED_EDGE('',*,*,#4997,.T.);
#5000=ORIENTED_EDGE('',*,*,#4999,.F.);
#5001=EDGE_LOOP('',(#4994,#4995,#4996,#4998,#5000));
#5002=FACE_OUTER_BOUND('',#5001,.F.);
#5003=ADVANCED_FACE('',(#5002),#4993,.T.);
#5004=CARTESIAN_POINT('',(-1.077006220375E-1,5.571349029663E-1,
-1.177191419473E1));
#5005=CARTESIAN_POINT('',(-1.689086704799E-1,5.547706017248E-1,
-1.218940559513E1));
#5006=CARTESIAN_POINT('',(-2.301167189222E-1,5.524063004832E-1,
-1.260689699553E1));
#5007=CARTESIAN_POINT('',(-2.913247673645E-1,5.500419992417E-1,
-1.302438839593E1));
#5008=CARTESIAN_POINT('',(-1.103897909332E-1,5.574847627557E-1,
-1.177191419473E1));
#5009=CARTESIAN_POINT('',(-1.720921648278E-1,5.549602818295E-1,
-1.218940559513E1));
#5010=CARTESIAN_POINT('',(-2.337945387225E-1,5.524358009032E-1,
-1.260689699553E1));
#5011=CARTESIAN_POINT('',(-2.954969126171E-1,5.499113199769E-1,
-1.302438839593E1));
#5012=CARTESIAN_POINT('',(-1.334122380151E-1,5.605817034106E-1,
-1.177191419473E1));
#5013=CARTESIAN_POINT('',(-1.989409060131E-1,5.568366226737E-1,
-1.218940559513E1));
#5014=CARTESIAN_POINT('',(-2.644695740111E-1,5.530915419368E-1,
-1.260689699553E1));
#5015=CARTESIAN_POINT('',(-3.299982420092E-1,5.493464612E-1,-1.302438839593E1));
#5016=CARTESIAN_POINT('',(-1.834625328131E-1,5.690592290225E-1,
-1.177191419473E1));
#5017=CARTESIAN_POINT('',(-2.512494839054E-1,5.647659505618E-1,
-1.218940559513E1));
#5018=CARTESIAN_POINT('',(-3.190364349978E-1,5.604726721010E-1,
-1.260689699553E1));
#5019=CARTESIAN_POINT('',(-3.868233860902E-1,5.561793936402E-1,
-1.302438839593E1));
#5020=CARTESIAN_POINT('',(-2.920024490960E-1,5.968289529634E-1,
-1.177191419473E1));
#5021=CARTESIAN_POINT('',(-3.518920172761E-1,5.920983388073E-1,
-1.218940559513E1));
#5022=CARTESIAN_POINT('',(-4.117815854561E-1,5.873677246512E-1,
-1.260689699553E1));
#5023=CARTESIAN_POINT('',(-4.716711536362E-1,5.826371104950E-1,
-1.302438839593E1));
#5024=CARTESIAN_POINT('',(-4.412876823336E-1,6.594567588694E-1,
-1.177191419473E1));
#5025=CARTESIAN_POINT('',(-4.771800437729E-1,6.493149697409E-1,
-1.218940559513E1));
#5026=CARTESIAN_POINT('',(-5.130724052123E-1,6.391731806124E-1,
-1.260689699553E1));
#5027=CARTESIAN_POINT('',(-5.489647666516E-1,6.290313914840E-1,
-1.302438839593E1));
#5028=CARTESIAN_POINT('',(-5.714999527988E-1,7.526965518740E-1,
-1.177191419473E1));
#5029=CARTESIAN_POINT('',(-5.859696787528E-1,7.332874388542E-1,
-1.218940559513E1));
#5030=CARTESIAN_POINT('',(-6.004394047067E-1,7.138783258345E-1,
-1.260689699553E1));
#5031=CARTESIAN_POINT('',(-6.149091306606E-1,6.944692128147E-1,
-1.302438839593E1));
#5032=CARTESIAN_POINT('',(-6.501479050960E-1,8.277046957778E-1,
-1.177191419473E1));
#5033=CARTESIAN_POINT('',(-6.545354714392E-1,8.102210571273E-1,
-1.218940559513E1));
#5034=CARTESIAN_POINT('',(-6.589230377824E-1,7.927374184767E-1,
-1.260689699553E1));
#5035=CARTESIAN_POINT('',(-6.633106041257E-1,7.752537798261E-1,
-1.302438839593E1));
#5036=CARTESIAN_POINT('',(-6.823778922767E-1,8.635396097219E-1,
-1.177191419473E1));
#5037=CARTESIAN_POINT('',(-6.829629096267E-1,8.532361391095E-1,
-1.218940559513E1));
#5038=CARTESIAN_POINT('',(-6.835479269767E-1,8.429326684971E-1,
-1.260689699553E1));
#5039=CARTESIAN_POINT('',(-6.841329443267E-1,8.326291978847E-1,
-1.302438839593E1));
#5040=CARTESIAN_POINT('',(-6.964269010958E-1,8.800421010303E-1,
-1.177191419473E1));
#5041=CARTESIAN_POINT('',(-6.948177797026E-1,8.762152579465E-1,
-1.218940559513E1));
#5042=CARTESIAN_POINT('',(-6.932086583094E-1,8.723884148627E-1,
-1.260689699553E1));
#5043=CARTESIAN_POINT('',(-6.915995369163E-1,8.685615717789E-1,
-1.302438839593E1));
#5044=CARTESIAN_POINT('',(-6.980092271430E-1,8.819131876724E-1,
-1.177191419473E1));
#5045=CARTESIAN_POINT('',(-6.961430893326E-1,8.788717572453E-1,
-1.218940559513E1));
#5046=CARTESIAN_POINT('',(-6.942769515222E-1,8.758303268183E-1,
-1.260689699553E1));
#5047=CARTESIAN_POINT('',(-6.924108137117E-1,8.727888963912E-1,
-1.302438839593E1));
#5048=B_SPLINE_SURFACE_WITH_KNOTS('',3,3,((#5004,#5005,#5006,#5007),(#5008,
#5009,#5010,#5011),(#5012,#5013,#5014,#5015),(#5016,#5017,#5018,#5019),(#5020,
#5021,#5022,#5023),(#5024,#5025,#5026,#5027),(#5028,#5029,#5030,#5031),(#5032,
#5033,#5034,#5035),(#5036,#5037,#5038,#5039),(#5040,#5041,#5042,#5043),(#5044,
#5045,#5046,#5047)),.UNSPECIFIED.,.F.,.F.,.F.,(4,1,1,1,1,1,1,1,4),(4,4),(
-1.690323566318E-2,0.E0,1.25E-1,2.5E-1,5.E-1,7.5E-1,8.75E-1,1.E0,
1.016330916183E0),(-2.340483772138E-2,1.020323663275E0),.UNSPECIFIED.);
#5049=ORIENTED_EDGE('',*,*,#4997,.F.);
#5050=ORIENTED_EDGE('',*,*,#4732,.F.);
#5051=ORIENTED_EDGE('',*,*,#4685,.F.);
#5052=ORIENTED_EDGE('',*,*,#4683,.F.);
#5053=ORIENTED_EDGE('',*,*,#4536,.F.);
#5055=ORIENTED_EDGE('',*,*,#5054,.T.);
#5056=EDGE_LOOP('',(#5049,#5050,#5051,#5052,#5053,#5055));
#5057=FACE_OUTER_BOUND('',#5056,.F.);
#5058=ADVANCED_FACE('',(#5057),#5048,.T.);
#5059=CARTESIAN_POINT('',(1.271456624146E-1,5.597415291557E-1,-1.1776E1));
#5060=CARTESIAN_POINT('',(1.907774401592E-1,5.564306826453E-1,-1.2192E1));
#5061=CARTESIAN_POINT('',(2.544092179038E-1,5.531198361348E-1,-1.2608E1));
#5062=CARTESIAN_POINT('',(3.180409956485E-1,5.498089896244E-1,-1.3024E1));
#5063=CARTESIAN_POINT('',(1.235146672181E-1,5.592001982922E-1,-1.1776E1));
#5064=CARTESIAN_POINT('',(1.868092241440E-1,5.560733335131E-1,-1.2192E1));
#5065=CARTESIAN_POINT('',(2.501037810698E-1,5.529464687341E-1,-1.2608E1));
#5066=CARTESIAN_POINT('',(3.133983379957E-1,5.498196039551E-1,-1.3024E1));
#5067=CARTESIAN_POINT('',(9.310247115722E-2,5.548285570265E-1,-1.1776E1));
#5068=CARTESIAN_POINT('',(1.527123828493E-1,5.531874788214E-1,-1.2192E1));
#5069=CARTESIAN_POINT('',(2.123222945413E-1,5.515464006163E-1,-1.2608E1));
#5070=CARTESIAN_POINT('',(2.719322062334E-1,5.499053224112E-1,-1.3024E1));
#5071=CARTESIAN_POINT('',(4.847216998876E-2,5.509025622143E-1,-1.1776E1));
#5072=CARTESIAN_POINT('',(8.926152131728E-2,5.505958090434E-1,-1.2192E1));
#5073=CARTESIAN_POINT('',(1.300508726458E-1,5.502890558725E-1,-1.2608E1));
#5074=CARTESIAN_POINT('',(1.708402239743E-1,5.499823027017E-1,-1.3024E1));
#5075=CARTESIAN_POINT('',(0.E0,5.495487188929E-1,-1.1776E1));
#5076=CARTESIAN_POINT('',(0.E0,5.497020954783E-1,-1.2192E1));
#5077=CARTESIAN_POINT('',(0.E0,5.498554720637E-1,-1.2608E1));
#5078=CARTESIAN_POINT('',(0.E0,5.500088486492E-1,-1.3024E1));
#5079=CARTESIAN_POINT('',(-4.847216998876E-2,5.509025622143E-1,-1.1776E1));
#5080=CARTESIAN_POINT('',(-8.926152131728E-2,5.505958090434E-1,-1.2192E1));
#5081=CARTESIAN_POINT('',(-1.300508726458E-1,5.502890558725E-1,-1.2608E1));
#5082=CARTESIAN_POINT('',(-1.708402239743E-1,5.499823027017E-1,-1.3024E1));
#5083=CARTESIAN_POINT('',(-9.325018404145E-2,5.548415508894E-1,-1.1776E1));
#5084=CARTESIAN_POINT('',(-1.529223861322E-1,5.531960564695E-1,-1.2192E1));
#5085=CARTESIAN_POINT('',(-2.125945882230E-1,5.515505620496E-1,-1.2608E1));
#5086=CARTESIAN_POINT('',(-2.722667903138E-1,5.499050676296E-1,-1.3024E1));
#5087=CARTESIAN_POINT('',(-1.238941580140E-1,5.592548000683E-1,-1.1776E1));
#5088=CARTESIAN_POINT('',(-1.872344160526E-1,5.561093778229E-1,-1.2192E1));
#5089=CARTESIAN_POINT('',(-2.505746740912E-1,5.529639555774E-1,-1.2608E1));
#5090=CARTESIAN_POINT('',(-3.139149321298E-1,5.498185333320E-1,-1.3024E1));
#5091=CARTESIAN_POINT('',(-1.277309998455E-1,5.598289580422E-1,-1.1776E1));
#5092=CARTESIAN_POINT('',(-1.914162752363E-1,5.564883971390E-1,-1.2192E1));
#5093=CARTESIAN_POINT('',(-2.551015506271E-1,5.531478362358E-1,-1.2608E1));
#5094=CARTESIAN_POINT('',(-3.187868260179E-1,5.498072753325E-1,-1.3024E1));
#5095=B_SPLINE_SURFACE_WITH_KNOTS('',3,3,((#5059,#5060,#5061,#5062),(#5063,
#5064,#5065,#5066),(#5067,#5068,#5069,#5070),(#5071,#5072,#5073,#5074),(#5075,
#5076,#5077,#5078),(#5079,#5080,#5081,#5082),(#5083,#5084,#5085,#5086),(#5087,
#5088,#5089,#5090),(#5091,#5092,#5093,#5094)),.UNSPECIFIED.,.F.,.F.,.F.,(4,1,1,
1,1,1,4),(4,4),(-3.286799144427E-2,0.E0,2.5E-1,5.E-1,7.5E-1,1.E0,
1.034631624354E0),(-2.E-2,1.02E0),.UNSPECIFIED.);
#5097=ORIENTED_EDGE('',*,*,#5096,.F.);
#5098=ORIENTED_EDGE('',*,*,#5054,.F.);
#5099=ORIENTED_EDGE('',*,*,#4534,.F.);
#5101=ORIENTED_EDGE('',*,*,#5100,.T.);
#5102=EDGE_LOOP('',(#5097,#5098,#5099,#5101));
#5103=FACE_OUTER_BOUND('',#5102,.F.);
#5104=ADVANCED_FACE('',(#5103),#5095,.T.);
#5105=CARTESIAN_POINT('',(-3.E-1,5.5E-1,-1.5E1));
#5106=DIRECTION('',(0.E0,-1.E0,0.E0));
#5107=DIRECTION('',(1.E0,0.E0,0.E0));
#5108=AXIS2_PLACEMENT_3D('',#5105,#5106,#5107);
#5109=PLANE('',#5108);
#5111=ORIENTED_EDGE('',*,*,#5110,.T.);
#5113=ORIENTED_EDGE('',*,*,#5112,.T.);
#5115=ORIENTED_EDGE('',*,*,#5114,.T.);
#5116=ORIENTED_EDGE('',*,*,#4999,.T.);
#5117=ORIENTED_EDGE('',*,*,#5096,.T.);
#5119=ORIENTED_EDGE('',*,*,#5118,.F.);
#5120=EDGE_LOOP('',(#5111,#5113,#5115,#5116,#5117,#5119));
#5121=FACE_OUTER_BOUND('',#5120,.F.);
#5122=ADVANCED_FACE('',(#5121),#5109,.T.);
#5123=CARTESIAN_POINT('',(-1.121178638192E0,6.036793409476E-1,
-1.622576756330E1));
#5124=CARTESIAN_POINT('',(-1.132528404813E0,6.044318751833E-1,
-1.615966120112E1));
#5125=CARTESIAN_POINT('',(-1.138329817974E0,6.048007354429E-1,
-1.562698315953E1));
#5126=CARTESIAN_POINT('',(-2.902383774575E-1,5.488821495891E-1,
-1.564302677730E1));
#5127=CARTESIAN_POINT('',(-2.862413594556E-1,5.485933206039E-1,
-1.508470406589E1));
#5128=CARTESIAN_POINT('',(-3.134780308477E-1,5.503987032690E-1,
-1.497370992637E1));
#5129=CARTESIAN_POINT('',(-1.074266509255E0,5.332005151342E-1,
-1.622576756330E1));
#5130=CARTESIAN_POINT('',(-1.085519791374E0,5.329493127346E-1,
-1.615966120112E1));
#5131=CARTESIAN_POINT('',(-1.091187045241E0,5.328908740231E-1,
-1.562698315953E1));
#5132=CARTESIAN_POINT('',(-2.519875223585E-1,5.502742697169E-1,
-1.564302677730E1));
#5133=CARTESIAN_POINT('',(-2.478965951240E-1,5.504681955118E-1,
-1.508470406589E1));
#5134=CARTESIAN_POINT('',(-2.748989561550E-1,5.498676561570E-1,
-1.497370992637E1));
#5135=CARTESIAN_POINT('',(-9.534674002295E-1,3.798896356093E-1,
-1.622576756330E1));
#5136=CARTESIAN_POINT('',(-9.639188307191E-1,3.775234506839E-1,
-1.615966120112E1));
#5137=CARTESIAN_POINT('',(-9.692776471375E-1,3.762869415803E-1,
-1.562698315953E1));
#5138=CARTESIAN_POINT('',(-1.879839213625E-1,5.536320891097E-1,
-1.564302677730E1));
#5139=CARTESIAN_POINT('',(-1.843282696984E-1,5.544246261174E-1,
-1.508470406589E1));
#5140=CARTESIAN_POINT('',(-2.094096952388E-1,5.487454763594E-1,
-1.497370992637E1));
#5141=CARTESIAN_POINT('',(-6.736556595709E-1,1.642486125917E-1,
-1.622576756330E1));
#5142=CARTESIAN_POINT('',(-6.812823170311E-1,1.588645195470E-1,
-1.615966120112E1));
#5143=CARTESIAN_POINT('',(-6.851627946241E-1,1.561274118107E-1,
-1.562698315953E1));
#5144=CARTESIAN_POINT('',(-1.156286013249E-1,5.581476654978E-1,
-1.564302677730E1));
#5145=CARTESIAN_POINT('',(-1.129157968671E-1,5.600663208749E-1,
-1.508470406589E1));
#5146=CARTESIAN_POINT('',(-1.312173306041E-1,5.471462995721E-1,
-1.497370992637E1));
#5147=CARTESIAN_POINT('',(-3.162199353749E-1,2.040328856567E-2,
-1.622576756330E1));
#5148=CARTESIAN_POINT('',(-3.197330212963E-1,1.301465519767E-2,
-1.615966120112E1));
#5149=CARTESIAN_POINT('',(-3.215261231781E-1,9.245377067929E-3,
-1.562698315953E1));
#5150=CARTESIAN_POINT('',(-5.906859700198E-2,5.612011649869E-1,
-1.564302677730E1));
#5151=CARTESIAN_POINT('',(-5.782747471181E-2,5.638143687169E-1,
-1.508470406589E1));
#5152=CARTESIAN_POINT('',(-6.625793888129E-2,5.460836928963E-1,
-1.497370992637E1));
#5153=CARTESIAN_POINT('',(8.665124144553E-2,-1.479770922407E-2,
-1.622576756330E1));
#5154=CARTESIAN_POINT('',(8.796149809731E-2,-2.267834416138E-2,
-1.615966120112E1));
#5155=CARTESIAN_POINT('',(8.862967703590E-2,-2.669489748367E-2,
-1.562698315953E1));
#5156=CARTESIAN_POINT('',(-9.246095534420E-3,5.619413574338E-1,
-1.564302677730E1));
#5157=CARTESIAN_POINT('',(-9.709871368466E-3,5.647341749550E-1,
-1.508470406589E1));
#5158=CARTESIAN_POINT('',(-6.565625845721E-3,5.458229529045E-1,
-1.497370992637E1));
#5159=CARTESIAN_POINT('',(4.798631687378E-1,7.087102871919E-2,
-1.622576756330E1));
#5160=CARTESIAN_POINT('',(4.858498310048E-1,6.418666824079E-2,
-1.615966120112E1));
#5161=CARTESIAN_POINT('',(4.889033945057E-1,6.077594437545E-2,
-1.562698315953E1));
#5162=CARTESIAN_POINT('',(4.168958856320E-2,5.601345993990E-1,
-1.564302677730E1));
#5163=CARTESIAN_POINT('',(3.957147065166E-2,5.624976202210E-1,
-1.508470406589E1));
#5164=CARTESIAN_POINT('',(5.393778721636E-2,5.464569807216E-1,
-1.497370992637E1));
#5165=CARTESIAN_POINT('',(8.115186958931E-1,2.551296812262E-1,
-1.622576756330E1));
#5166=CARTESIAN_POINT('',(8.212213095193E-1,2.510131128930E-1,
-1.615966120112E1));
#5167=CARTESIAN_POINT('',(8.261624757077E-1,2.489242699055E-1,
-1.562698315953E1));
#5168=CARTESIAN_POINT('',(1.015146727716E-1,5.562235877103E-1,
-1.564302677730E1));
#5169=CARTESIAN_POINT('',(9.807013190173E-2,5.576964225221E-1,
-1.508470406589E1));
#5170=CARTESIAN_POINT('',(1.213534399242E-1,5.478181634866E-1,
-1.497370992637E1));
#5171=CARTESIAN_POINT('',(1.056395460388E0,4.951489077919E-1,
-1.622576756330E1));
#5172=CARTESIAN_POINT('',(1.068375888645E0,4.943927595034E-1,
-1.615966120112E1));
#5173=CARTESIAN_POINT('',(1.074505445502E0,4.939692981446E-1,
-1.562698315953E1));
#5174=CARTESIAN_POINT('',(1.791742674557E-1,5.512039687443E-1,
-1.564302677730E1));
#5175=CARTESIAN_POINT('',(1.749638667976E-1,5.514145506797E-1,
-1.508470406589E1));
#5176=CARTESIAN_POINT('',(2.037141611349E-1,5.495987721258E-1,
-1.497370992637E1));
#5177=CARTESIAN_POINT('',(1.154571827905E0,6.525090125595E-1,
-1.622576756330E1));
#5178=CARTESIAN_POINT('',(1.166972821450E0,6.539181727286E-1,
-1.615966120112E1));
#5179=CARTESIAN_POINT('',(1.173245706017E0,6.547240044940E-1,
-1.562698315953E1));
#5180=CARTESIAN_POINT('',(2.479091096646E-1,5.477308034610E-1,
-1.564302677730E1));
#5181=CARTESIAN_POINT('',(2.434426059106E-1,5.473634871978E-1,
-1.508470406589E1));
#5182=CARTESIAN_POINT('',(2.731998143332E-1,5.507479218468E-1,
-1.497370992637E1));
#5183=CARTESIAN_POINT('',(1.191395657705E0,7.223794133694E-1,
-1.622576756330E1));
#5184=CARTESIAN_POINT('',(1.203724786162E0,7.247887973429E-1,
-1.615966120112E1));
#5185=CARTESIAN_POINT('',(1.210020633963E0,7.259995213468E-1,
-1.562698315953E1));
#5186=CARTESIAN_POINT('',(2.888703266103E-1,5.463755182149E-1,
-1.564302677730E1));
#5187=CARTESIAN_POINT('',(2.845191171619E-1,5.454956155091E-1,
-1.508470406589E1));
#5188=CARTESIAN_POINT('',(3.141058167251E-1,5.512768690392E-1,
-1.497370992637E1));
#5189=B_SPLINE_SURFACE_WITH_KNOTS('',3,3,((#5123,#5124,#5125,#5126,#5127,#5128),
(#5129,#5130,#5131,#5132,#5133,#5134),(#5135,#5136,#5137,#5138,#5139,#5140),(
#5141,#5142,#5143,#5144,#5145,#5146),(#5147,#5148,#5149,#5150,#5151,#5152),(
#5153,#5154,#5155,#5156,#5157,#5158),(#5159,#5160,#5161,#5162,#5163,#5164),(
#5165,#5166,#5167,#5168,#5169,#5170),(#5171,#5172,#5173,#5174,#5175,#5176),(
#5177,#5178,#5179,#5180,#5181,#5182),(#5183,#5184,#5185,#5186,#5187,#5188)),
.UNSPECIFIED.,.F.,.F.,.F.,(4,1,1,1,1,1,1,1,4),(4,1,1,4),(-8.703671475381E-3,
1.25E-1,2.5E-1,3.75E-1,5.E-1,6.25E-1,7.5E-1,8.75E-1,1.008279827638E0),(
-2.281683314446E-2,1.5E-1,1.562215341095E0,1.833999665761E0),.UNSPECIFIED.);
#5190=ORIENTED_EDGE('',*,*,#4831,.F.);
#5191=ORIENTED_EDGE('',*,*,#4984,.T.);
#5192=ORIENTED_EDGE('',*,*,#5114,.F.);
#5193=ORIENTED_EDGE('',*,*,#5112,.F.);
#5194=ORIENTED_EDGE('',*,*,#5110,.F.);
#5196=ORIENTED_EDGE('',*,*,#5195,.F.);
#5197=EDGE_LOOP('',(#5190,#5191,#5192,#5193,#5194,#5196));
#5198=FACE_OUTER_BOUND('',#5197,.F.);
#5199=ADVANCED_FACE('',(#5198),#5189,.T.);
#5200=CARTESIAN_POINT('',(1.175762958265E0,6.950950635691E-1,
-1.623074295453E1));
#5201=CARTESIAN_POINT('',(1.189011078961E0,6.972645704694E-1,
-1.616257053236E1));
#5202=CARTESIAN_POINT('',(1.197477326176E0,6.986728913656E-1,
-1.562694581192E1));
#5203=CARTESIAN_POINT('',(2.671683029906E-1,5.459022471263E-1,
-1.564314140336E1));
#5204=CARTESIAN_POINT('',(2.693485574534E-1,5.462940259205E-1,
-1.507587174035E1));
#5205=CARTESIAN_POINT('',(3.035332879561E-1,5.518926398669E-1,
-1.495730644616E1));
#5206=CARTESIAN_POINT('',(1.208368276935E0,7.538060798132E-1,
-1.623074295453E1));
#5207=CARTESIAN_POINT('',(1.221636514996E0,7.568888533359E-1,
-1.616257053236E1));
#5208=CARTESIAN_POINT('',(1.230169695534E0,7.587869409654E-1,
-1.562694581192E1));
#5209=CARTESIAN_POINT('',(2.974015712923E-1,5.437011335800E-1,
-1.564314140336E1));
#5210=CARTESIAN_POINT('',(2.996709549492E-1,5.440942593293E-1,
-1.507587174035E1));
#5211=CARTESIAN_POINT('',(3.339089199165E-1,5.520471176068E-1,
-1.495730644616E1));
#5212=CARTESIAN_POINT('',(1.249725835719E0,8.452763012817E-1,
-1.623074295453E1));
#5213=CARTESIAN_POINT('',(1.262406770933E0,8.496206285991E-1,
-1.616257053236E1));
#5214=CARTESIAN_POINT('',(1.270499124542E0,8.524332815022E-1,
-1.562694581192E1));
#5215=CARTESIAN_POINT('',(3.802401967895E-1,5.466617610737E-1,
-1.564314140336E1));
#5216=CARTESIAN_POINT('',(3.823089666167E-1,5.474344741946E-1,
-1.507587174035E1));
#5217=CARTESIAN_POINT('',(4.150298824841E-1,5.586452319026E-1,
-1.495730644616E1));
#5218=CARTESIAN_POINT('',(1.285426871334E0,9.457666751339E-1,
-1.623074295453E1));
#5219=CARTESIAN_POINT('',(1.296523612364E0,9.506386184908E-1,
-1.616257053236E1));
#5220=CARTESIAN_POINT('',(1.303642710002E0,9.537450774818E-1,
-1.562694581192E1));
#5221=CARTESIAN_POINT('',(5.238718684385E-1,6.117625217183E-1,
-1.564314140336E1));
#5222=CARTESIAN_POINT('',(5.257420200067E-1,6.125532411974E-1,
-1.507587174035E1));
#5223=CARTESIAN_POINT('',(5.543761258079E-1,6.251243682772E-1,
-1.495730644616E1));
#5224=CARTESIAN_POINT('',(1.311455766372E0,1.038830351250E0,-1.623074295453E1));
#5225=CARTESIAN_POINT('',(1.321339712234E0,1.043285486215E0,-1.616257053236E1));
#5226=CARTESIAN_POINT('',(1.327611203673E0,1.046150323247E0,-1.562694581192E1));
#5227=CARTESIAN_POINT('',(6.344094071474E-1,7.329581289338E-1,
-1.564314140336E1));
#5228=CARTESIAN_POINT('',(6.359648083555E-1,7.337195161933E-1,
-1.507587174035E1));
#5229=CARTESIAN_POINT('',(6.614677058057E-1,7.452157396154E-1,
-1.495730644616E1));
#5230=CARTESIAN_POINT('',(1.327217633224E0,1.116861591442E0,-1.623074295453E1));
#5231=CARTESIAN_POINT('',(1.336830127030E0,1.121148730544E0,-1.616257053236E1));
#5232=CARTESIAN_POINT('',(1.343103197958E0,1.123865425785E0,-1.562694581192E1));
#5233=CARTESIAN_POINT('',(6.655759665313E-1,8.232594117471E-1,
-1.564314140336E1));
#5234=CARTESIAN_POINT('',(6.673644946351E-1,8.239284298671E-1,
-1.507587174035E1));
#5235=CARTESIAN_POINT('',(6.921712401218E-1,8.349901668386E-1,
-1.495730644616E1));
#5236=CARTESIAN_POINT('',(1.334302730349E0,1.169392782519E0,-1.623074295453E1));
#5237=CARTESIAN_POINT('',(1.343943427380E0,1.173880499978E0,-1.616257053236E1));
#5238=CARTESIAN_POINT('',(1.350080384138E0,1.176759289511E0,-1.562694581192E1));
#5239=CARTESIAN_POINT('',(6.735552993224E-1,8.614120152261E-1,
-1.564314140336E1));
#5240=CARTESIAN_POINT('',(6.751038587674E-1,8.621678631056E-1,
-1.507587174035E1));
#5241=CARTESIAN_POINT('',(6.999796024843E-1,8.737479923449E-1,
-1.495730644616E1));
#5242=B_SPLINE_SURFACE_WITH_KNOTS('',3,3,((#5200,#5201,#5202,#5203,#5204,#5205),
(#5206,#5207,#5208,#5209,#5210,#5211),(#5212,#5213,#5214,#5215,#5216,#5217),(
#5218,#5219,#5220,#5221,#5222,#5223),(#5224,#5225,#5226,#5227,#5228,#5229),(
#5230,#5231,#5232,#5233,#5234,#5235),(#5236,#5237,#5238,#5239,#5240,#5241)),
.UNSPECIFIED.,.F.,.F.,.F.,(4,1,1,1,4),(4,1,1,4),(-2.188164161025E-2,2.5E-1,
5.E-1,7.5E-1,1.021580419892E0),(-2.713927831484E-2,1.5E-1,1.562215341095E0,
1.847265973879E0),.UNSPECIFIED.);
#5243=ORIENTED_EDGE('',*,*,#4833,.F.);
#5244=ORIENTED_EDGE('',*,*,#5195,.T.);
#5246=ORIENTED_EDGE('',*,*,#5245,.F.);
#5248=ORIENTED_EDGE('',*,*,#5247,.F.);
#5250=ORIENTED_EDGE('',*,*,#5249,.T.);
#5252=ORIENTED_EDGE('',*,*,#5251,.F.);
#5253=EDGE_LOOP('',(#5243,#5244,#5246,#5248,#5250,#5252));
#5254=FACE_OUTER_BOUND('',#5253,.F.);
#5255=ADVANCED_FACE('',(#5254),#5242,.T.);
#5256=CARTESIAN_POINT('',(3.E-1,9.5E-1,-1.5E1));
#5257=DIRECTION('',(0.E0,0.E0,1.E0));
#5258=DIRECTION('',(1.E0,0.E0,0.E0));
#5259=AXIS2_PLACEMENT_3D('',#5256,#5257,#5258);
#5260=CYLINDRICAL_SURFACE('',#5259,4.E-1);
#5261=ORIENTED_EDGE('',*,*,#5245,.T.);
#5262=ORIENTED_EDGE('',*,*,#5118,.T.);
#5264=ORIENTED_EDGE('',*,*,#5263,.T.);
#5266=ORIENTED_EDGE('',*,*,#5265,.F.);
#5267=ORIENTED_EDGE('',*,*,#5249,.F.);
#5268=ORIENTED_EDGE('',*,*,#5247,.T.);
#5269=EDGE_LOOP('',(#5261,#5262,#5264,#5266,#5267,#5268));
#5270=FACE_OUTER_BOUND('',#5269,.F.);
#5271=ADVANCED_FACE('',(#5270),#5260,.T.);
#5272=CARTESIAN_POINT('',(6.978782214536E-1,8.817583042250E-1,
-1.177191396983E1));
#5273=CARTESIAN_POINT('',(6.960333226325E-1,8.786519484984E-1,
-1.218940926861E1));
#5274=CARTESIAN_POINT('',(6.941884238115E-1,8.755455927718E-1,
-1.260690456740E1));
#5275=CARTESIAN_POINT('',(6.923435249904E-1,8.724392370451E-1,
-1.302439986618E1));
#5276=CARTESIAN_POINT('',(6.963373314355E-1,8.799369011361E-1,
-1.177191396983E1));
#5277=CARTESIAN_POINT('',(6.947421774113E-1,8.760687710792E-1,
-1.218940926861E1));
#5278=CARTESIAN_POINT('',(6.931470233871E-1,8.722006410223E-1,
-1.260690456740E1));
#5279=CARTESIAN_POINT('',(6.915518693629E-1,8.683325109654E-1,
-1.302439986618E1));
#5280=CARTESIAN_POINT('',(6.823233896703E-1,8.634790169058E-1,
-1.177191396983E1));
#5281=CARTESIAN_POINT('',(6.829148428162E-1,8.531633079984E-1,
-1.218940926861E1));
#5282=CARTESIAN_POINT('',(6.835062959620E-1,8.428475990910E-1,
-1.260690456740E1));
#5283=CARTESIAN_POINT('',(6.840977491078E-1,8.325318901836E-1,
-1.302439986618E1));
#5284=CARTESIAN_POINT('',(6.501479027323E-1,8.277047051965E-1,
-1.177191396983E1));
#5285=CARTESIAN_POINT('',(6.545355100451E-1,8.102209032899E-1,
-1.218940926861E1));
#5286=CARTESIAN_POINT('',(6.589231173579E-1,7.927371013833E-1,
-1.260690456740E1));
#5287=CARTESIAN_POINT('',(6.633107246706E-1,7.752532994768E-1,
-1.302439986618E1));
#5288=CARTESIAN_POINT('',(5.714999450039E-1,7.526965623299E-1,
-1.177191396983E1));
#5289=CARTESIAN_POINT('',(5.859698060709E-1,7.332872680748E-1,
-1.218940926861E1));
#5290=CARTESIAN_POINT('',(6.004396671380E-1,7.138779738197E-1,
-1.260690456740E1));
#5291=CARTESIAN_POINT('',(6.149095282050E-1,6.944686795646E-1,
-1.302439986618E1));
#5292=CARTESIAN_POINT('',(4.412876629980E-1,6.594567643329E-1,
-1.177191396983E1));
#5293=CARTESIAN_POINT('',(4.771803595874E-1,6.493148805040E-1,
-1.218940926861E1));
#5294=CARTESIAN_POINT('',(5.130730561768E-1,6.391729966751E-1,
-1.260690456740E1));
#5295=CARTESIAN_POINT('',(5.489657527662E-1,6.290311128462E-1,
-1.302439986618E1));
#5296=CARTESIAN_POINT('',(2.920024168329E-1,5.968289555119E-1,
-1.177191396983E1));
#5297=CARTESIAN_POINT('',(3.518925442403E-1,5.920982971829E-1,
-1.218940926861E1));
#5298=CARTESIAN_POINT('',(4.117826716478E-1,5.873676388540E-1,
-1.260690456740E1));
#5299=CARTESIAN_POINT('',(4.716727990552E-1,5.826369805251E-1,
-1.302439986618E1));
#5300=CARTESIAN_POINT('',(1.834624962956E-1,5.690592313354E-1,
-1.177191396983E1));
#5301=CARTESIAN_POINT('',(2.512500803582E-1,5.647659127855E-1,
-1.218940926861E1));
#5302=CARTESIAN_POINT('',(3.190376644209E-1,5.604725942356E-1,
-1.260690456740E1));
#5303=CARTESIAN_POINT('',(3.868252484836E-1,5.561792756857E-1,
-1.302439986618E1));
#5304=CARTESIAN_POINT('',(1.333169376563E-1,5.605655694190E-1,
-1.177191396983E1));
#5305=CARTESIAN_POINT('',(1.988419191117E-1,5.568214971538E-1,
-1.218940926861E1));
#5306=CARTESIAN_POINT('',(2.643669005671E-1,5.530774248886E-1,
-1.260690456740E1));
#5307=CARTESIAN_POINT('',(3.298918820226E-1,5.493333526235E-1,
-1.302439986618E1));
#5308=CARTESIAN_POINT('',(1.102249608730E-1,5.574626078091E-1,
-1.177191396983E1));
#5309=CARTESIAN_POINT('',(1.719004804E-1,5.549468549061E-1,-1.218940926861E1));
#5310=CARTESIAN_POINT('',(2.335759999271E-1,5.524311020031E-1,
-1.260690456740E1));
#5311=CARTESIAN_POINT('',(2.952515194542E-1,5.499153491001E-1,
-1.302439986618E1));
#5312=CARTESIAN_POINT('',(1.074582676563E-1,5.571034111145E-1,
-1.177191396983E1));
#5313=CARTESIAN_POINT('',(1.686222124693E-1,5.547535704480E-1,
-1.218940926861E1));
#5314=CARTESIAN_POINT('',(2.297861572823E-1,5.524037297816E-1,
-1.260690456740E1));
#5315=CARTESIAN_POINT('',(2.909501020953E-1,5.500538891152E-1,
-1.302439986618E1));
#5316=B_SPLINE_SURFACE_WITH_KNOTS('',3,3,((#5272,#5273,#5274,#5275),(#5276,
#5277,#5278,#5279),(#5280,#5281,#5282,#5283),(#5284,#5285,#5286,#5287),(#5288,
#5289,#5290,#5291),(#5292,#5293,#5294,#5295),(#5296,#5297,#5298,#5299),(#5300,
#5301,#5302,#5303),(#5304,#5305,#5306,#5307),(#5308,#5309,#5310,#5311),(#5312,
#5313,#5314,#5315)),.UNSPECIFIED.,.F.,.F.,.F.,(4,1,1,1,1,1,1,1,4),(4,4),(
-1.588053920418E-2,0.E0,1.25E-1,2.5E-1,5.E-1,7.5E-1,8.75E-1,1.E0,
1.017411255704E0),(-2.340502514376E-2,1.020333221816E0),.UNSPECIFIED.);
#5317=ORIENTED_EDGE('',*,*,#5263,.F.);
#5318=ORIENTED_EDGE('',*,*,#5100,.F.);
#5319=ORIENTED_EDGE('',*,*,#4532,.F.);
#5321=ORIENTED_EDGE('',*,*,#5320,.F.);
#5323=ORIENTED_EDGE('',*,*,#5322,.F.);
#5325=ORIENTED_EDGE('',*,*,#5324,.T.);
#5326=EDGE_LOOP('',(#5317,#5318,#5319,#5321,#5323,#5325));
#5327=FACE_OUTER_BOUND('',#5326,.F.);
#5328=ADVANCED_FACE('',(#5327),#5316,.T.);
#5329=CARTESIAN_POINT('',(8.074830529172E-1,1.851050323601E0,
-1.128084755538E1));
#5330=CARTESIAN_POINT('',(8.360016098018E-1,1.758821068674E0,
-1.146052665456E1));
#5331=CARTESIAN_POINT('',(8.645201666865E-1,1.666591813747E0,
-1.164020575374E1));
#5332=CARTESIAN_POINT('',(8.930387235711E-1,1.574362558820E0,
-1.181988485291E1));
#5333=CARTESIAN_POINT('',(8.125071935233E-1,1.840843547886E0,
-1.128084755538E1));
#5334=CARTESIAN_POINT('',(8.396891542594E-1,1.749486775633E0,
-1.146052665456E1));
#5335=CARTESIAN_POINT('',(8.668711149954E-1,1.658130003381E0,
-1.164020575374E1));
#5336=CARTESIAN_POINT('',(8.940530757315E-1,1.566773231129E0,
-1.181988485291E1));
#5337=CARTESIAN_POINT('',(8.777548014687E-1,1.701786494200E0,
-1.128084755538E1));
#5338=CARTESIAN_POINT('',(8.873217124101E-1,1.622575992557E0,
-1.146052665456E1));
#5339=CARTESIAN_POINT('',(8.968886233516E-1,1.543365490914E0,
-1.164020575374E1));
#5340=CARTESIAN_POINT('',(9.064555342930E-1,1.464154989270E0,
-1.181988485291E1));
#5341=CARTESIAN_POINT('',(9.333177414182E-1,1.403050898715E0,
-1.128084755538E1));
#5342=CARTESIAN_POINT('',(9.209803943275E-1,1.356415110788E0,
-1.146052665456E1));
#5343=CARTESIAN_POINT('',(9.086430472367E-1,1.309779322861E0,
-1.164020575374E1));
#5344=CARTESIAN_POINT('',(8.963057001460E-1,1.263143534935E0,
-1.181988485291E1));
#5345=CARTESIAN_POINT('',(8.089753634777E-1,9.829378561283E-1,
-1.128084755538E1));
#5346=CARTESIAN_POINT('',(8.035049243692E-1,9.860962156202E-1,
-1.146052665456E1));
#5347=CARTESIAN_POINT('',(7.980344852607E-1,9.892545751121E-1,
-1.164020575374E1));
#5348=CARTESIAN_POINT('',(7.925640461522E-1,9.924129346040E-1,
-1.181988485291E1));
#5349=CARTESIAN_POINT('',(5.073179851068E-1,6.651976767717E-1,
-1.128084755538E1));
#5350=CARTESIAN_POINT('',(5.415370886316E-1,6.992000267310E-1,
-1.146052665456E1));
#5351=CARTESIAN_POINT('',(5.757561921563E-1,7.332023766902E-1,
-1.164020575374E1));
#5352=CARTESIAN_POINT('',(6.099752956811E-1,7.672047266495E-1,
-1.181988485291E1));
#5353=CARTESIAN_POINT('',(2.208239004272E-1,5.639487965343E-1,
-1.128084755538E1));
#5354=CARTESIAN_POINT('',(2.942056625674E-1,5.952688594449E-1,
-1.146052665456E1));
#5355=CARTESIAN_POINT('',(3.675874247077E-1,6.265889223554E-1,
-1.164020575374E1));
#5356=CARTESIAN_POINT('',(4.409691868480E-1,6.579089852660E-1,
-1.181988485291E1));
#5357=CARTESIAN_POINT('',(6.777315538753E-2,5.509263557084E-1,
-1.128084755538E1));
#5358=CARTESIAN_POINT('',(1.604814213336E-1,5.730644733124E-1,
-1.146052665456E1));
#5359=CARTESIAN_POINT('',(2.531896872797E-1,5.952025909163E-1,
-1.164020575374E1));
#5360=CARTESIAN_POINT('',(3.458979532258E-1,6.173407085203E-1,
-1.181988485291E1));
#5361=CARTESIAN_POINT('',(5.642175802411E-2,5.501740012478E-1,
-1.128084755538E1));
#5362=CARTESIAN_POINT('',(1.505539142053E-1,5.715908339699E-1,
-1.146052665456E1));
#5363=CARTESIAN_POINT('',(2.446860703865E-1,5.930076666920E-1,
-1.164020575374E1));
#5364=CARTESIAN_POINT('',(3.388182265677E-1,6.144244994141E-1,
-1.181988485291E1));
#5365=B_SPLINE_SURFACE_WITH_KNOTS('',3,3,((#5329,#5330,#5331,#5332),(#5333,
#5334,#5335,#5336),(#5337,#5338,#5339,#5340),(#5341,#5342,#5343,#5344),(#5345,
#5346,#5347,#5348),(#5349,#5350,#5351,#5352),(#5353,#5354,#5355,#5356),(#5357,
#5358,#5359,#5360),(#5361,#5362,#5363,#5364)),.UNSPECIFIED.,.F.,.F.,.F.,(4,1,1,
1,1,1,4),(4,4),(-2.E-2,0.E0,2.5E-1,5.E-1,7.5E-1,1.E0,1.02E0),
(-3.830488923180E-2,1.039769705821E0),.UNSPECIFIED.);
#5367=ORIENTED_EDGE('',*,*,#5366,.F.);
#5369=ORIENTED_EDGE('',*,*,#5368,.T.);
#5370=ORIENTED_EDGE('',*,*,#5322,.T.);
#5371=ORIENTED_EDGE('',*,*,#5320,.T.);
#5373=ORIENTED_EDGE('',*,*,#5372,.F.);
#5374=ORIENTED_EDGE('',*,*,#3538,.F.);
#5375=ORIENTED_EDGE('',*,*,#3536,.F.);
#5377=ORIENTED_EDGE('',*,*,#5376,.T.);
#5378=ORIENTED_EDGE('',*,*,#4554,.T.);
#5379=EDGE_LOOP('',(#5367,#5369,#5370,#5371,#5373,#5374,#5375,#5377,#5378));
#5380=FACE_OUTER_BOUND('',#5379,.F.);
#5381=ADVANCED_FACE('',(#5380),#5365,.T.);
#5382=CARTESIAN_POINT('',(2.200223796086E0,1.401302983368E0,-1.179999348047E1));
#5383=CARTESIAN_POINT('',(2.200223796086E0,1.400868664117E0,-1.179999790532E1));
#5384=CARTESIAN_POINT('',(2.200223796086E0,1.391713083352E0,-1.180004206095E1));
#5385=CARTESIAN_POINT('',(2.200223796086E0,1.373822756766E0,-1.179831014319E1));
#5386=CARTESIAN_POINT('',(2.200223796086E0,1.351731991904E0,-1.180156138548E1));
#5387=CARTESIAN_POINT('',(2.200223796086E0,1.338285183195E0,-1.180017070175E1));
#5388=CARTESIAN_POINT('',(2.200223796086E0,1.333565914040E0,-1.179888391128E1));
#5390=DIRECTION('',(1.E0,0.E0,0.E0));
#5391=VECTOR('',#5390,1.E0);
#5392=SURFACE_OF_LINEAR_EXTRUSION('',#5389,#5391);
#5393=ORIENTED_EDGE('',*,*,#4552,.T.);
#5394=ORIENTED_EDGE('',*,*,#4516,.F.);
#5396=ORIENTED_EDGE('',*,*,#5395,.F.);
#5397=ORIENTED_EDGE('',*,*,#5366,.T.);
#5398=EDGE_LOOP('',(#5393,#5394,#5396,#5397));
#5399=FACE_OUTER_BOUND('',#5398,.F.);
#5400=ADVANCED_FACE('',(#5399),#5392,.F.);
#5401=CARTESIAN_POINT('',(2.200223796086E0,1.401302983368E0,-1.179999348047E1));
#5402=CARTESIAN_POINT('',(2.200223796086E0,1.400868664117E0,-1.179999790532E1));
#5403=CARTESIAN_POINT('',(2.200223796086E0,1.391713083352E0,-1.180004206095E1));
#5404=CARTESIAN_POINT('',(2.200223796086E0,1.373822756766E0,-1.179831014319E1));
#5405=CARTESIAN_POINT('',(2.200223796086E0,1.351731991904E0,-1.180156138548E1));
#5406=CARTESIAN_POINT('',(2.200223796086E0,1.338285183195E0,-1.180017070175E1));
#5407=CARTESIAN_POINT('',(2.200223796086E0,1.333565914040E0,-1.179888391128E1));
#5409=DIRECTION('',(1.E0,0.E0,0.E0));
#5410=VECTOR('',#5409,1.E0);
#5411=SURFACE_OF_LINEAR_EXTRUSION('',#5408,#5410);
#5412=ORIENTED_EDGE('',*,*,#4583,.T.);
#5413=ORIENTED_EDGE('',*,*,#4675,.T.);
#5415=ORIENTED_EDGE('',*,*,#5414,.F.);
#5417=ORIENTED_EDGE('',*,*,#5416,.F.);
#5418=EDGE_LOOP('',(#5412,#5413,#5415,#5417));
#5419=FACE_OUTER_BOUND('',#5418,.F.);
#5420=ADVANCED_FACE('',(#5419),#5411,.F.);
#5421=CARTESIAN_POINT('',(2.200223796086E0,1.346577973224E0,-1.187072349991E1));
#5422=DIRECTION('',(1.E0,0.E0,0.E0));
#5423=DIRECTION('',(0.E0,0.E0,-1.E0));
#5424=AXIS2_PLACEMENT_3D('',#5421,#5422,#5423);
#5425=CYLINDRICAL_SURFACE('',#5424,7.E-2);
#5427=ORIENTED_EDGE('',*,*,#5426,.T.);
#5428=ORIENTED_EDGE('',*,*,#5395,.T.);
#5429=ORIENTED_EDGE('',*,*,#4514,.T.);
#5431=ORIENTED_EDGE('',*,*,#5430,.T.);
#5433=ORIENTED_EDGE('',*,*,#5432,.F.);
#5434=EDGE_LOOP('',(#5427,#5428,#5429,#5431,#5433));
#5435=FACE_OUTER_BOUND('',#5434,.F.);
#5436=ADVANCED_FACE('',(#5435),#5425,.F.);
#5437=CARTESIAN_POINT('',(2.200223796086E0,1.346577973224E0,-1.187072349991E1));
#5438=DIRECTION('',(1.E0,0.E0,0.E0));
#5439=DIRECTION('',(0.E0,0.E0,-1.E0));
#5440=AXIS2_PLACEMENT_3D('',#5437,#5438,#5439);
#5441=CYLINDRICAL_SURFACE('',#5440,7.E-2);
#5442=ORIENTED_EDGE('',*,*,#4729,.T.);
#5444=ORIENTED_EDGE('',*,*,#5443,.F.);
#5446=ORIENTED_EDGE('',*,*,#5445,.T.);
#5447=ORIENTED_EDGE('',*,*,#5414,.T.);
#5448=EDGE_LOOP('',(#5442,#5444,#5446,#5447));
#5449=FACE_OUTER_BOUND('',#5448,.F.);
#5450=ADVANCED_FACE('',(#5449),#5441,.F.);
#5451=CARTESIAN_POINT('',(8.918438190963E-1,1.334617466964E0,
-1.177597490220E1));
#5452=CARTESIAN_POINT('',(9.516556129893E-1,1.733968693489E0,
-1.219198343217E1));
#5453=CARTESIAN_POINT('',(1.011467406882E0,2.133319920014E0,-1.260799196214E1));
#5454=CARTESIAN_POINT('',(1.071279200775E0,2.532671146538E0,-1.302400049211E1));
#5455=CARTESIAN_POINT('',(8.891498494716E-1,1.305473439637E0,
-1.177597490220E1));
#5456=CARTESIAN_POINT('',(9.415123810741E-1,1.678232855167E0,
-1.219198343217E1));
#5457=CARTESIAN_POINT('',(9.938749126767E-1,2.050992270697E0,
-1.260799196214E1));
#5458=CARTESIAN_POINT('',(1.046237444279E0,2.423751686227E0,-1.302400049211E1));
#5459=CARTESIAN_POINT('',(8.791161698740E-1,1.240005526553E0,
-1.177597490220E1));
#5460=CARTESIAN_POINT('',(9.136799533963E-1,1.542478341533E0,
-1.219198343217E1));
#5461=CARTESIAN_POINT('',(9.482437369186E-1,1.844951156514E0,
-1.260799196214E1));
#5462=CARTESIAN_POINT('',(9.828075204409E-1,2.147423971494E0,
-1.302400049211E1));
#5463=CARTESIAN_POINT('',(8.517583450333E-1,1.140983452399E0,
-1.177597490220E1));
#5464=CARTESIAN_POINT('',(8.609127384740E-1,1.325677606729E0,
-1.219198343217E1));
#5465=CARTESIAN_POINT('',(8.700671319148E-1,1.510371761058E0,
-1.260799196214E1));
#5466=CARTESIAN_POINT('',(8.792215253555E-1,1.695065915388E0,
-1.302400049211E1));
#5467=CARTESIAN_POINT('',(7.984606530358E-1,1.020861872226E0,
-1.177597490220E1));
#5468=CARTESIAN_POINT('',(7.896087413593E-1,1.088782992339E0,
-1.219198343217E1));
#5469=CARTESIAN_POINT('',(7.807568296829E-1,1.156704112451E0,
-1.260799196214E1));
#5470=CARTESIAN_POINT('',(7.719049180064E-1,1.224625232563E0,
-1.302400049211E1));
#5471=CARTESIAN_POINT('',(7.347313882959E-1,9.242751592834E-1,
-1.177597490220E1));
#5472=CARTESIAN_POINT('',(7.271271770228E-1,9.359632804235E-1,
-1.219198343217E1));
#5473=CARTESIAN_POINT('',(7.195229657496E-1,9.476514015637E-1,
-1.260799196214E1));
#5474=CARTESIAN_POINT('',(7.119187544765E-1,9.593395227039E-1,
-1.302400049211E1));
#5475=CARTESIAN_POINT('',(6.880032999234E-1,8.701733918205E-1,
-1.177597490220E1));
#5476=CARTESIAN_POINT('',(6.876887005107E-1,8.627617709865E-1,
-1.219198343217E1));
#5477=CARTESIAN_POINT('',(6.873741010979E-1,8.553501501525E-1,
-1.260799196214E1));
#5478=CARTESIAN_POINT('',(6.870595016851E-1,8.479385293185E-1,
-1.302400049211E1));
#5479=CARTESIAN_POINT('',(6.853754386716E-1,8.671679651355E-1,
-1.177597490220E1));
#5480=CARTESIAN_POINT('',(6.854848023189E-1,8.587307631586E-1,
-1.219198343217E1));
#5481=CARTESIAN_POINT('',(6.855941659661E-1,8.502935611817E-1,
-1.260799196214E1));
#5482=CARTESIAN_POINT('',(6.857035296133E-1,8.418563592048E-1,
-1.302400049211E1));
#5483=B_SPLINE_SURFACE_WITH_KNOTS('',3,3,((#5451,#5452,#5453,#5454),(#5455,
#5456,#5457,#5458),(#5459,#5460,#5461,#5462),(#5463,#5464,#5465,#5466),(#5467,
#5468,#5469,#5470),(#5471,#5472,#5473,#5474),(#5475,#5476,#5477,#5478),(#5479,
#5480,#5481,#5482)),.UNSPECIFIED.,.F.,.F.,.F.,(4,1,1,1,1,4),(4,4),(
7.685059305789E-2,2.5E-1,5.E-1,7.5E-1,1.E0,1.014633925724E0),
(-2.002091483595E-2,1.020000410095E0),.UNSPECIFIED.);
#5485=ORIENTED_EDGE('',*,*,#5484,.F.);
#5486=ORIENTED_EDGE('',*,*,#5324,.F.);
#5487=ORIENTED_EDGE('',*,*,#5368,.F.);
#5488=ORIENTED_EDGE('',*,*,#5426,.F.);
#5490=ORIENTED_EDGE('',*,*,#5489,.F.);
#5492=ORIENTED_EDGE('',*,*,#5491,.F.);
#5493=EDGE_LOOP('',(#5485,#5486,#5487,#5488,#5490,#5492));
#5494=FACE_OUTER_BOUND('',#5493,.F.);
#5495=ADVANCED_FACE('',(#5494),#5483,.T.);
#5496=CARTESIAN_POINT('',(6.898906694183E-1,8.606396849796E-1,-1.5E1));
#5497=DIRECTION('',(9.747266735458E-1,-2.234007875510E-1,0.E0));
#5498=DIRECTION('',(2.234007875510E-1,9.747266735458E-1,0.E0));
#5499=AXIS2_PLACEMENT_3D('',#5496,#5497,#5498);
#5500=PLANE('',#5499);
#5501=ORIENTED_EDGE('',*,*,#5484,.T.);
#5503=ORIENTED_EDGE('',*,*,#5502,.F.);
#5505=ORIENTED_EDGE('',*,*,#5504,.F.);
#5507=ORIENTED_EDGE('',*,*,#5506,.T.);
#5509=ORIENTED_EDGE('',*,*,#5508,.T.);
#5510=ORIENTED_EDGE('',*,*,#5265,.T.);
#5511=EDGE_LOOP('',(#5501,#5503,#5505,#5507,#5509,#5510));
#5512=FACE_OUTER_BOUND('',#5511,.F.);
#5513=ADVANCED_FACE('',(#5512),#5500,.T.);
#5514=CARTESIAN_POINT('',(2.200223796086E0,1.45E0,-1.3E1));
#5515=DIRECTION('',(0.E0,-3.582319626124E-13,-1.E0));
#5516=DIRECTION('',(0.E0,1.E0,-3.582319626124E-13));
#5517=AXIS2_PLACEMENT_3D('',#5514,#5515,#5516);
#5518=PLANE('',#5517);
#5520=ORIENTED_EDGE('',*,*,#5519,.F.);
#5521=ORIENTED_EDGE('',*,*,#5502,.T.);
#5523=ORIENTED_EDGE('',*,*,#5522,.T.);
#5525=ORIENTED_EDGE('',*,*,#5524,.F.);
#5526=EDGE_LOOP('',(#5520,#5521,#5523,#5525));
#5527=FACE_OUTER_BOUND('',#5526,.F.);
#5528=ADVANCED_FACE('',(#5527),#5518,.F.);
#5529=CARTESIAN_POINT('',(2.200223796086E0,1.45E0,-1.3E1));
#5530=DIRECTION('',(0.E0,-3.582319626124E-13,-1.E0));
#5531=DIRECTION('',(0.E0,1.E0,-3.582319626124E-13));
#5532=AXIS2_PLACEMENT_3D('',#5529,#5530,#5531);
#5533=PLANE('',#5532);
#5535=ORIENTED_EDGE('',*,*,#5534,.T.);
#5537=ORIENTED_EDGE('',*,*,#5536,.T.);
#5538=ORIENTED_EDGE('',*,*,#4748,.F.);
#5540=ORIENTED_EDGE('',*,*,#5539,.F.);
#5541=EDGE_LOOP('',(#5535,#5537,#5538,#5540));
#5542=FACE_OUTER_BOUND('',#5541,.F.);
#5543=ADVANCED_FACE('',(#5542),#5533,.F.);
#5544=CARTESIAN_POINT('',(1.1E0,2.65E0,-1.5E1));
#5545=DIRECTION('',(0.E0,1.E0,0.E0));
#5546=DIRECTION('',(-1.E0,0.E0,0.E0));
#5547=AXIS2_PLACEMENT_3D('',#5544,#5545,#5546);
#5548=PLANE('',#5547);
#5549=ORIENTED_EDGE('',*,*,#5504,.T.);
#5550=ORIENTED_EDGE('',*,*,#5519,.T.);
#5552=ORIENTED_EDGE('',*,*,#5551,.F.);
#5554=ORIENTED_EDGE('',*,*,#5553,.T.);
#5555=EDGE_LOOP('',(#5549,#5550,#5552,#5554));
#5556=FACE_OUTER_BOUND('',#5555,.F.);
#5557=ADVANCED_FACE('',(#5556),#5548,.T.);
#5558=CARTESIAN_POINT('',(8.948142741673E-1,2.65E0,-1.5E1));
#5559=DIRECTION('',(-9.747266735458E-1,2.234007875510E-1,0.E0));
#5560=DIRECTION('',(-2.234007875510E-1,-9.747266735458E-1,0.E0));
#5561=AXIS2_PLACEMENT_3D('',#5558,#5559,#5560);
#5562=PLANE('',#5561);
#5564=ORIENTED_EDGE('',*,*,#5563,.T.);
#5566=ORIENTED_EDGE('',*,*,#5565,.F.);
#5567=ORIENTED_EDGE('',*,*,#5551,.T.);
#5568=ORIENTED_EDGE('',*,*,#5524,.T.);
#5570=ORIENTED_EDGE('',*,*,#5569,.T.);
#5572=ORIENTED_EDGE('',*,*,#5571,.T.);
#5574=ORIENTED_EDGE('',*,*,#5573,.F.);
#5575=EDGE_LOOP('',(#5564,#5566,#5567,#5568,#5570,#5572,#5574));
#5576=FACE_OUTER_BOUND('',#5575,.F.);
#5577=ADVANCED_FACE('',(#5576),#5562,.T.);
#5578=CARTESIAN_POINT('',(1.282848902854E0,2.211320629456E0,-1.622038738616E1));
#5579=CARTESIAN_POINT('',(1.291282311967E0,2.220711624629E0,-1.615650438867E1));
#5580=CARTESIAN_POINT('',(1.294201282940E0,2.223938860167E0,-1.562702380264E1));
#5581=CARTESIAN_POINT('',(6.146899822820E-1,1.467745705269E0,
-1.564298963876E1));
#5582=CARTESIAN_POINT('',(6.099124768730E-1,1.462389886264E0,
-1.508755046447E1));
#5583=CARTESIAN_POINT('',(6.307971483268E-1,1.485645333825E0,
-1.497896037038E1));
#5584=CARTESIAN_POINT('',(1.261819295709E0,2.064471478263E0,-1.622038738616E1));
#5585=CARTESIAN_POINT('',(1.270215866197E0,2.073005681814E0,-1.615650438867E1));
#5586=CARTESIAN_POINT('',(1.273132526813E0,2.075928237886E0,-1.562702380264E1));
#5587=CARTESIAN_POINT('',(5.963757220075E-1,1.388936357294E0,
-1.564298963876E1));
#5588=CARTESIAN_POINT('',(5.916352328593E-1,1.384053339377E0,
-1.508755046447E1));
#5589=CARTESIAN_POINT('',(6.124289512220E-1,1.405186796220E0,
-1.497896037038E1));
#5590=CARTESIAN_POINT('',(1.211708378702E0,1.714557681192E0,-1.622038738616E1));
#5591=CARTESIAN_POINT('',(1.220024994685E0,1.721071888404E0,-1.615650438867E1));
#5592=CARTESIAN_POINT('',(1.222927981904E0,1.723283359754E0,-1.562702380264E1));
#5593=CARTESIAN_POINT('',(5.523267962981E-1,1.199294235876E0,
-1.564298963876E1));
#5594=CARTESIAN_POINT('',(5.476532548310E-1,1.195537099171E0,
-1.508755046447E1));
#5595=CARTESIAN_POINT('',(5.682493407669E-1,1.211667880744E0,
-1.497896037038E1));
#5596=CARTESIAN_POINT('',(1.162436807573E0,1.370615044731E0,-1.622038738616E1));
#5597=CARTESIAN_POINT('',(1.170736772014E0,1.375178702342E0,-1.615650438867E1));
#5598=CARTESIAN_POINT('',(1.173454291247E0,1.376884864248E0,-1.562702380264E1));
#5599=CARTESIAN_POINT('',(5.078736540249E-1,1.006582406531E0,
-1.564298963876E1));
#5600=CARTESIAN_POINT('',(5.029316074012E-1,1.004192893445E0,
-1.508755046447E1));
#5601=CARTESIAN_POINT('',(5.234817260849E-1,1.015497763671E0,
-1.497896037038E1));
#5602=CARTESIAN_POINT('',(1.134158979263E0,1.173099992566E0,-1.622038738616E1));
#5603=CARTESIAN_POINT('',(1.142401064441E0,1.176644428932E0,-1.615650438867E1));
#5604=CARTESIAN_POINT('',(1.145252050626E0,1.177857270711E0,-1.562702380264E1));
#5605=CARTESIAN_POINT('',(4.811925420046E-1,8.925545327383E-1,
-1.564298963876E1));
#5606=CARTESIAN_POINT('',(4.765206932294E-1,8.905250298576E-1,
-1.508755046447E1));
#5607=CARTESIAN_POINT('',(4.969315196379E-1,8.993021790422E-1,
-1.497896037038E1));
#5608=B_SPLINE_SURFACE_WITH_KNOTS('',3,3,((#5578,#5579,#5580,#5581,#5582,#5583),
(#5584,#5585,#5586,#5587,#5588,#5589),(#5590,#5591,#5592,#5593,#5594,#5595),(
#5596,#5597,#5598,#5599,#5600,#5601),(#5602,#5603,#5604,#5605,#5606,#5607)),
.UNSPECIFIED.,.F.,.F.,.F.,(4,1,4),(4,1,1,4),(6.750629468367E-1,8.125E-1,
1.004210761795E0),(-1.811298203318E-2,1.5E-1,1.562215341095E0,1.829701417558E0),
.UNSPECIFIED.);
#5610=ORIENTED_EDGE('',*,*,#5609,.F.);
#5612=ORIENTED_EDGE('',*,*,#5611,.F.);
#5614=ORIENTED_EDGE('',*,*,#5613,.F.);
#5616=ORIENTED_EDGE('',*,*,#5615,.F.);
#5617=ORIENTED_EDGE('',*,*,#5563,.F.);
#5619=ORIENTED_EDGE('',*,*,#5618,.F.);
#5620=EDGE_LOOP('',(#5610,#5612,#5614,#5616,#5617,#5619));
#5621=FACE_OUTER_BOUND('',#5620,.F.);
#5622=ADVANCED_FACE('',(#5621),#5608,.T.);
#5623=CARTESIAN_POINT('',(1.597964428297E0,4.4E0,-1.7E1));
#5624=DIRECTION('',(-9.899246866003E-1,1.415948970100E-1,0.E0));
#5625=DIRECTION('',(-1.415948970100E-1,-9.899246866003E-1,0.E0));
#5626=AXIS2_PLACEMENT_3D('',#5623,#5624,#5625);
#5627=PLANE('',#5626);
#5628=ORIENTED_EDGE('',*,*,#5609,.T.);
#5630=ORIENTED_EDGE('',*,*,#5629,.F.);
#5632=ORIENTED_EDGE('',*,*,#5631,.F.);
#5634=ORIENTED_EDGE('',*,*,#5633,.T.);
#5636=ORIENTED_EDGE('',*,*,#5635,.T.);
#5637=EDGE_LOOP('',(#5628,#5630,#5632,#5634,#5636));
#5638=FACE_OUTER_BOUND('',#5637,.F.);
#5639=ADVANCED_FACE('',(#5638),#5627,.T.);
#5640=CARTESIAN_POINT('',(0.E0,1.35E0,-1.7E1));
#5641=DIRECTION('',(0.E0,0.E0,1.E0));
#5642=DIRECTION('',(1.E0,0.E0,0.E0));
#5643=AXIS2_PLACEMENT_3D('',#5640,#5641,#5642);
#5644=CYLINDRICAL_SURFACE('',#5643,1.15E0);
#5646=ORIENTED_EDGE('',*,*,#5645,.T.);
#5648=ORIENTED_EDGE('',*,*,#5647,.T.);
#5650=ORIENTED_EDGE('',*,*,#5649,.T.);
#5652=ORIENTED_EDGE('',*,*,#5651,.F.);
#5654=ORIENTED_EDGE('',*,*,#5653,.F.);
#5655=ORIENTED_EDGE('',*,*,#5629,.T.);
#5656=EDGE_LOOP('',(#5646,#5648,#5650,#5652,#5654,#5655));
#5657=FACE_OUTER_BOUND('',#5656,.F.);
#5658=ADVANCED_FACE('',(#5657),#5644,.F.);
#5659=CARTESIAN_POINT('',(1.135216941495E0,1.200513946549E0,-1.624135034787E1));
#5660=CARTESIAN_POINT('',(1.146283588330E0,1.205468328870E0,-1.616874156610E1));
#5661=CARTESIAN_POINT('',(1.155783388247E0,1.209745459215E0,-1.562686693606E1));
#5662=CARTESIAN_POINT('',(4.778726312233E-1,9.058155601179E-1,
-1.564315594558E1));
#5663=CARTESIAN_POINT('',(4.800495784587E-1,9.068250215876E-1,
-1.507474613126E1));
#5664=CARTESIAN_POINT('',(5.052597523682E-1,9.181123742935E-1,
-1.495520384103E1));
#5665=CARTESIAN_POINT('',(1.129688126309E0,1.158085045109E0,-1.624135034787E1));
#5666=CARTESIAN_POINT('',(1.140716784520E0,1.162730419447E0,-1.616874156610E1));
#5667=CARTESIAN_POINT('',(1.150241310307E0,1.166688824994E0,-1.562686693606E1));
#5668=CARTESIAN_POINT('',(4.736181980458E-1,8.826571503296E-1,
-1.564315594558E1));
#5669=CARTESIAN_POINT('',(4.758702833916E-1,8.835287895715E-1,
-1.507474613126E1));
#5670=CARTESIAN_POINT('',(5.009965522613E-1,8.941097557498E-1,
-1.495520384103E1));
#5671=CARTESIAN_POINT('',(1.116627255674E0,1.089067516397E0,-1.624135034787E1));
#5672=CARTESIAN_POINT('',(1.127749159024E0,1.093325272789E0,-1.616874156610E1));
#5673=CARTESIAN_POINT('',(1.137296742554E0,1.097002276798E0,-1.562686693606E1));
#5674=CARTESIAN_POINT('',(4.559947777706E-1,8.357842921895E-1,
-1.564315594558E1));
#5675=CARTESIAN_POINT('',(4.581830996162E-1,8.366536487602E-1,
-1.507474613126E1));
#5676=CARTESIAN_POINT('',(4.835191657280E-1,8.463539675240E-1,
-1.495520384103E1));
#5677=CARTESIAN_POINT('',(1.089701651298E0,9.933106356990E-1,
-1.624135034787E1));
#5678=CARTESIAN_POINT('',(1.101265525327E0,9.969025146198E-1,
-1.616874156610E1));
#5679=CARTESIAN_POINT('',(1.111218697851E0,9.999863789164E-1,
-1.562686693606E1));
#5680=CARTESIAN_POINT('',(4.023680285312E-1,7.799485966791E-1,
-1.564315594558E1));
#5681=CARTESIAN_POINT('',(4.046810320816E-1,7.806559329195E-1,
-1.507474613126E1));
#5682=CARTESIAN_POINT('',(4.310251249279E-1,7.888383720042E-1,
-1.495520384103E1));
#5683=CARTESIAN_POINT('',(1.052409295963E0,8.938553706519E-1,
-1.624135034787E1));
#5684=CARTESIAN_POINT('',(1.064494107818E0,8.962886053040E-1,
-1.616874156610E1));
#5685=CARTESIAN_POINT('',(1.074869794322E0,8.983882101023E-1,
-1.562686693606E1));
#5686=CARTESIAN_POINT('',(3.345551811805E-1,7.491381593800E-1,
-1.564315594558E1));
#5687=CARTESIAN_POINT('',(3.369351174653E-1,7.496324749261E-1,
-1.507474613126E1));
#5688=CARTESIAN_POINT('',(3.644647899172E-1,7.551759605633E-1,
-1.495520384103E1));
#5689=CARTESIAN_POINT('',(1.015233622432E0,8.179129813950E-1,
-1.624135034787E1));
#5690=CARTESIAN_POINT('',(1.027412926919E0,8.191044252678E-1,
-1.616874156610E1));
#5691=CARTESIAN_POINT('',(1.037927179588E0,8.201147695609E-1,
-1.562686693606E1));
#5692=CARTESIAN_POINT('',(2.907826880258E-1,7.473553729169E-1,
-1.564315594558E1));
#5693=CARTESIAN_POINT('',(2.932639904228E-1,7.475718618309E-1,
-1.507474613126E1));
#5694=CARTESIAN_POINT('',(3.210115596890E-1,7.502854386730E-1,
-1.495520384103E1));
#5695=CARTESIAN_POINT('',(9.886859599143E-1,7.723523525745E-1,
-1.624135034787E1));
#5696=CARTESIAN_POINT('',(1.000755524425E0,7.727352211828E-1,
-1.616874156610E1));
#5697=CARTESIAN_POINT('',(1.011117240951E0,7.730710110192E-1,
-1.562686693606E1));
#5698=CARTESIAN_POINT('',(2.717526146157E-1,7.494883512822E-1,
-1.564315594558E1));
#5699=CARTESIAN_POINT('',(2.741282816247E-1,7.495739376993E-1,
-1.507474613126E1));
#5700=CARTESIAN_POINT('',(3.016231796437E-1,7.504464521104E-1,
-1.495520384103E1));
#5701=B_SPLINE_SURFACE_WITH_KNOTS('',3,3,((#5659,#5660,#5661,#5662,#5663,#5664),
(#5665,#5666,#5667,#5668,#5669,#5670),(#5671,#5672,#5673,#5674,#5675,#5676),(
#5677,#5678,#5679,#5680,#5681,#5682),(#5683,#5684,#5685,#5686,#5687,#5688),(
#5689,#5690,#5691,#5692,#5693,#5694),(#5695,#5696,#5697,#5698,#5699,#5700)),
.UNSPECIFIED.,.F.,.F.,.F.,(4,1,1,1,4),(4,1,1,4),(-3.579716657160E-2,2.5E-1,
5.E-1,7.5E-1,1.036844775090E0),(-3.626801753774E-2,1.5E-1,1.562215341095E0,
1.848949024208E0),.UNSPECIFIED.);
#5702=ORIENTED_EDGE('',*,*,#5645,.F.);
#5703=ORIENTED_EDGE('',*,*,#5618,.T.);
#5705=ORIENTED_EDGE('',*,*,#5704,.F.);
#5707=ORIENTED_EDGE('',*,*,#5706,.F.);
#5709=ORIENTED_EDGE('',*,*,#5708,.F.);
#5710=EDGE_LOOP('',(#5702,#5703,#5705,#5707,#5709));
#5711=FACE_OUTER_BOUND('',#5710,.F.);
#5712=ADVANCED_FACE('',(#5711),#5701,.T.);
#5713=CARTESIAN_POINT('',(3.E-1,9.5E-1,-1.5E1));
#5714=DIRECTION('',(0.E0,0.E0,1.E0));
#5715=DIRECTION('',(1.E0,0.E0,0.E0));
#5716=AXIS2_PLACEMENT_3D('',#5713,#5714,#5715);
#5717=CYLINDRICAL_SURFACE('',#5716,2.E-1);
#5718=ORIENTED_EDGE('',*,*,#5706,.T.);
#5719=ORIENTED_EDGE('',*,*,#5704,.T.);
#5720=ORIENTED_EDGE('',*,*,#5573,.T.);
#5722=ORIENTED_EDGE('',*,*,#5721,.T.);
#5724=ORIENTED_EDGE('',*,*,#5723,.F.);
#5725=EDGE_LOOP('',(#5718,#5719,#5720,#5722,#5724));
#5726=FACE_OUTER_BOUND('',#5725,.F.);
#5727=ADVANCED_FACE('',(#5726),#5717,.F.);
#5728=CARTESIAN_POINT('',(1.380975084335E-1,7.646375095025E-1,
-1.177598496194E1));
#5729=CARTESIAN_POINT('',(1.888170697288E-1,7.597832878446E-1,
-1.219199036655E1));
#5730=CARTESIAN_POINT('',(2.395366310241E-1,7.549290661868E-1,
-1.260799577116E1));
#5731=CARTESIAN_POINT('',(2.902561923193E-1,7.500748445289E-1,
-1.302400117577E1));
#5732=CARTESIAN_POINT('',(1.409663730999E-1,7.652470009770E-1,
-1.177598496194E1));
#5733=CARTESIAN_POINT('',(1.921875963437E-1,7.601040328741E-1,
-1.219199036655E1));
#5734=CARTESIAN_POINT('',(2.434088195874E-1,7.549610647711E-1,
-1.260799577116E1));
#5735=CARTESIAN_POINT('',(2.946300428312E-1,7.498180966682E-1,
-1.302400117577E1));
#5736=CARTESIAN_POINT('',(1.639794736132E-1,7.702756407259E-1,
-1.177598496194E1));
#5737=CARTESIAN_POINT('',(2.184953209215E-1,7.631212044818E-1,
-1.219199036655E1));
#5738=CARTESIAN_POINT('',(2.730111682297E-1,7.559667682378E-1,
-1.260799577116E1));
#5739=CARTESIAN_POINT('',(3.275270155380E-1,7.488123319937E-1,
-1.302400117577E1));
#5740=CARTESIAN_POINT('',(2.173822768881E-1,7.842683529028E-1,
-1.177598496194E1));
#5741=CARTESIAN_POINT('',(2.700985874238E-1,7.761764567784E-1,
-1.219199036655E1));
#5742=CARTESIAN_POINT('',(3.228148979594E-1,7.680845606540E-1,
-1.260799577116E1));
#5743=CARTESIAN_POINT('',(3.755312084951E-1,7.599926645296E-1,
-1.302400117577E1));
#5744=CARTESIAN_POINT('',(3.007789230466E-1,8.174615383006E-1,
-1.177598496194E1));
#5745=CARTESIAN_POINT('',(3.419513421437E-1,8.075314805613E-1,
-1.219199036655E1));
#5746=CARTESIAN_POINT('',(3.831237612407E-1,7.976014228219E-1,
-1.260799577116E1));
#5747=CARTESIAN_POINT('',(4.242961803377E-1,7.876713650826E-1,
-1.302400117577E1));
#5748=CARTESIAN_POINT('',(3.776351198971E-1,8.604099384304E-1,
-1.177598496194E1));
#5749=CARTESIAN_POINT('',(4.070473933256E-1,8.500200468756E-1,
-1.219199036655E1));
#5750=CARTESIAN_POINT('',(4.364596667541E-1,8.396301553209E-1,
-1.260799577116E1));
#5751=CARTESIAN_POINT('',(4.658719401826E-1,8.292402637661E-1,
-1.302400117577E1));
#5752=CARTESIAN_POINT('',(4.193474130092E-1,8.904188139728E-1,
-1.177598496194E1));
#5753=CARTESIAN_POINT('',(4.432648245732E-1,8.863307313473E-1,
-1.219199036655E1));
#5754=CARTESIAN_POINT('',(4.671822361373E-1,8.822426487218E-1,
-1.260799577116E1));
#5755=CARTESIAN_POINT('',(4.910996477013E-1,8.781545660964E-1,
-1.302400117577E1));
#5756=CARTESIAN_POINT('',(4.359496375367E-1,9.030591120358E-1,
-1.177598496194E1));
#5757=CARTESIAN_POINT('',(4.566260179837E-1,9.067540005058E-1,
-1.219199036655E1));
#5758=CARTESIAN_POINT('',(4.773023984306E-1,9.104488889758E-1,
-1.260799577116E1));
#5759=CARTESIAN_POINT('',(4.979787788776E-1,9.141437774458E-1,
-1.302400117577E1));
#5760=CARTESIAN_POINT('',(4.379062958644E-1,9.045589082088E-1,
-1.177598496194E1));
#5761=CARTESIAN_POINT('',(4.581760598138E-1,9.092850264724E-1,
-1.219199036655E1));
#5762=CARTESIAN_POINT('',(4.784458237633E-1,9.140111447361E-1,
-1.260799577116E1));
#5763=CARTESIAN_POINT('',(4.987155877127E-1,9.187372629997E-1,
-1.302400117577E1));
#5764=B_SPLINE_SURFACE_WITH_KNOTS('',3,3,((#5728,#5729,#5730,#5731),(#5732,
#5733,#5734,#5735),(#5736,#5737,#5738,#5739),(#5740,#5741,#5742,#5743),(#5744,
#5745,#5746,#5747),(#5748,#5749,#5750,#5751),(#5752,#5753,#5754,#5755),(#5756,
#5757,#5758,#5759),(#5760,#5761,#5762,#5763)),.UNSPECIFIED.,.F.,.F.,.F.,(4,1,1,
1,1,1,4),(4,4),(-3.704267021706E-2,0.E0,2.5E-1,5.E-1,7.5E-1,1.E0,
1.035129880161E0),(-2.001253171594E-2,1.020000979804E0),.UNSPECIFIED.);
#5765=ORIENTED_EDGE('',*,*,#5721,.F.);
#5767=ORIENTED_EDGE('',*,*,#5766,.F.);
#5768=ORIENTED_EDGE('',*,*,#4508,.F.);
#5770=ORIENTED_EDGE('',*,*,#5769,.F.);
#5772=ORIENTED_EDGE('',*,*,#5771,.T.);
#5773=EDGE_LOOP('',(#5765,#5767,#5768,#5770,#5772));
#5774=FACE_OUTER_BOUND('',#5773,.F.);
#5775=ADVANCED_FACE('',(#5774),#5764,.T.);
#5776=CARTESIAN_POINT('',(4.222391249831E-1,8.928525889427E-1,
-1.177512865429E1));
#5777=CARTESIAN_POINT('',(4.455202823170E-1,8.908529497590E-1,
-1.219142479793E1));
#5778=CARTESIAN_POINT('',(4.688014396508E-1,8.888533105754E-1,
-1.260772094157E1));
#5779=CARTESIAN_POINT('',(4.920825969846E-1,8.868536713918E-1,
-1.302401708521E1));
#5780=CARTESIAN_POINT('',(4.254502534311E-1,8.951958405360E-1,
-1.177512865429E1));
#5781=CARTESIAN_POINT('',(4.481111156222E-1,8.944551364093E-1,
-1.219142479793E1));
#5782=CARTESIAN_POINT('',(4.707719778134E-1,8.937144322826E-1,
-1.260772094157E1));
#5783=CARTESIAN_POINT('',(4.934328400045E-1,8.929737281559E-1,
-1.302401708521E1));
#5784=CARTESIAN_POINT('',(4.825672973964E-1,9.375577296665E-1,
-1.177512865429E1));
#5785=CARTESIAN_POINT('',(4.944210103617E-1,9.599650371378E-1,
-1.219142479793E1));
#5786=CARTESIAN_POINT('',(5.062747233270E-1,9.823723446091E-1,
-1.260772094157E1));
#5787=CARTESIAN_POINT('',(5.181284362923E-1,1.004779652080E0,
-1.302401708521E1));
#5788=CARTESIAN_POINT('',(5.638158684230E-1,1.021341108922E0,
-1.177512865429E1));
#5789=CARTESIAN_POINT('',(5.681735246666E-1,1.103049755941E0,
-1.219142479793E1));
#5790=CARTESIAN_POINT('',(5.725311809101E-1,1.184758402959E0,
-1.260772094157E1));
#5791=CARTESIAN_POINT('',(5.768888371536E-1,1.266467049978E0,
-1.302401708521E1));
#5792=CARTESIAN_POINT('',(6.350712079230E-1,1.136172111646E0,
-1.177512865429E1));
#5793=CARTESIAN_POINT('',(6.503517473802E-1,1.332175292200E0,
-1.219142479793E1));
#5794=CARTESIAN_POINT('',(6.656322868374E-1,1.528178472753E0,
-1.260772094157E1));
#5795=CARTESIAN_POINT('',(6.809128262945E-1,1.724181653307E0,
-1.302401708521E1));
#5796=CARTESIAN_POINT('',(6.710496263898E-1,1.231649657674E0,
-1.177512865429E1));
#5797=CARTESIAN_POINT('',(7.062140113128E-1,1.535310931004E0,
-1.219142479793E1));
#5798=CARTESIAN_POINT('',(7.413783962358E-1,1.838972204334E0,
-1.260772094157E1));
#5799=CARTESIAN_POINT('',(7.765427811588E-1,2.142633477664E0,
-1.302401708521E1));
#5800=CARTESIAN_POINT('',(6.845486464220E-1,1.293582434045E0,
-1.177512865429E1));
#5801=CARTESIAN_POINT('',(7.342680154903E-1,1.659717560643E0,
-1.219142479793E1));
#5802=CARTESIAN_POINT('',(7.839873845586E-1,2.025852687241E0,
-1.260772094157E1));
#5803=CARTESIAN_POINT('',(8.337067536269E-1,2.391987813840E0,
-1.302401708521E1));
#5804=CARTESIAN_POINT('',(6.881795583253E-1,1.317483979389E0,
-1.177512865429E1));
#5805=CARTESIAN_POINT('',(7.434511430753E-1,1.705105000575E0,
-1.219142479793E1));
#5806=CARTESIAN_POINT('',(7.987227278253E-1,2.092726021762E0,
-1.260772094157E1));
#5807=CARTESIAN_POINT('',(8.539943125753E-1,2.480347042948E0,
-1.302401708521E1));
#5808=B_SPLINE_SURFACE_WITH_KNOTS('',3,3,((#5776,#5777,#5778,#5779),(#5780,
#5781,#5782,#5783),(#5784,#5785,#5786,#5787),(#5788,#5789,#5790,#5791),(#5792,
#5793,#5794,#5795),(#5796,#5797,#5798,#5799),(#5800,#5801,#5802,#5803),(#5804,
#5805,#5806,#5807)),.UNSPECIFIED.,.F.,.F.,.F.,(4,1,1,1,1,4),(4,4),(
-1.465563127223E-2,0.E0,2.5E-1,5.E-1,7.5E-1,8.927577013540E-1),(
-2.072612142625E-2,1.020014237675E0),.UNSPECIFIED.);
#5809=ORIENTED_EDGE('',*,*,#5569,.F.);
#5811=ORIENTED_EDGE('',*,*,#5810,.F.);
#5813=ORIENTED_EDGE('',*,*,#5812,.F.);
#5814=ORIENTED_EDGE('',*,*,#5430,.F.);
#5815=ORIENTED_EDGE('',*,*,#4512,.F.);
#5816=ORIENTED_EDGE('',*,*,#4510,.F.);
#5817=ORIENTED_EDGE('',*,*,#5766,.T.);
#5818=ORIENTED_EDGE('',*,*,#5571,.F.);
#5819=EDGE_LOOP('',(#5809,#5811,#5813,#5814,#5815,#5816,#5817,#5818));
#5820=FACE_OUTER_BOUND('',#5819,.F.);
#5821=ADVANCED_FACE('',(#5820),#5808,.T.);
#5822=CARTESIAN_POINT('',(2.200223796086E0,1.45E0,-1.27E1));
#5823=DIRECTION('',(1.E0,0.E0,0.E0));
#5824=DIRECTION('',(0.E0,0.E0,-1.E0));
#5825=AXIS2_PLACEMENT_3D('',#5822,#5823,#5824);
#5826=CYLINDRICAL_SURFACE('',#5825,3.E-1);
#5827=ORIENTED_EDGE('',*,*,#5491,.T.);
#5829=ORIENTED_EDGE('',*,*,#5828,.T.);
#5830=ORIENTED_EDGE('',*,*,#5810,.T.);
#5831=ORIENTED_EDGE('',*,*,#5522,.F.);
#5832=EDGE_LOOP('',(#5827,#5829,#5830,#5831));
#5833=FACE_OUTER_BOUND('',#5832,.F.);
#5834=ADVANCED_FACE('',(#5833),#5826,.F.);
#5835=CARTESIAN_POINT('',(2.200223796086E0,1.45E0,-1.27E1));
#5836=DIRECTION('',(1.E0,0.E0,0.E0));
#5837=DIRECTION('',(0.E0,0.E0,-1.E0));
#5838=AXIS2_PLACEMENT_3D('',#5835,#5836,#5837);
#5839=CYLINDRICAL_SURFACE('',#5838,3.E-1);
#5840=ORIENTED_EDGE('',*,*,#4725,.T.);
#5841=ORIENTED_EDGE('',*,*,#5536,.F.);
#5843=ORIENTED_EDGE('',*,*,#5842,.T.);
#5845=ORIENTED_EDGE('',*,*,#5844,.T.);
#5846=EDGE_LOOP('',(#5840,#5841,#5843,#5845));
#5847=FACE_OUTER_BOUND('',#5846,.F.);
#5848=ADVANCED_FACE('',(#5847),#5839,.F.);
#5849=CARTESIAN_POINT('',(2.200223796086E0,1.277414398172E0,-1.185993462203E1));
#5850=DIRECTION('',(0.E0,-9.880510721813E-1,1.541268268709E-1));
#5851=DIRECTION('',(0.E0,-1.541268268709E-1,-9.880510721813E-1));
#5852=AXIS2_PLACEMENT_3D('',#5849,#5850,#5851);
#5853=PLANE('',#5852);
#5854=ORIENTED_EDGE('',*,*,#5489,.T.);
#5855=ORIENTED_EDGE('',*,*,#5432,.T.);
#5856=ORIENTED_EDGE('',*,*,#5812,.T.);
#5857=ORIENTED_EDGE('',*,*,#5828,.F.);
#5858=EDGE_LOOP('',(#5854,#5855,#5856,#5857));
#5859=FACE_OUTER_BOUND('',#5858,.F.);
#5860=ADVANCED_FACE('',(#5859),#5853,.F.);
#5861=CARTESIAN_POINT('',(2.200223796086E0,1.277414398172E0,-1.185993462203E1));
#5862=DIRECTION('',(0.E0,-9.880510721813E-1,1.541268268709E-1));
#5863=DIRECTION('',(0.E0,-1.541268268709E-1,-9.880510721813E-1));
#5864=AXIS2_PLACEMENT_3D('',#5861,#5862,#5863);
#5865=PLANE('',#5864);
#5866=ORIENTED_EDGE('',*,*,#4727,.T.);
#5867=ORIENTED_EDGE('',*,*,#5844,.F.);
#5869=ORIENTED_EDGE('',*,*,#5868,.T.);
#5870=ORIENTED_EDGE('',*,*,#5443,.T.);
#5871=EDGE_LOOP('',(#5866,#5867,#5869,#5870));
#5872=FACE_OUTER_BOUND('',#5871,.F.);
#5873=ADVANCED_FACE('',(#5872),#5865,.F.);
#5874=CARTESIAN_POINT('',(-6.887218467439E-1,1.320550906535E0,
-1.177466272078E1));
#5875=CARTESIAN_POINT('',(-7.405951256834E-1,1.693106479597E0,
-1.219111722091E1));
#5876=CARTESIAN_POINT('',(-7.924684046228E-1,2.065662052659E0,
-1.260757172103E1));
#5877=CARTESIAN_POINT('',(-8.443416835623E-1,2.438217625721E0,
-1.302402622116E1));
#5878=CARTESIAN_POINT('',(-6.864621385784E-1,1.305129439533E0,
-1.177466272078E1));
#5879=CARTESIAN_POINT('',(-7.331951875361E-1,1.657147896625E0,
-1.219111722091E1));
#5880=CARTESIAN_POINT('',(-7.799282364938E-1,2.009166353717E0,
-1.260757172103E1));
#5881=CARTESIAN_POINT('',(-8.266612854515E-1,2.361184810808E0,
-1.302402622116E1));
#5882=CARTESIAN_POINT('',(-6.779690574240E-1,1.260956654974E0,
-1.177466272078E1));
#5883=CARTESIAN_POINT('',(-7.090689438657E-1,1.547184226748E0,
-1.219111722091E1));
#5884=CARTESIAN_POINT('',(-7.401688303074E-1,1.833411798522E0,
-1.260757172103E1));
#5885=CARTESIAN_POINT('',(-7.712687167492E-1,2.119639370296E0,
-1.302402622116E1));
#5886=CARTESIAN_POINT('',(-6.569887925922E-1,1.192157935275E0,
-1.177466272078E1));
#5887=CARTESIAN_POINT('',(-6.633019524162E-1,1.362508862785E0,
-1.219111722091E1));
#5888=CARTESIAN_POINT('',(-6.696151122401E-1,1.532859790294E0,
-1.260757172103E1));
#5889=CARTESIAN_POINT('',(-6.759282720641E-1,1.703210717804E0,
-1.302402622116E1));
#5890=CARTESIAN_POINT('',(-6.112552419850E-1,1.096654676393E0,
-1.177466272078E1));
#5891=CARTESIAN_POINT('',(-5.976210775019E-1,1.144613458252E0,
-1.219111722091E1));
#5892=CARTESIAN_POINT('',(-5.839869130188E-1,1.192572240111E0,
-1.260757172103E1));
#5893=CARTESIAN_POINT('',(-5.703527485357E-1,1.240531021969E0,
-1.302402622116E1));
#5894=CARTESIAN_POINT('',(-5.510597100554E-1,1.013057017037E0,
-1.177466272078E1));
#5895=CARTESIAN_POINT('',(-5.386296240572E-1,1.005418042168E0,
-1.219111722091E1));
#5896=CARTESIAN_POINT('',(-5.261995380590E-1,9.977790672997E-1,
-1.260757172103E1));
#5897=CARTESIAN_POINT('',(-5.137694520608E-1,9.901400924312E-1,
-1.302402622116E1));
#5898=CARTESIAN_POINT('',(-5.041641288517E-1,9.656155512629E-1,
-1.177466272078E1));
#5899=CARTESIAN_POINT('',(-5.000323621431E-1,9.407659500090E-1,
-1.219111722091E1));
#5900=CARTESIAN_POINT('',(-4.959005954344E-1,9.159163487550E-1,
-1.260757172103E1));
#5901=CARTESIAN_POINT('',(-4.917688287258E-1,8.910667475010E-1,
-1.302402622116E1));
#5902=CARTESIAN_POINT('',(-5.010606771532E-1,9.625276051086E-1,
-1.177466272078E1));
#5903=CARTESIAN_POINT('',(-4.974991464568E-1,9.366134262995E-1,
-1.219111722091E1));
#5904=CARTESIAN_POINT('',(-4.939376157604E-1,9.106992474904E-1,
-1.260757172103E1));
#5905=CARTESIAN_POINT('',(-4.903760850640E-1,8.847850686813E-1,
-1.302402622116E1));
#5906=B_SPLINE_SURFACE_WITH_KNOTS('',3,3,((#5874,#5875,#5876,#5877),(#5878,
#5879,#5880,#5881),(#5882,#5883,#5884,#5885),(#5886,#5887,#5888,#5889),(#5890,
#5891,#5892,#5893),(#5894,#5895,#5896,#5897),(#5898,#5899,#5900,#5901),(#5902,
#5903,#5904,#5905)),.UNSPECIFIED.,.F.,.F.,.F.,(4,1,1,1,1,4),(4,4),(
1.285686413702E-1,2.5E-1,5.E-1,7.5E-1,1.E0,1.017299294041E0),
(-2.111439934798E-2,1.020021850968E0),.UNSPECIFIED.);
#5908=ORIENTED_EDGE('',*,*,#5907,.F.);
#5910=ORIENTED_EDGE('',*,*,#5909,.F.);
#5912=ORIENTED_EDGE('',*,*,#5911,.F.);
#5914=ORIENTED_EDGE('',*,*,#5913,.F.);
#5915=ORIENTED_EDGE('',*,*,#5445,.F.);
#5916=ORIENTED_EDGE('',*,*,#5868,.F.);
#5917=ORIENTED_EDGE('',*,*,#5842,.F.);
#5918=EDGE_LOOP('',(#5908,#5910,#5912,#5914,#5915,#5916,#5917));
#5919=FACE_OUTER_BOUND('',#5918,.F.);
#5920=ADVANCED_FACE('',(#5919),#5906,.T.);
#5921=CARTESIAN_POINT('',(-4.949453347092E-1,9.053198424898E-1,-1.5E1));
#5922=DIRECTION('',(9.747266735458E-1,2.234007875510E-1,0.E0));
#5923=DIRECTION('',(-2.234007875510E-1,9.747266735458E-1,0.E0));
#5924=AXIS2_PLACEMENT_3D('',#5921,#5922,#5923);
#5925=PLANE('',#5924);
#5927=ORIENTED_EDGE('',*,*,#5926,.T.);
#5929=ORIENTED_EDGE('',*,*,#5928,.T.);
#5930=ORIENTED_EDGE('',*,*,#5907,.T.);
#5931=ORIENTED_EDGE('',*,*,#5534,.F.);
#5933=ORIENTED_EDGE('',*,*,#5932,.F.);
#5935=ORIENTED_EDGE('',*,*,#5934,.T.);
#5936=EDGE_LOOP('',(#5927,#5929,#5930,#5931,#5933,#5935));
#5937=FACE_OUTER_BOUND('',#5936,.F.);
#5938=ADVANCED_FACE('',(#5937),#5925,.T.);
#5939=CARTESIAN_POINT('',(-1.134182004651E0,1.172630830889E0,
-1.621963994842E1));
#5940=CARTESIAN_POINT('',(-1.142330106807E0,1.176132217275E0,
-1.615606493768E1));
#5941=CARTESIAN_POINT('',(-1.144943389959E0,1.177241922329E0,
-1.562702947029E1));
#5942=CARTESIAN_POINT('',(-4.808974349462E-1,8.921624503984E-1,
-1.564299507850E1));
#5943=CARTESIAN_POINT('',(-4.764490301258E-1,8.902300791356E-1,
-1.508713401464E1));
#5944=CARTESIAN_POINT('',(-4.970074110894E-1,8.990640746292E-1,
-1.497819328338E1));
#5945=CARTESIAN_POINT('',(-1.171703222150E0,1.434717115066E0,
-1.621963994842E1));
#5946=CARTESIAN_POINT('',(-1.179926508718E0,1.439557369285E0,
-1.615606493768E1));
#5947=CARTESIAN_POINT('',(-1.182364430420E0,1.441273780575E0,
-1.562702947029E1));
#5948=CARTESIAN_POINT('',(-5.162956558376E-1,1.043432365777E0,
-1.564299507850E1));
#5949=CARTESIAN_POINT('',(-5.114933614966E-1,1.041047114638E0,
-1.508713401464E1));
#5950=CARTESIAN_POINT('',(-5.322367579845E-1,1.053263352843E0,
-1.497819328338E1));
#5951=CARTESIAN_POINT('',(-1.221200865422E0,1.780268204313E0,
-1.621963994842E1));
#5952=CARTESIAN_POINT('',(-1.229448232420E0,1.787064788550E0,
-1.615606493768E1));
#5953=CARTESIAN_POINT('',(-1.232062970490E0,1.789253708226E0,
-1.562702947029E1));
#5954=CARTESIAN_POINT('',(-5.605523733085E-1,1.235165189814E0,
-1.564299507850E1));
#5955=CARTESIAN_POINT('',(-5.560021270020E-1,1.231468908393E0,
-1.508713401464E1));
#5956=CARTESIAN_POINT('',(-5.768102489121E-1,1.248617503899E0,
-1.497819328338E1));
#5957=CARTESIAN_POINT('',(-1.271431903095E0,2.131009744160E0,
-1.621963994842E1));
#5958=CARTESIAN_POINT('',(-1.279746912462E0,2.139832480120E0,
-1.615606493768E1));
#5959=CARTESIAN_POINT('',(-1.282431799320E0,2.142626367344E0,
-1.562702947029E1));
#5960=CARTESIAN_POINT('',(-6.044115328506E-1,1.424335722055E0,
-1.564299507850E1));
#5961=CARTESIAN_POINT('',(-5.999003501756E-1,1.419462911444E0,
-1.508713401464E1));
#5962=CARTESIAN_POINT('',(-6.208802769081E-1,1.441722613657E0,
-1.497819328338E1));
#5963=CARTESIAN_POINT('',(-1.282874251182E0,2.210909378266E0,
-1.621963994842E1));
#5964=CARTESIAN_POINT('',(-1.291206357826E0,2.220195536761E0,
-1.615606493768E1));
#5965=CARTESIAN_POINT('',(-1.293903175611E0,2.223131968588E0,
-1.562702947029E1));
#5966=CARTESIAN_POINT('',(-6.143568667817E-1,1.467198993412E0,
-1.564299507850E1));
#5967=CARTESIAN_POINT('',(-6.098464616909E-1,1.462063635904E0,
-1.508713401464E1));
#5968=CARTESIAN_POINT('',(-6.308696776738E-1,1.485492451260E0,
-1.497819328338E1));
#5969=B_SPLINE_SURFACE_WITH_KNOTS('',3,3,((#5939,#5940,#5941,#5942,#5943,#5944),
(#5945,#5946,#5947,#5948,#5949,#5950),(#5951,#5952,#5953,#5954,#5955,#5956),(
#5957,#5958,#5959,#5960,#5961,#5962),(#5963,#5964,#5965,#5966,#5967,#5968)),
.UNSPECIFIED.,.F.,.F.,.F.,(4,1,4),(4,1,1,4),(-4.375925028987E-3,2.5E-1,
3.247750294661E-1),(-1.745703284286E-2,1.5E-1,1.562215341095E0,
1.830330988637E0),.UNSPECIFIED.);
#5971=ORIENTED_EDGE('',*,*,#5970,.F.);
#5973=ORIENTED_EDGE('',*,*,#5972,.T.);
#5974=ORIENTED_EDGE('',*,*,#5926,.F.);
#5976=ORIENTED_EDGE('',*,*,#5975,.F.);
#5978=ORIENTED_EDGE('',*,*,#5977,.F.);
#5980=ORIENTED_EDGE('',*,*,#5979,.F.);
#5981=EDGE_LOOP('',(#5971,#5973,#5974,#5976,#5978,#5980));
#5982=FACE_OUTER_BOUND('',#5981,.F.);
#5983=ADVANCED_FACE('',(#5982),#5969,.T.);
#5984=CARTESIAN_POINT('',(-1.138413389590E0,1.187165868438E0,-1.7E1));
#5985=DIRECTION('',(9.899246866003E-1,1.415948970100E-1,0.E0));
#5986=DIRECTION('',(-1.415948970100E-1,9.899246866003E-1,0.E0));
#5987=AXIS2_PLACEMENT_3D('',#5984,#5985,#5986);
#5988=PLANE('',#5987);
#5989=ORIENTED_EDGE('',*,*,#5970,.T.);
#5991=ORIENTED_EDGE('',*,*,#5990,.F.);
#5993=ORIENTED_EDGE('',*,*,#5992,.F.);
#5995=ORIENTED_EDGE('',*,*,#5994,.F.);
#5996=ORIENTED_EDGE('',*,*,#5651,.T.);
#5997=EDGE_LOOP('',(#5989,#5991,#5993,#5995,#5996));
#5998=FACE_OUTER_BOUND('',#5997,.F.);
#5999=ADVANCED_FACE('',(#5998),#5988,.T.);
#6000=CARTESIAN_POINT('',(2.200223796086E0,2.2E0,-1.62E1));
#6001=DIRECTION('',(0.E0,0.E0,-1.E0));
#6002=DIRECTION('',(0.E0,1.E0,0.E0));
#6003=AXIS2_PLACEMENT_3D('',#6000,#6001,#6002);
#6004=PLANE('',#6003);
#6006=ORIENTED_EDGE('',*,*,#6005,.T.);
#6008=ORIENTED_EDGE('',*,*,#6007,.T.);
#6009=ORIENTED_EDGE('',*,*,#5635,.F.);
#6011=ORIENTED_EDGE('',*,*,#6010,.T.);
#6012=EDGE_LOOP('',(#6006,#6008,#6009,#6011));
#6013=FACE_OUTER_BOUND('',#6012,.F.);
#6014=ADVANCED_FACE('',(#6013),#6004,.F.);
#6015=CARTESIAN_POINT('',(2.200223796086E0,2.2E0,-1.62E1));
#6016=DIRECTION('',(0.E0,0.E0,-1.E0));
#6017=DIRECTION('',(0.E0,1.E0,0.E0));
#6018=AXIS2_PLACEMENT_3D('',#6015,#6016,#6017);
#6019=PLANE('',#6018);
#6020=ORIENTED_EDGE('',*,*,#5990,.T.);
#6022=ORIENTED_EDGE('',*,*,#6021,.T.);
#6023=ORIENTED_EDGE('',*,*,#4819,.F.);
#6025=ORIENTED_EDGE('',*,*,#6024,.T.);
#6026=EDGE_LOOP('',(#6020,#6022,#6023,#6025));
#6027=FACE_OUTER_BOUND('',#6026,.F.);
#6028=ADVANCED_FACE('',(#6027),#6019,.F.);
#6029=CARTESIAN_POINT('',(1.336398326910E0,1.158846889036E0,-1.7E1));
#6030=DIRECTION('',(9.899246866003E-1,-1.415948970100E-1,0.E0));
#6031=DIRECTION('',(1.415948970100E-1,9.899246866003E-1,0.E0));
#6032=AXIS2_PLACEMENT_3D('',#6029,#6030,#6031);
#6033=PLANE('',#6032);
#6035=ORIENTED_EDGE('',*,*,#6034,.T.);
#6036=ORIENTED_EDGE('',*,*,#6005,.F.);
#6038=ORIENTED_EDGE('',*,*,#6037,.F.);
#6040=ORIENTED_EDGE('',*,*,#6039,.F.);
#6041=ORIENTED_EDGE('',*,*,#4835,.T.);
#6042=EDGE_LOOP('',(#6035,#6036,#6038,#6040,#6041));
#6043=FACE_OUTER_BOUND('',#6042,.F.);
#6044=ADVANCED_FACE('',(#6043),#6033,.T.);
#6045=CARTESIAN_POINT('',(1.332759997285E0,1.146290193930E0,-1.621701735532E1));
#6046=CARTESIAN_POINT('',(1.340622782490E0,1.149888097679E0,-1.615452126928E1));
#6047=CARTESIAN_POINT('',(1.342424773286E0,1.150696101543E0,-1.562704939835E1));
#6048=CARTESIAN_POINT('',(6.754759379048E-1,8.458559006548E-1,
-1.564299488297E1));
#6049=CARTESIAN_POINT('',(6.710203637477E-1,8.437903108064E-1,
-1.508714898597E1));
#6050=CARTESIAN_POINT('',(6.916799821251E-1,8.532435970999E-1,
-1.497822086657E1));
#6051=CARTESIAN_POINT('',(1.349461910938E0,1.262988159398E0,-1.621701735532E1));
#6052=CARTESIAN_POINT('',(1.357328627137E0,1.266871630141E0,-1.615452126928E1));
#6053=CARTESIAN_POINT('',(1.358871100907E0,1.267800817773E0,-1.562704939835E1));
#6054=CARTESIAN_POINT('',(6.970373898604E-1,9.375716656359E-1,
-1.564299488297E1));
#6055=CARTESIAN_POINT('',(6.921585269859E-1,9.354343749375E-1,
-1.508714898597E1));
#6056=CARTESIAN_POINT('',(7.128241571849E-1,9.456389179271E-1,
-1.497822086657E1));
#6057=CARTESIAN_POINT('',(1.383994551352E0,1.503967414284E0,-1.621701735532E1));
#6058=CARTESIAN_POINT('',(1.391725066642E0,1.508704709536E0,-1.615452126928E1));
#6059=CARTESIAN_POINT('',(1.393575538836E0,1.509753170023E0,-1.562704939835E1));
#6060=CARTESIAN_POINT('',(7.361977194084E-1,1.108698252461E0,
-1.564299488297E1));
#6061=CARTESIAN_POINT('',(7.319444991323E-1,1.105953589346E0,
-1.508714898597E1));
#6062=CARTESIAN_POINT('',(7.522578819622E-1,1.118400305963E0,
-1.497822086657E1));
#6063=CARTESIAN_POINT('',(1.435589252075E0,1.864309896572E0,-1.621701735532E1));
#6064=CARTESIAN_POINT('',(1.443346739317E0,1.870698741651E0,-1.615452126928E1));
#6065=CARTESIAN_POINT('',(1.445090071524E0,1.872145452208E0,-1.562704939835E1));
#6066=CARTESIAN_POINT('',(7.877953516562E-1,1.330587141280E0,
-1.564299488297E1));
#6067=CARTESIAN_POINT('',(7.833436216395E-1,1.326938531280E0,
-1.508714898597E1));
#6068=CARTESIAN_POINT('',(8.037259952632E-1,1.343725053994E0,
-1.497822086657E1));
#6069=CARTESIAN_POINT('',(1.469873947990E0,2.103757531251E0,-1.621701735532E1));
#6070=CARTESIAN_POINT('',(1.477672241880E0,2.111408452647E0,-1.615452126928E1));
#6071=CARTESIAN_POINT('',(1.479412750357E0,2.113142525335E0,-1.562704939835E1));
#6072=CARTESIAN_POINT('',(8.189114149648E-1,1.464569841197E0,
-1.564299488297E1));
#6073=CARTESIAN_POINT('',(8.144168745766E-1,1.460203015331E0,
-1.508714898597E1));
#6074=CARTESIAN_POINT('',(8.349062666094E-1,1.480305636519E0,
-1.497822086657E1));
#6075=CARTESIAN_POINT('',(1.485277930498E0,2.211341691715E0,-1.621701735532E1));
#6076=CARTESIAN_POINT('',(1.493098604E0,2.219583339427E0,-1.615452126928E1));
#6077=CARTESIAN_POINT('',(1.494844658966E0,2.221450673379E0,-1.562704939835E1));
#6078=CARTESIAN_POINT('',(8.324362710499E-1,1.522814905957E0,
-1.564299488297E1));
#6079=CARTESIAN_POINT('',(8.279297239936E-1,1.518109905760E0,
-1.508714898597E1));
#6080=CARTESIAN_POINT('',(8.484779258063E-1,1.539764636468E0,
-1.497822086657E1));
#6081=B_SPLINE_SURFACE_WITH_KNOTS('',3,3,((#6045,#6046,#6047,#6048,#6049,#6050),
(#6051,#6052,#6053,#6054,#6055,#6056),(#6057,#6058,#6059,#6060,#6061,#6062),(
#6063,#6064,#6065,#6066,#6067,#6068),(#6069,#6070,#6071,#6072,#6073,#6074),(
#6075,#6076,#6077,#6078,#6079,#6080)),.UNSPECIFIED.,.F.,.F.,.F.,(4,1,1,4),(4,1,
1,4),(-4.294448650805E-3,1.25E-1,2.5E-1,3.492202448726E-1),(-1.515064895235E-2,
1.5E-1,1.562215341095E0,1.830308359813E0),.UNSPECIFIED.);
#6082=ORIENTED_EDGE('',*,*,#6034,.F.);
#6083=ORIENTED_EDGE('',*,*,#5251,.T.);
#6084=ORIENTED_EDGE('',*,*,#5508,.F.);
#6086=ORIENTED_EDGE('',*,*,#6085,.F.);
#6088=ORIENTED_EDGE('',*,*,#6087,.F.);
#6090=ORIENTED_EDGE('',*,*,#6089,.F.);
#6091=EDGE_LOOP('',(#6082,#6083,#6084,#6086,#6088,#6090));
#6092=FACE_OUTER_BOUND('',#6091,.F.);
#6093=ADVANCED_FACE('',(#6092),#6081,.T.);
#6094=CARTESIAN_POINT('',(2.200223796086E0,1.39E0,-1.53E1));
#6095=DIRECTION('',(1.E0,0.E0,0.E0));
#6096=DIRECTION('',(0.E0,0.E0,-1.E0));
#6097=AXIS2_PLACEMENT_3D('',#6094,#6095,#6096);
#6098=CYLINDRICAL_SURFACE('',#6097,3.E-1);
#6099=ORIENTED_EDGE('',*,*,#4799,.T.);
#6101=ORIENTED_EDGE('',*,*,#6100,.F.);
#6102=ORIENTED_EDGE('',*,*,#5975,.T.);
#6104=ORIENTED_EDGE('',*,*,#6103,.T.);
#6105=EDGE_LOOP('',(#6099,#6101,#6102,#6104));
#6106=FACE_OUTER_BOUND('',#6105,.F.);
#6107=ADVANCED_FACE('',(#6106),#6098,.F.);
#6108=CARTESIAN_POINT('',(2.200223796086E0,1.39E0,-1.53E1));
#6109=DIRECTION('',(1.E0,0.E0,0.E0));
#6110=DIRECTION('',(0.E0,0.E0,-1.E0));
#6111=AXIS2_PLACEMENT_3D('',#6108,#6109,#6110);
#6112=CYLINDRICAL_SURFACE('',#6111,3.E-1);
#6113=ORIENTED_EDGE('',*,*,#6085,.T.);
#6115=ORIENTED_EDGE('',*,*,#6114,.T.);
#6116=ORIENTED_EDGE('',*,*,#5615,.T.);
#6118=ORIENTED_EDGE('',*,*,#6117,.F.);
#6119=EDGE_LOOP('',(#6113,#6115,#6116,#6118));
#6120=FACE_OUTER_BOUND('',#6119,.F.);
#6121=ADVANCED_FACE('',(#6120),#6112,.F.);
#6122=CARTESIAN_POINT('',(2.200223796086E0,1.211431734812E0,-1.554106715800E1));
#6123=DIRECTION('',(0.E0,-5.952275506257E-1,-8.035571933447E-1));
#6124=DIRECTION('',(0.E0,8.035571933447E-1,-5.952275506257E-1));
#6125=AXIS2_PLACEMENT_3D('',#6122,#6123,#6124);
#6126=PLANE('',#6125);
#6127=ORIENTED_EDGE('',*,*,#4797,.T.);
#6129=ORIENTED_EDGE('',*,*,#6128,.F.);
#6130=ORIENTED_EDGE('',*,*,#5977,.T.);
#6131=ORIENTED_EDGE('',*,*,#6100,.T.);
#6132=EDGE_LOOP('',(#6127,#6129,#6130,#6131));
#6133=FACE_OUTER_BOUND('',#6132,.F.);
#6134=ADVANCED_FACE('',(#6133),#6126,.F.);
#6135=CARTESIAN_POINT('',(2.200223796086E0,1.211431734812E0,-1.554106715800E1));
#6136=DIRECTION('',(0.E0,-5.952275506257E-1,-8.035571933447E-1));
#6137=DIRECTION('',(0.E0,8.035571933447E-1,-5.952275506257E-1));
#6138=AXIS2_PLACEMENT_3D('',#6135,#6136,#6137);
#6139=PLANE('',#6138);
#6140=ORIENTED_EDGE('',*,*,#6087,.T.);
#6141=ORIENTED_EDGE('',*,*,#6117,.T.);
#6142=ORIENTED_EDGE('',*,*,#5613,.T.);
#6144=ORIENTED_EDGE('',*,*,#6143,.F.);
#6145=EDGE_LOOP('',(#6140,#6141,#6142,#6144));
#6146=FACE_OUTER_BOUND('',#6145,.F.);
#6147=ADVANCED_FACE('',(#6146),#6139,.F.);
#6148=CARTESIAN_POINT('',(2.200223796086E0,2.2E0,-1.59E1));
#6149=DIRECTION('',(1.E0,0.E0,0.E0));
#6150=DIRECTION('',(0.E0,0.E0,-1.E0));
#6151=AXIS2_PLACEMENT_3D('',#6148,#6149,#6150);
#6152=CYLINDRICAL_SURFACE('',#6151,3.E-1);
#6153=ORIENTED_EDGE('',*,*,#4795,.T.);
#6154=ORIENTED_EDGE('',*,*,#6021,.F.);
#6155=ORIENTED_EDGE('',*,*,#5979,.T.);
#6156=ORIENTED_EDGE('',*,*,#6128,.T.);
#6157=EDGE_LOOP('',(#6153,#6154,#6155,#6156));
#6158=FACE_OUTER_BOUND('',#6157,.F.);
#6159=ADVANCED_FACE('',(#6158),#6152,.F.);
#6160=CARTESIAN_POINT('',(2.200223796086E0,2.2E0,-1.59E1));
#6161=DIRECTION('',(1.E0,0.E0,0.E0));
#6162=DIRECTION('',(0.E0,0.E0,-1.E0));
#6163=AXIS2_PLACEMENT_3D('',#6160,#6161,#6162);
#6164=CYLINDRICAL_SURFACE('',#6163,3.E-1);
#6165=ORIENTED_EDGE('',*,*,#6089,.T.);
#6166=ORIENTED_EDGE('',*,*,#6143,.T.);
#6167=ORIENTED_EDGE('',*,*,#5611,.T.);
#6168=ORIENTED_EDGE('',*,*,#6007,.F.);
#6169=EDGE_LOOP('',(#6165,#6166,#6167,#6168));
#6170=FACE_OUTER_BOUND('',#6169,.F.);
#6171=ADVANCED_FACE('',(#6170),#6164,.F.);
#6172=CARTESIAN_POINT('',(2.200223796086E0,2.65E0,-1.5E1));
#6173=DIRECTION('',(0.E0,0.E0,1.E0));
#6174=DIRECTION('',(0.E0,-1.E0,0.E0));
#6175=AXIS2_PLACEMENT_3D('',#6172,#6173,#6174);
#6176=PLANE('',#6175);
#6177=ORIENTED_EDGE('',*,*,#5553,.F.);
#6178=ORIENTED_EDGE('',*,*,#5565,.T.);
#6179=ORIENTED_EDGE('',*,*,#6114,.F.);
#6180=ORIENTED_EDGE('',*,*,#5506,.F.);
#6181=EDGE_LOOP('',(#6177,#6178,#6179,#6180));
#6182=FACE_OUTER_BOUND('',#6181,.F.);
#6183=ADVANCED_FACE('',(#6182),#6176,.F.);
#6184=CARTESIAN_POINT('',(2.200223796086E0,2.65E0,-1.5E1));
#6185=DIRECTION('',(0.E0,0.E0,1.E0));
#6186=DIRECTION('',(0.E0,-1.E0,0.E0));
#6187=AXIS2_PLACEMENT_3D('',#6184,#6185,#6186);
#6188=PLANE('',#6187);
#6189=ORIENTED_EDGE('',*,*,#5934,.F.);
#6191=ORIENTED_EDGE('',*,*,#6190,.F.);
#6192=ORIENTED_EDGE('',*,*,#4744,.T.);
#6193=ORIENTED_EDGE('',*,*,#6103,.F.);
#6194=EDGE_LOOP('',(#6189,#6191,#6192,#6193));
#6195=FACE_OUTER_BOUND('',#6194,.F.);
#6196=ADVANCED_FACE('',(#6195),#6188,.F.);
#6197=CARTESIAN_POINT('',(-8.948142741673E-1,2.65E0,-1.5E1));
#6198=DIRECTION('',(0.E0,1.E0,0.E0));
#6199=DIRECTION('',(-1.E0,0.E0,0.E0));
#6200=AXIS2_PLACEMENT_3D('',#6197,#6198,#6199);
#6201=PLANE('',#6200);
#6202=ORIENTED_EDGE('',*,*,#5932,.T.);
#6203=ORIENTED_EDGE('',*,*,#5539,.T.);
#6204=ORIENTED_EDGE('',*,*,#4746,.F.);
#6205=ORIENTED_EDGE('',*,*,#6190,.T.);
#6206=EDGE_LOOP('',(#6202,#6203,#6204,#6205));
#6207=FACE_OUTER_BOUND('',#6206,.F.);
#6208=ADVANCED_FACE('',(#6207),#6201,.T.);
#6209=CARTESIAN_POINT('',(1.8E0,4.4E0,-1.7E1));
#6210=DIRECTION('',(0.E0,1.E0,0.E0));
#6211=DIRECTION('',(-1.E0,0.E0,0.E0));
#6212=AXIS2_PLACEMENT_3D('',#6209,#6210,#6211);
#6213=PLANE('',#6212);
#6214=ORIENTED_EDGE('',*,*,#6037,.T.);
#6215=ORIENTED_EDGE('',*,*,#6010,.F.);
#6216=ORIENTED_EDGE('',*,*,#5633,.F.);
#6218=ORIENTED_EDGE('',*,*,#6217,.F.);
#6219=EDGE_LOOP('',(#6214,#6215,#6216,#6218));
#6220=FACE_OUTER_BOUND('',#6219,.F.);
#6221=ADVANCED_FACE('',(#6220),#6213,.T.);
#6222=CARTESIAN_POINT('',(0.E0,0.E0,-1.7E1));
#6223=DIRECTION('',(0.E0,0.E0,1.E0));
#6224=DIRECTION('',(1.E0,0.E0,0.E0));
#6225=AXIS2_PLACEMENT_3D('',#6222,#6223,#6224);
#6226=PLANE('',#6225);
#6227=ORIENTED_EDGE('',*,*,#4837,.T.);
#6228=ORIENTED_EDGE('',*,*,#6039,.T.);
#6229=ORIENTED_EDGE('',*,*,#6217,.T.);
#6230=ORIENTED_EDGE('',*,*,#5631,.T.);
#6231=ORIENTED_EDGE('',*,*,#5653,.T.);
#6232=ORIENTED_EDGE('',*,*,#5994,.T.);
#6234=ORIENTED_EDGE('',*,*,#6233,.T.);
#6235=ORIENTED_EDGE('',*,*,#4815,.T.);
#6236=EDGE_LOOP('',(#6227,#6228,#6229,#6230,#6231,#6232,#6234,#6235));
#6237=FACE_OUTER_BOUND('',#6236,.F.);
#6238=ADVANCED_FACE('',(#6237),#6226,.F.);
#6239=CARTESIAN_POINT('',(-1.597964428297E0,4.4E0,-1.7E1));
#6240=DIRECTION('',(0.E0,1.E0,0.E0));
#6241=DIRECTION('',(-1.E0,0.E0,0.E0));
#6242=AXIS2_PLACEMENT_3D('',#6239,#6240,#6241);
#6243=PLANE('',#6242);
#6244=ORIENTED_EDGE('',*,*,#5992,.T.);
#6245=ORIENTED_EDGE('',*,*,#6024,.F.);
#6246=ORIENTED_EDGE('',*,*,#4817,.F.);
#6247=ORIENTED_EDGE('',*,*,#6233,.F.);
#6248=EDGE_LOOP('',(#6244,#6245,#6246,#6247));
#6249=FACE_OUTER_BOUND('',#6248,.F.);
#6250=ADVANCED_FACE('',(#6249),#6243,.T.);
#6251=CARTESIAN_POINT('',(-9.889964275384E-1,7.728518712553E-1,
-1.624123094029E1));
#6252=CARTESIAN_POINT('',(-1.001048468826E0,7.732429913359E-1,
-1.616867233563E1));
#6253=CARTESIAN_POINT('',(-1.011371038135E0,7.735848155517E-1,
-1.562686781837E1));
#6254=CARTESIAN_POINT('',(-2.720045259906E-1,7.494665468158E-1,
-1.564315497594E1));
#6255=CARTESIAN_POINT('',(-2.743380371028E-1,7.495521192959E-1,
-1.507482121911E1));
#6256=CARTESIAN_POINT('',(-3.018033083778E-1,7.504437518964E-1,
-1.495534418821E1));
#6257=CARTESIAN_POINT('',(-1.015398458993E0,8.182112414147E-1,
-1.624123094029E1));
#6258=CARTESIAN_POINT('',(-1.027559159005E0,8.194056906724E-1,
-1.616867233563E1));
#6259=CARTESIAN_POINT('',(-1.038029790374E0,8.204162003430E-1,
-1.562686781837E1));
#6260=CARTESIAN_POINT('',(-2.909996235053E-1,7.473667470020E-1,
-1.564315497594E1));
#6261=CARTESIAN_POINT('',(-2.934334378578E-1,7.475799482147E-1,
-1.507482121911E1));
#6262=CARTESIAN_POINT('',(-3.211488516854E-1,7.503013914715E-1,
-1.495534418821E1));
#6263=CARTESIAN_POINT('',(-1.052478878959E0,8.939917544448E-1,
-1.624123094029E1));
#6264=CARTESIAN_POINT('',(-1.064544278267E0,8.964228056299E-1,
-1.616867233563E1));
#6265=CARTESIAN_POINT('',(-1.074878489350E0,8.985153382708E-1,
-1.562686781837E1));
#6266=CARTESIAN_POINT('',(-3.346888520345E-1,7.491880937565E-1,
-1.564315497594E1));
#6267=CARTESIAN_POINT('',(-3.370252386932E-1,7.496736930328E-1,
-1.507482121911E1));
#6268=CARTESIAN_POINT('',(-3.645209606187E-1,7.552142641971E-1,
-1.495534418821E1));
#6269=CARTESIAN_POINT('',(-1.089720642820E0,9.933165513177E-1,
-1.624123094029E1));
#6270=CARTESIAN_POINT('',(-1.101266816725E0,9.969028938126E-1,
-1.616867233563E1));
#6271=CARTESIAN_POINT('',(-1.111180210357E0,9.999745181985E-1,
-1.562686781837E1));
#6272=CARTESIAN_POINT('',(-4.024103723071E-1,7.799616011183E-1,
-1.564315497594E1));
#6273=CARTESIAN_POINT('',(-4.046806719450E-1,7.806558766029E-1,
-1.507482121911E1));
#6274=CARTESIAN_POINT('',(-4.309942321715E-1,7.888287516159E-1,
-1.495534418821E1));
#6275=CARTESIAN_POINT('',(-1.116681440234E0,1.089202167040E0,
-1.624123094029E1));
#6276=CARTESIAN_POINT('',(-1.127785696793E0,1.093454379235E0,
-1.616867233563E1));
#6277=CARTESIAN_POINT('',(-1.137294600832E0,1.097117269069E0,
-1.562686781837E1));
#6278=CARTESIAN_POINT('',(-4.561068693119E-1,8.358746728035E-1,
-1.564315497594E1));
#6279=CARTESIAN_POINT('',(-4.582541496468E-1,8.367280661371E-1,
-1.507482121911E1));
#6280=CARTESIAN_POINT('',(-4.835594376272E-1,8.464193450542E-1,
-1.495534418821E1));
#6281=CARTESIAN_POINT('',(-1.129757346178E0,1.158362767926E0,
-1.624123094029E1));
#6282=CARTESIAN_POINT('',(-1.140768671802E0,1.163002277281E0,
-1.616867233563E1));
#6283=CARTESIAN_POINT('',(-1.150255400112E0,1.166946594161E0,
-1.562686781837E1));
#6284=CARTESIAN_POINT('',(-4.737271328869E-1,8.828565201419E-1,
-1.564315497594E1));
#6285=CARTESIAN_POINT('',(-4.759391779822E-1,8.837124154519E-1,
-1.507482121911E1));
#6286=CARTESIAN_POINT('',(-5.010353190566E-1,8.942839961264E-1,
-1.495534418821E1));
#6287=CARTESIAN_POINT('',(-1.135295879158E0,1.200988971390E0,
-1.624123094029E1));
#6288=CARTESIAN_POINT('',(-1.146345991700E0,1.205939266088E0,
-1.616867233563E1));
#6289=CARTESIAN_POINT('',(-1.155807514325E0,1.210202564997E0,
-1.562686781837E1));
#6290=CARTESIAN_POINT('',(-4.779596698875E-1,9.060887436707E-1,
-1.564315497594E1));
#6291=CARTESIAN_POINT('',(-4.800950153882E-1,9.070809050265E-1,
-1.507482121911E1));
#6292=CARTESIAN_POINT('',(-5.052768689622E-1,9.183631515742E-1,
-1.495534418821E1));
#6293=B_SPLINE_SURFACE_WITH_KNOTS('',3,3,((#6251,#6252,#6253,#6254,#6255,#6256),
(#6257,#6258,#6259,#6260,#6261,#6262),(#6263,#6264,#6265,#6266,#6267,#6268),(
#6269,#6270,#6271,#6272,#6273,#6274),(#6275,#6276,#6277,#6278,#6279,#6280),(
#6281,#6282,#6283,#6284,#6285,#6286),(#6287,#6288,#6289,#6290,#6291,#6292)),
.UNSPECIFIED.,.F.,.F.,.F.,(4,1,1,1,4),(4,1,1,4),(-3.579740305120E-2,2.5E-1,
5.E-1,7.5E-1,1.036845045896E0),(-3.616590223813E-2,1.5E-1,1.562215341095E0,
1.848836803461E0),.UNSPECIFIED.);
#6294=ORIENTED_EDGE('',*,*,#5649,.F.);
#6296=ORIENTED_EDGE('',*,*,#6295,.T.);
#6298=ORIENTED_EDGE('',*,*,#6297,.F.);
#6300=ORIENTED_EDGE('',*,*,#6299,.F.);
#6301=ORIENTED_EDGE('',*,*,#5972,.F.);
#6302=EDGE_LOOP('',(#6294,#6296,#6298,#6300,#6301));
#6303=FACE_OUTER_BOUND('',#6302,.F.);
#6304=ADVANCED_FACE('',(#6303),#6293,.T.);
#6305=CARTESIAN_POINT('',(1.009816729168E0,8.059295926837E-1,
-1.622634441587E1));
#6306=CARTESIAN_POINT('',(1.019697367379E0,8.067177476135E-1,
-1.615999900165E1));
#6307=CARTESIAN_POINT('',(1.024907256095E0,8.071276044430E-1,
-1.562697881777E1));
#6308=CARTESIAN_POINT('',(2.921647465925E-1,7.487916180502E-1,
-1.564303530679E1));
#6309=CARTESIAN_POINT('',(2.890998687650E-1,7.485384979254E-1,
-1.508404928834E1));
#6310=CARTESIAN_POINT('',(3.128740820770E-1,7.504347237915E-1,
-1.497249965262E1));
#6311=CARTESIAN_POINT('',(9.696805634230E-1,7.314179831703E-1,
-1.622634441587E1));
#6312=CARTESIAN_POINT('',(9.795007394333E-1,7.311517182566E-1,
-1.615999900165E1));
#6313=CARTESIAN_POINT('',(9.846102368711E-1,7.310314061790E-1,
-1.562697881777E1));
#6314=CARTESIAN_POINT('',(2.577057864665E-1,7.503804544061E-1,
-1.564303530679E1));
#6315=CARTESIAN_POINT('',(2.545562176773E-1,7.504933736651E-1,
-1.508404928834E1));
#6316=CARTESIAN_POINT('',(2.781827192789E-1,7.498533566917E-1,
-1.497249965262E1));
#6317=CARTESIAN_POINT('',(8.670631209792E-1,5.797306254056E-1,
-1.622634441587E1));
#6318=CARTESIAN_POINT('',(8.762735480885E-1,5.773367123155E-1,
-1.615999900165E1));
#6319=CARTESIAN_POINT('',(8.811415993262E-1,5.760691510673E-1,
-1.562697881777E1));
#6320=CARTESIAN_POINT('',(1.978731976763E-1,7.537049985259E-1,
-1.564303530679E1));
#6321=CARTESIAN_POINT('',(1.950336572261E-1,7.544395757994E-1,
-1.508404928834E1));
#6322=CARTESIAN_POINT('',(2.171956240527E-1,7.486793098927E-1,
-1.497249965262E1));
#6323=CARTESIAN_POINT('',(6.328000653825E-1,3.758972795932E-1,
-1.622634441587E1));
#6324=CARTESIAN_POINT('',(6.398136246285E-1,3.706325058421E-1,
-1.615999900165E1));
#6325=CARTESIAN_POINT('',(6.434962779061E-1,3.678656932875E-1,
-1.562697881777E1));
#6326=CARTESIAN_POINT('',(1.236805918048E-1,7.581162486359E-1,
-1.564303530679E1));
#6327=CARTESIAN_POINT('',(1.214816885868E-1,7.597632382692E-1,
-1.508404928834E1));
#6328=CARTESIAN_POINT('',(1.383568003728E-1,7.470957478035E-1,
-1.497249965262E1));
#6329=CARTESIAN_POINT('',(3.363982173465E-1,2.362721884951E-1,
-1.622634441587E1));
#6330=CARTESIAN_POINT('',(3.402087778221E-1,2.290433501440E-1,
-1.615999900165E1));
#6331=CARTESIAN_POINT('',(3.422144940589E-1,2.252406914699E-1,
-1.562697881777E1));
#6332=CARTESIAN_POINT('',(5.969519425729E-2,7.611496870741E-1,
-1.564303530679E1));
#6333=CARTESIAN_POINT('',(5.850787142721E-2,7.634055646489E-1,
-1.508404928834E1));
#6334=CARTESIAN_POINT('',(6.767650416852E-2,7.460122494492E-1,
-1.497249965262E1));
#6335=CARTESIAN_POINT('',(1.539967823400E-7,1.859404062980E-1,
-1.622634441587E1));
#6336=CARTESIAN_POINT('',(-2.821185359214E-7,1.780030876759E-1,
-1.615999900165E1));
#6337=CARTESIAN_POINT('',(-5.300863753221E-7,1.738287488468E-1,
-1.562697881777E1));
#6338=CARTESIAN_POINT('',(3.216800855125E-5,7.622408959879E-1,
-1.564303530679E1));
#6339=CARTESIAN_POINT('',(3.227609082426E-5,7.647193897536E-1,
-1.508404928834E1));
#6340=CARTESIAN_POINT('',(3.122614910421E-5,7.456214323181E-1,
-1.497249965262E1));
#6341=CARTESIAN_POINT('',(-3.363979200001E-1,2.362721884951E-1,
-1.622634441587E1));
#6342=CARTESIAN_POINT('',(-3.402093241632E-1,2.290433501440E-1,
-1.615999900165E1));
#6343=CARTESIAN_POINT('',(-3.422154097726E-1,2.252406914699E-1,
-1.562697881777E1));
#6344=CARTESIAN_POINT('',(-5.963503474542E-2,7.611496870741E-1,
-1.564303530679E1));
#6345=CARTESIAN_POINT('',(-5.844733622887E-2,7.634055646489E-1,
-1.508404928834E1));
#6346=CARTESIAN_POINT('',(-6.761799654325E-2,7.460122494492E-1,
-1.497249965262E1));
#6347=CARTESIAN_POINT('',(-6.328001259649E-1,3.758972795932E-1,
-1.622634441587E1));
#6348=CARTESIAN_POINT('',(-6.398135097373E-1,3.706325058421E-1,
-1.615999900165E1));
#6349=CARTESIAN_POINT('',(-6.434963310091E-1,3.678656932875E-1,
-1.562697881777E1));
#6350=CARTESIAN_POINT('',(-1.236885083893E-1,7.581162486359E-1,
-1.564303530679E1));
#6351=CARTESIAN_POINT('',(-1.214900529643E-1,7.597632382692E-1,
-1.508404928834E1));
#6352=CARTESIAN_POINT('',(-1.383647510199E-1,7.470957478035E-1,
-1.497249965262E1));
#6353=CARTESIAN_POINT('',(-8.667920592834E-1,5.794942881520E-1,
-1.622634441587E1));
#6354=CARTESIAN_POINT('',(-8.759983734224E-1,5.770970464048E-1,
-1.615999900165E1));
#6355=CARTESIAN_POINT('',(-8.808632297201E-1,5.758277468299E-1,
-1.562697881777E1));
#6356=CARTESIAN_POINT('',(-1.979201288491E-1,7.537101132078E-1,
-1.564303530679E1));
#6357=CARTESIAN_POINT('',(-1.950803146554E-1,7.544457483899E-1,
-1.508404928834E1));
#6358=CARTESIAN_POINT('',(-2.172323516734E-1,7.486774738108E-1,
-1.497249965262E1));
#6359=CARTESIAN_POINT('',(-9.693280289488E-1,7.308969528302E-1,
-1.622634441587E1));
#6360=CARTESIAN_POINT('',(-9.791456837968E-1,7.306233796422E-1,
-1.615999900165E1));
#6361=CARTESIAN_POINT('',(-9.842564399615E-1,7.304991269671E-1,
-1.562697881777E1));
#6362=CARTESIAN_POINT('',(-2.574877999355E-1,7.503918737584E-1,
-1.564303530679E1));
#6363=CARTESIAN_POINT('',(-2.543429210061E-1,7.505069285016E-1,
-1.508404928834E1));
#6364=CARTESIAN_POINT('',(-2.779634406177E-1,7.498493239509E-1,
-1.497249965262E1));
#6365=CARTESIAN_POINT('',(-1.009417502232E0,8.051891702021E-1,
-1.622634441587E1));
#6366=CARTESIAN_POINT('',(-1.019297642327E0,8.059668476751E-1,
-1.615999900165E1));
#6367=CARTESIAN_POINT('',(-1.024506068866E0,8.063714350537E-1,
-1.562697881777E1));
#6368=CARTESIAN_POINT('',(-2.918242098848E-1,7.488074078649E-1,
-1.564303530679E1));
#6369=CARTESIAN_POINT('',(-2.887576753723E-1,7.485579229719E-1,
-1.508404928834E1));
#6370=CARTESIAN_POINT('',(-3.125306510827E-1,7.504289469033E-1,
-1.497249965262E1));
#6371=B_SPLINE_SURFACE_WITH_KNOTS('',3,3,((#6305,#6306,#6307,#6308,#6309,#6310),
(#6311,#6312,#6313,#6314,#6315,#6316),(#6317,#6318,#6319,#6320,#6321,#6322),(
#6323,#6324,#6325,#6326,#6327,#6328),(#6329,#6330,#6331,#6332,#6333,#6334),(
#6335,#6336,#6337,#6338,#6339,#6340),(#6341,#6342,#6343,#6344,#6345,#6346),(
#6347,#6348,#6349,#6350,#6351,#6352),(#6353,#6354,#6355,#6356,#6357,#6358),(
#6359,#6360,#6361,#6362,#6363,#6364),(#6365,#6366,#6367,#6368,#6369,#6370)),
.UNSPECIFIED.,.F.,.F.,.F.,(4,1,1,1,1,1,1,1,4),(4,1,1,4),(-9.679598637423E-3,
1.25E-1,2.5E-1,3.75E-1,5.E-1,6.25E-1,7.5E-1,8.75E-1,1.009233576817E0),(
-2.331932960297E-2,1.5E-1,1.562215341095E0,1.834986831098E0),.UNSPECIFIED.);
#6372=ORIENTED_EDGE('',*,*,#5647,.F.);
#6373=ORIENTED_EDGE('',*,*,#5708,.T.);
#6375=ORIENTED_EDGE('',*,*,#6374,.F.);
#6377=ORIENTED_EDGE('',*,*,#6376,.F.);
#6379=ORIENTED_EDGE('',*,*,#6378,.F.);
#6380=ORIENTED_EDGE('',*,*,#6295,.F.);
#6381=EDGE_LOOP('',(#6372,#6373,#6375,#6377,#6379,#6380));
#6382=FACE_OUTER_BOUND('',#6381,.F.);
#6383=ADVANCED_FACE('',(#6382),#6371,.T.);
#6384=CARTESIAN_POINT('',(3.E-1,7.5E-1,-1.5E1));
#6385=DIRECTION('',(0.E0,1.E0,0.E0));
#6386=DIRECTION('',(-1.E0,0.E0,0.E0));
#6387=AXIS2_PLACEMENT_3D('',#6384,#6385,#6386);
#6388=PLANE('',#6387);
#6389=ORIENTED_EDGE('',*,*,#6378,.T.);
#6390=ORIENTED_EDGE('',*,*,#6376,.T.);
#6391=ORIENTED_EDGE('',*,*,#6374,.T.);
#6392=ORIENTED_EDGE('',*,*,#5723,.T.);
#6394=ORIENTED_EDGE('',*,*,#6393,.T.);
#6396=ORIENTED_EDGE('',*,*,#6395,.F.);
#6397=EDGE_LOOP('',(#6389,#6390,#6391,#6392,#6394,#6396));
#6398=FACE_OUTER_BOUND('',#6397,.F.);
#6399=ADVANCED_FACE('',(#6398),#6388,.T.);
#6400=CARTESIAN_POINT('',(-1.574938712107E-1,7.690169546538E-1,-1.1776E1));
#6401=CARTESIAN_POINT('',(-2.098841116123E-1,7.625536759479E-1,-1.2192E1));
#6402=CARTESIAN_POINT('',(-2.622743520139E-1,7.560903972421E-1,-1.2608E1));
#6403=CARTESIAN_POINT('',(-3.146645924154E-1,7.496271185362E-1,-1.3024E1));
#6404=CARTESIAN_POINT('',(-1.539314222512E-1,7.681661306410E-1,-1.1776E1));
#6405=CARTESIAN_POINT('',(-2.062468955553E-1,7.619920208806E-1,-1.2192E1));
#6406=CARTESIAN_POINT('',(-2.585623688594E-1,7.558179111203E-1,-1.2608E1));
#6407=CARTESIAN_POINT('',(-3.108778421635E-1,7.496438013600E-1,-1.3024E1));
#6408=CARTESIAN_POINT('',(-1.172977834184E-1,7.596834794733E-1,-1.1776E1));
#6409=CARTESIAN_POINT('',(-1.682407888984E-1,7.563923622667E-1,-1.2192E1));
#6410=CARTESIAN_POINT('',(-2.191837943783E-1,7.531012450601E-1,-1.2608E1));
#6411=CARTESIAN_POINT('',(-2.701267998582E-1,7.498101278535E-1,-1.3024E1));
#6412=CARTESIAN_POINT('',(-6.053727018611E-2,7.516310787111E-1,-1.1776E1));
#6413=CARTESIAN_POINT('',(-9.769220495277E-2,7.510767251622E-1,-1.2192E1));
#6414=CARTESIAN_POINT('',(-1.348471397194E-1,7.505223716134E-1,-1.2608E1));
#6415=CARTESIAN_POINT('',(-1.720020744861E-1,7.499680180645E-1,-1.3024E1));
#6416=CARTESIAN_POINT('',(4.044238565288E-3,7.490269516953E-1,-1.1776E1));
#6417=CARTESIAN_POINT('',(1.130024372891E-3,7.493576609231E-1,-1.2192E1));
#6418=CARTESIAN_POINT('',(-1.784189819506E-3,7.496883701508E-1,-1.2608E1));
#6419=CARTESIAN_POINT('',(-4.698404011903E-3,7.500190793785E-1,-1.3024E1));
#6420=CARTESIAN_POINT('',(6.668177465181E-2,7.523166817263E-1,-1.1776E1));
#6421=CARTESIAN_POINT('',(9.937960919743E-2,7.515293127736E-1,-1.2192E1));
#6422=CARTESIAN_POINT('',(1.320774437431E-1,7.507419438208E-1,-1.2608E1));
#6423=CARTESIAN_POINT('',(1.647752782887E-1,7.499545748681E-1,-1.3024E1));
#6424=CARTESIAN_POINT('',(1.197560933174E-1,7.602230838394E-1,-1.1776E1));
#6425=CARTESIAN_POINT('',(1.691937299548E-1,7.567485716848E-1,-1.2192E1));
#6426=CARTESIAN_POINT('',(2.186313665923E-1,7.532740595303E-1,-1.2608E1));
#6427=CARTESIAN_POINT('',(2.680690032297E-1,7.497995473757E-1,-1.3024E1));
#6428=CARTESIAN_POINT('',(1.541900593605E-1,7.682317066144E-1,-1.1776E1));
#6429=CARTESIAN_POINT('',(2.069524524905E-1,7.620353095951E-1,-1.2192E1));
#6430=CARTESIAN_POINT('',(2.597148456205E-1,7.558389125758E-1,-1.2608E1));
#6431=CARTESIAN_POINT('',(3.124772387505E-1,7.496425155566E-1,-1.3024E1));
#6432=CARTESIAN_POINT('',(1.578971392370E-1,7.691216433275E-1,-1.1776E1));
#6433=CARTESIAN_POINT('',(2.109448520812E-1,7.626227841574E-1,-1.2192E1));
#6434=CARTESIAN_POINT('',(2.639925649255E-1,7.561239249872E-1,-1.2608E1));
#6435=CARTESIAN_POINT('',(3.170402777697E-1,7.496250658171E-1,-1.3024E1));
#6436=B_SPLINE_SURFACE_WITH_KNOTS('',3,3,((#6400,#6401,#6402,#6403),(#6404,
#6405,#6406,#6407),(#6408,#6409,#6410,#6411),(#6412,#6413,#6414,#6415),(#6416,
#6417,#6418,#6419),(#6420,#6421,#6422,#6423),(#6424,#6425,#6426,#6427),(#6428,
#6429,#6430,#6431),(#6432,#6433,#6434,#6435)),.UNSPECIFIED.,.F.,.F.,.F.,(4,1,1,
1,1,1,4),(4,4),(-2.638177625250E-2,0.E0,2.5E-1,5.E-1,7.5E-1,1.E0,
1.029466993617E0),(-2.E-2,1.02E0),.UNSPECIFIED.);
#6437=ORIENTED_EDGE('',*,*,#6393,.F.);
#6438=ORIENTED_EDGE('',*,*,#5771,.F.);
#6440=ORIENTED_EDGE('',*,*,#6439,.F.);
#6442=ORIENTED_EDGE('',*,*,#6441,.T.);
#6443=EDGE_LOOP('',(#6437,#6438,#6440,#6442));
#6444=FACE_OUTER_BOUND('',#6443,.F.);
#6445=ADVANCED_FACE('',(#6444),#6436,.T.);
#6446=CARTESIAN_POINT('',(0.E0,1.45E0,-1.18E1));
#6447=DIRECTION('',(0.E0,0.E0,-1.E0));
#6448=DIRECTION('',(-1.E0,0.E0,0.E0));
#6449=AXIS2_PLACEMENT_3D('',#6446,#6447,#6448);
#6450=PLANE('',#6449);
#6452=ORIENTED_EDGE('',*,*,#6451,.F.);
#6454=ORIENTED_EDGE('',*,*,#6453,.F.);
#6456=ORIENTED_EDGE('',*,*,#6455,.F.);
#6458=ORIENTED_EDGE('',*,*,#6457,.T.);
#6459=ORIENTED_EDGE('',*,*,#6439,.T.);
#6460=ORIENTED_EDGE('',*,*,#5769,.T.);
#6461=EDGE_LOOP('',(#6452,#6454,#6456,#6458,#6459,#6460));
#6462=FACE_OUTER_BOUND('',#6461,.F.);
#6463=ADVANCED_FACE('',(#6462),#6450,.F.);
#6464=CARTESIAN_POINT('',(1.145947402909E-1,7.570275507979E-1,
-1.127919907652E1));
#6465=CARTESIAN_POINT('',(1.726745986256E-1,7.879250927489E-1,
-1.145973302551E1));
#6466=CARTESIAN_POINT('',(2.307544569604E-1,8.188226346998E-1,
-1.164026697449E1));
#6467=CARTESIAN_POINT('',(2.888343152951E-1,8.497201766508E-1,
-1.182080092348E1));
#6468=CARTESIAN_POINT('',(1.079147518661E-1,7.565142694766E-1,
-1.127919907652E1));
#6469=CARTESIAN_POINT('',(1.625446191815E-1,7.810600366108E-1,
-1.145973302551E1));
#6470=CARTESIAN_POINT('',(2.171744864969E-1,8.056058037449E-1,
-1.164026697449E1));
#6471=CARTESIAN_POINT('',(2.718043538122E-1,8.301515708791E-1,
-1.182080092348E1));
#6472=CARTESIAN_POINT('',(7.003016509165E-2,7.542534097127E-1,
-1.127919907652E1));
#6473=CARTESIAN_POINT('',(1.051913504120E-1,7.426609931872E-1,
-1.145973302551E1));
#6474=CARTESIAN_POINT('',(1.403525357324E-1,7.310685766616E-1,
-1.164026697449E1));
#6475=CARTESIAN_POINT('',(1.755137210528E-1,7.194761601360E-1,
-1.182080092348E1));
#6476=CARTESIAN_POINT('',(2.482547524441E-2,7.558919952430E-1,
-1.127919907652E1));
#6477=CARTESIAN_POINT('',(3.728988121462E-2,7.002799628886E-1,
-1.145973302551E1));
#6478=CARTESIAN_POINT('',(4.975428718483E-2,6.446679305342E-1,
-1.164026697449E1));
#6479=CARTESIAN_POINT('',(6.221869315504E-2,5.890558981798E-1,
-1.182080092348E1));
#6480=CARTESIAN_POINT('',(-1.358640297499E-2,7.609753578862E-1,
-1.127919907652E1));
#6481=CARTESIAN_POINT('',(-2.040789513258E-2,6.666792910227E-1,
-1.145973302551E1));
#6482=CARTESIAN_POINT('',(-2.722938729018E-2,5.723832241592E-1,
-1.164026697449E1));
#6483=CARTESIAN_POINT('',(-3.405087944778E-2,4.780871572957E-1,
-1.182080092348E1));
#6484=CARTESIAN_POINT('',(-2.037605492331E-2,7.619894924074E-1,
-1.127919907652E1));
#6485=CARTESIAN_POINT('',(-3.060952359593E-2,6.608121769851E-1,
-1.145973302551E1));
#6486=CARTESIAN_POINT('',(-4.084299226856E-2,5.596348615628E-1,
-1.164026697449E1));
#6487=CARTESIAN_POINT('',(-5.107646094118E-2,4.584575461405E-1,
-1.182080092348E1));
#6488=B_SPLINE_SURFACE_WITH_KNOTS('',3,3,((#6464,#6465,#6466,#6467),(#6468,
#6469,#6470,#6471),(#6472,#6473,#6474,#6475),(#6476,#6477,#6478,#6479),(#6480,
#6481,#6482,#6483),(#6484,#6485,#6486,#6487)),.UNSPECIFIED.,.F.,.F.,.F.,(4,1,1,
4),(4,4),(-2.148479496286E-1,0.E0,1.E0,1.214847949629E0),(-4.160184695607E-2,
1.041601846956E0),.UNSPECIFIED.);
#6489=ORIENTED_EDGE('',*,*,#6451,.T.);
#6490=ORIENTED_EDGE('',*,*,#4506,.F.);
#6491=ORIENTED_EDGE('',*,*,#3381,.T.);
#6492=ORIENTED_EDGE('',*,*,#3379,.T.);
#6494=ORIENTED_EDGE('',*,*,#6493,.F.);
#6495=EDGE_LOOP('',(#6489,#6490,#6491,#6492,#6494));
#6496=FACE_OUTER_BOUND('',#6495,.F.);
#6497=ADVANCED_FACE('',(#6496),#6488,.F.);
#6498=CARTESIAN_POINT('',(-4.717709359432E-2,5.775688844030E-1,
-1.182291159747E1));
#6499=CARTESIAN_POINT('',(-4.735705896683E-2,5.894481705181E-1,
-1.179547307133E1));
#6500=CARTESIAN_POINT('',(-4.775619887579E-2,6.137830297847E-1,
-1.173927538140E1));
#6501=CARTESIAN_POINT('',(-4.844900222760E-2,6.497374211185E-1,
-1.165658106591E1));
#6502=CARTESIAN_POINT('',(-4.920382907735E-2,6.847925735363E-1,
-1.157702398192E1));
#6503=CARTESIAN_POINT('',(-4.987635602591E-2,7.179461156033E-1,
-1.150410794081E1));
#6504=CARTESIAN_POINT('',(-5.015436396504E-2,7.500215064640E-1,
-1.143799739544E1));
#6505=CARTESIAN_POINT('',(-4.924124303704E-2,7.821651761346E-1,
-1.137949578545E1));
#6506=CARTESIAN_POINT('',(-4.637306443491E-2,8.071685485397E-1,
-1.134205633682E1));
#6507=CARTESIAN_POINT('',(-4.359673637021E-2,8.207364927176E-1,
-1.132433533234E1));
#6508=CARTESIAN_POINT('',(-4.314295708431E-2,8.228142191867E-1,
-1.132168177811E1));
#6509=CARTESIAN_POINT('',(-2.819381626634E-2,5.275872621387E-1,
-1.180228198692E1));
#6510=CARTESIAN_POINT('',(-2.896087185223E-2,5.392452149714E-1,
-1.177483907335E1));
#6511=CARTESIAN_POINT('',(-3.072342171404E-2,5.630874757020E-1,
-1.171863670963E1));
#6512=CARTESIAN_POINT('',(-3.415460973851E-2,5.981803881569E-1,
-1.163595499658E1));
#6513=CARTESIAN_POINT('',(-3.870024173513E-2,6.322900820601E-1,
-1.155643530651E1));
#6514=CARTESIAN_POINT('',(-4.455056533476E-2,6.645978761316E-1,
-1.148356895725E1));
#6515=CARTESIAN_POINT('',(-5.206579263526E-2,6.963237778509E-1,
-1.141747845483E1));
#6516=CARTESIAN_POINT('',(-6.138453838648E-2,7.296363976753E-1,
-1.135885779559E1));
#6517=CARTESIAN_POINT('',(-6.867199587687E-2,7.582478324205E-1,
-1.132123144310E1));
#6518=CARTESIAN_POINT('',(-7.166744770396E-2,7.752780267449E-1,
-1.130359397278E1));
#6519=CARTESIAN_POINT('',(-7.210339356744E-2,7.779220403431E-1,
-1.130095963103E1));
#6520=CARTESIAN_POINT('',(2.911210610707E-2,5.279325061011E-1,
-1.180242448020E1));
#6521=CARTESIAN_POINT('',(2.834924989236E-2,5.390154894248E-1,
-1.177474363620E1));
#6522=CARTESIAN_POINT('',(2.657607870516E-2,5.615268161515E-1,
-1.171799653097E1));
#6523=CARTESIAN_POINT('',(2.300556411036E-2,5.939729222687E-1,
-1.163426383818E1));
#6524=CARTESIAN_POINT('',(1.804569143715E-2,6.244725909208E-1,
-1.155335917716E1));
#6525=CARTESIAN_POINT('',(1.124101470699E-2,6.519586501224E-1,
-1.147869168264E1));
#6526=CARTESIAN_POINT('',(1.674306185670E-3,6.771766642655E-1,
-1.141016400094E1));
#6527=CARTESIAN_POINT('',(-1.196052154229E-2,7.018485258222E-1,
-1.134801498904E1));
#6528=CARTESIAN_POINT('',(-2.565833385477E-2,7.228729513359E-1,
-1.130633499424E1));
#6529=CARTESIAN_POINT('',(-3.353939990466E-2,7.363474382961E-1,
-1.128583593744E1));
#6530=CARTESIAN_POINT('',(-3.475643813047E-2,7.384634235103E-1,
-1.128274494439E1));
#6531=CARTESIAN_POINT('',(4.738897325336E-2,5.781386049881E-1,
-1.182314673947E1));
#6532=CARTESIAN_POINT('',(4.721593767095E-2,5.890690780876E-1,
-1.179531558121E1));
#6533=CARTESIAN_POINT('',(4.679927048166E-2,6.112076339222E-1,
-1.173821896043E1));
#6534=CARTESIAN_POINT('',(4.587655082770E-2,6.427942731162E-1,
-1.165379032122E1));
#6535=CARTESIAN_POINT('',(4.443814521522E-2,6.718921723379E-1,
-1.157194776219E1));
#6536=CARTESIAN_POINT('',(4.219074749939E-2,6.970889015112E-1,
-1.149605947641E1));
#6537=CARTESIAN_POINT('',(3.852739120130E-2,7.184249951740E-1,
-1.142592710484E1));
#6538=CARTESIAN_POINT('',(3.231812617287E-2,7.363097106193E-1,
-1.136160301754E1));
#6539=CARTESIAN_POINT('',(2.460795584498E-2,7.487930224015E-1,
-1.131747426013E1));
#6540=CARTESIAN_POINT('',(1.932205749311E-2,7.564933486028E-1,
-1.129503107395E1));
#6541=CARTESIAN_POINT('',(1.848688042875E-2,7.576997241644E-1,
-1.129162395505E1));
#6542=(BOUNDED_SURFACE()B_SPLINE_SURFACE(3,3,((#6498,#6499,#6500,#6501,#6502,
#6503,#6504,#6505,#6506,#6507,#6508),(#6509,#6510,#6511,#6512,#6513,#6514,#6515,
#6516,#6517,#6518,#6519),(#6520,#6521,#6522,#6523,#6524,#6525,#6526,#6527,#6528,
#6529,#6530),(#6531,#6532,#6533,#6534,#6535,#6536,#6537,#6538,#6539,#6540,
#6541)),.UNSPECIFIED.,.F.,.F.,.F.)B_SPLINE_SURFACE_WITH_KNOTS((4,4),(4,1,1,1,1,
1,1,1,4),(0.E0,1.E0),(2.142706815739E-2,1.808151454075E-1,3.478510720875E-1,
5.019003764915E-1,6.437869655896E-1,7.740809014671E-1,8.927979144743E-1,1.E0,
1.019235732854E0),.UNSPECIFIED.)GEOMETRIC_REPRESENTATION_ITEM()RATIONAL_B_SPLINE_SURFACE(((1.509321703556E0,1.509321703556E0,1.509321703556E0,1.509321703556E0,
1.509321703556E0,1.509321703556E0,1.509321703556E0,1.509321703556E0,
1.509321703556E0,1.509321703556E0,1.509321703556E0),(8.302260988145E-1,
8.302260988145E-1,8.302260988145E-1,8.302260988145E-1,8.302260988145E-1,
8.302260988145E-1,8.302260988145E-1,8.302260988145E-1,8.302260988145E-1,
8.302260988145E-1,8.302260988145E-1),(8.302260988145E-1,8.302260988145E-1,
8.302260988145E-1,8.302260988145E-1,8.302260988145E-1,8.302260988145E-1,
8.302260988145E-1,8.302260988145E-1,8.302260988145E-1,8.302260988145E-1,
8.302260988145E-1),(1.509321703556E0,1.509321703556E0,1.509321703556E0,
1.509321703556E0,1.509321703556E0,1.509321703556E0,1.509321703556E0,
1.509321703556E0,1.509321703556E0,1.509321703556E0,1.509321703556E0)))REPRESENTATION_ITEM('')SURFACE());
#6543=ORIENTED_EDGE('',*,*,#6453,.T.);
#6544=ORIENTED_EDGE('',*,*,#6493,.T.);
#6546=ORIENTED_EDGE('',*,*,#6545,.F.);
#6547=EDGE_LOOP('',(#6543,#6544,#6546));
#6548=FACE_OUTER_BOUND('',#6547,.F.);
#6549=ADVANCED_FACE('',(#6548),#6542,.F.);
#6550=CARTESIAN_POINT('',(2.037605492331E-2,7.619894924074E-1,
-1.127919907652E1));
#6551=CARTESIAN_POINT('',(3.060952359593E-2,6.608121769851E-1,
-1.145973302551E1));
#6552=CARTESIAN_POINT('',(4.084299226856E-2,5.596348615628E-1,
-1.164026697449E1));
#6553=CARTESIAN_POINT('',(5.107646094118E-2,4.584575461405E-1,
-1.182080092348E1));
#6554=CARTESIAN_POINT('',(1.358640297499E-2,7.609753578862E-1,
-1.127919907652E1));
#6555=CARTESIAN_POINT('',(2.040789513258E-2,6.666792910227E-1,
-1.145973302551E1));
#6556=CARTESIAN_POINT('',(2.722938729018E-2,5.723832241592E-1,
-1.164026697449E1));
#6557=CARTESIAN_POINT('',(3.405087944778E-2,4.780871572957E-1,
-1.182080092348E1));
#6558=CARTESIAN_POINT('',(-2.482547524441E-2,7.558919952430E-1,
-1.127919907652E1));
#6559=CARTESIAN_POINT('',(-3.728988121462E-2,7.002799628886E-1,
-1.145973302551E1));
#6560=CARTESIAN_POINT('',(-4.975428718483E-2,6.446679305342E-1,
-1.164026697449E1));
#6561=CARTESIAN_POINT('',(-6.221869315504E-2,5.890558981798E-1,
-1.182080092348E1));
#6562=CARTESIAN_POINT('',(-7.003016509165E-2,7.542534097127E-1,
-1.127919907652E1));
#6563=CARTESIAN_POINT('',(-1.051913504120E-1,7.426609931872E-1,
-1.145973302551E1));
#6564=CARTESIAN_POINT('',(-1.403525357324E-1,7.310685766616E-1,
-1.164026697449E1));
#6565=CARTESIAN_POINT('',(-1.755137210528E-1,7.194761601360E-1,
-1.182080092348E1));
#6566=CARTESIAN_POINT('',(-1.079147518661E-1,7.565142694766E-1,
-1.127919907652E1));
#6567=CARTESIAN_POINT('',(-1.625446191815E-1,7.810600366108E-1,
-1.145973302551E1));
#6568=CARTESIAN_POINT('',(-2.171744864969E-1,8.056058037449E-1,
-1.164026697449E1));
#6569=CARTESIAN_POINT('',(-2.718043538122E-1,8.301515708791E-1,
-1.182080092348E1));
#6570=CARTESIAN_POINT('',(-1.145947402909E-1,7.570275507979E-1,
-1.127919907652E1));
#6571=CARTESIAN_POINT('',(-1.726745986256E-1,7.879250927489E-1,
-1.145973302551E1));
#6572=CARTESIAN_POINT('',(-2.307544569604E-1,8.188226346998E-1,
-1.164026697449E1));
#6573=CARTESIAN_POINT('',(-2.888343152951E-1,8.497201766508E-1,
-1.182080092348E1));
#6574=B_SPLINE_SURFACE_WITH_KNOTS('',3,3,((#6550,#6551,#6552,#6553),(#6554,
#6555,#6556,#6557),(#6558,#6559,#6560,#6561),(#6562,#6563,#6564,#6565),(#6566,
#6567,#6568,#6569),(#6570,#6571,#6572,#6573)),.UNSPECIFIED.,.F.,.F.,.F.,(4,1,1,
4),(4,4),(-2.148479496286E-1,0.E0,1.E0,1.214847949629E0),(-4.160184695608E-2,
1.041601846956E0),.UNSPECIFIED.);
#6575=ORIENTED_EDGE('',*,*,#6455,.T.);
#6576=ORIENTED_EDGE('',*,*,#6545,.T.);
#6577=ORIENTED_EDGE('',*,*,#3837,.T.);
#6578=ORIENTED_EDGE('',*,*,#3835,.T.);
#6580=ORIENTED_EDGE('',*,*,#6579,.T.);
#6581=EDGE_LOOP('',(#6575,#6576,#6577,#6578,#6580));
#6582=FACE_OUTER_BOUND('',#6581,.F.);
#6583=ADVANCED_FACE('',(#6582),#6574,.F.);
#6584=CARTESIAN_POINT('',(-6.690677275214E-2,7.525774775509E-1,
-1.127919907652E1));
#6585=CARTESIAN_POINT('',(-1.173679283405E-1,7.631058435344E-1,
-1.146060852072E1));
#6586=CARTESIAN_POINT('',(-1.678290839289E-1,7.736342095179E-1,
-1.164201796493E1));
#6587=CARTESIAN_POINT('',(-2.182902395172E-1,7.841625755014E-1,
-1.182342740913E1));
#6588=CARTESIAN_POINT('',(-7.612447646372E-2,7.534791374831E-1,
-1.127919907652E1));
#6589=CARTESIAN_POINT('',(-1.257638403214E-1,7.644517148329E-1,
-1.146060852072E1));
#6590=CARTESIAN_POINT('',(-1.754032041791E-1,7.754242921828E-1,
-1.164201796493E1));
#6591=CARTESIAN_POINT('',(-2.250425680367E-1,7.863968695326E-1,
-1.182342740913E1));
#6592=CARTESIAN_POINT('',(-1.910826271287E-1,7.670074419541E-1,
-1.127919907652E1));
#6593=CARTESIAN_POINT('',(-2.303853874937E-1,7.832010693821E-1,
-1.146060852072E1));
#6594=CARTESIAN_POINT('',(-2.696881478586E-1,7.993946968101E-1,
-1.164201796493E1));
#6595=CARTESIAN_POINT('',(-3.089909082235E-1,8.155883242381E-1,
-1.182342740913E1));
#6596=CARTESIAN_POINT('',(-4.039981206521E-1,8.482644582604E-1,
-1.127919907652E1));
#6597=CARTESIAN_POINT('',(-4.222818488463E-1,8.662591797823E-1,
-1.146060852072E1));
#6598=CARTESIAN_POINT('',(-4.405655770406E-1,8.842539013041E-1,
-1.164201796493E1));
#6599=CARTESIAN_POINT('',(-4.588493052349E-1,9.022486228260E-1,
-1.182342740914E1));
#6600=CARTESIAN_POINT('',(-6.275478123525E-1,1.087685101609E0,
-1.127919907652E1));
#6601=CARTESIAN_POINT('',(-6.245873857727E-1,1.089394304692E0,
-1.146060852072E1));
#6602=CARTESIAN_POINT('',(-6.216269591928E-1,1.091103507775E0,
-1.164201796493E1));
#6603=CARTESIAN_POINT('',(-6.186665326129E-1,1.092812710857E0,
-1.182342740913E1));
#6604=CARTESIAN_POINT('',(-7.231173258325E-1,1.400995135304E0,
-1.127919907652E1));
#6605=CARTESIAN_POINT('',(-7.166753039577E-1,1.376163601451E0,
-1.146060852072E1));
#6606=CARTESIAN_POINT('',(-7.102332820829E-1,1.351332067598E0,
-1.164201796493E1));
#6607=CARTESIAN_POINT('',(-7.037912602080E-1,1.326500533745E0,
-1.182342740913E1));
#6608=CARTESIAN_POINT('',(-6.870302194279E-1,1.626013869708E0,
-1.127919907652E1));
#6609=CARTESIAN_POINT('',(-6.926575068783E-1,1.583879867079E0,
-1.146060852072E1));
#6610=CARTESIAN_POINT('',(-6.982847943286E-1,1.541745864450E0,
-1.164201796493E1));
#6611=CARTESIAN_POINT('',(-7.039120817790E-1,1.499611861821E0,
-1.182342740914E1));
#6612=CARTESIAN_POINT('',(-6.412669994373E-1,1.732334700791E0,
-1.127919907652E1));
#6613=CARTESIAN_POINT('',(-6.565841506362E-1,1.683859461988E0,
-1.146060852072E1));
#6614=CARTESIAN_POINT('',(-6.719013018351E-1,1.635384223184E0,
-1.164201796493E1));
#6615=CARTESIAN_POINT('',(-6.872184530340E-1,1.586908984381E0,
-1.182342740913E1));
#6616=CARTESIAN_POINT('',(-6.374390079885E-1,1.740768296336E0,
-1.127919907652E1));
#6617=CARTESIAN_POINT('',(-6.535517533806E-1,1.691803470700E0,
-1.146060852072E1));
#6618=CARTESIAN_POINT('',(-6.696644987727E-1,1.642838645065E0,
-1.164201796493E1));
#6619=CARTESIAN_POINT('',(-6.857772441648E-1,1.593873819429E0,
-1.182342740913E1));
#6620=B_SPLINE_SURFACE_WITH_KNOTS('',3,3,((#6584,#6585,#6586,#6587),(#6588,
#6589,#6590,#6591),(#6592,#6593,#6594,#6595),(#6596,#6597,#6598,#6599),(#6600,
#6601,#6602,#6603),(#6604,#6605,#6606,#6607),(#6608,#6609,#6610,#6611),(#6612,
#6613,#6614,#6615),(#6616,#6617,#6618,#6619)),.UNSPECIFIED.,.F.,.F.,.F.,(4,1,1,
1,1,1,4),(4,4),(-2.174761366691E-2,0.E0,2.5E-1,5.E-1,7.5E-1,1.E0,
1.021747613667E0),(-4.160184696137E-2,1.046854818270E0),.UNSPECIFIED.);
#6621=ORIENTED_EDGE('',*,*,#4585,.T.);
#6622=ORIENTED_EDGE('',*,*,#5416,.T.);
#6623=ORIENTED_EDGE('',*,*,#5913,.T.);
#6624=ORIENTED_EDGE('',*,*,#5911,.T.);
#6626=ORIENTED_EDGE('',*,*,#6625,.T.);
#6627=ORIENTED_EDGE('',*,*,#6579,.F.);
#6628=ORIENTED_EDGE('',*,*,#3833,.T.);
#6630=ORIENTED_EDGE('',*,*,#6629,.T.);
#6631=EDGE_LOOP('',(#6621,#6622,#6623,#6624,#6626,#6627,#6628,#6630));
#6632=FACE_OUTER_BOUND('',#6631,.F.);
#6633=ADVANCED_FACE('',(#6632),#6620,.F.);
#6634=CARTESIAN_POINT('',(-5.146549366899E-1,9.763384286493E-1,
-1.177589038242E1));
#6635=CARTESIAN_POINT('',(-5.086815446040E-1,9.557902326831E-1,
-1.219200572807E1));
#6636=CARTESIAN_POINT('',(-5.027081525182E-1,9.352420367169E-1,
-1.260812107372E1));
#6637=CARTESIAN_POINT('',(-4.967347604323E-1,9.146938407507E-1,
-1.302423641937E1));
#6638=CARTESIAN_POINT('',(-5.132219403497E-1,9.748439479669E-1,
-1.177589038242E1));
#6639=CARTESIAN_POINT('',(-5.075187780766E-1,9.535702564631E-1,
-1.219200572807E1));
#6640=CARTESIAN_POINT('',(-5.018156158034E-1,9.322965649593E-1,
-1.260812107372E1));
#6641=CARTESIAN_POINT('',(-4.961124535302E-1,9.110228734556E-1,
-1.302423641937E1));
#6642=CARTESIAN_POINT('',(-5.042633626636E-1,9.655509491667E-1,
-1.177589038242E1));
#6643=CARTESIAN_POINT('',(-5.001540000206E-1,9.402906444316E-1,
-1.219200572807E1));
#6644=CARTESIAN_POINT('',(-4.960446373775E-1,9.150303396964E-1,
-1.260812107372E1));
#6645=CARTESIAN_POINT('',(-4.919352747345E-1,8.897700349613E-1,
-1.302423641937E1));
#6646=CARTESIAN_POINT('',(-4.834804896441E-1,9.447567014956E-1,
-1.177589038242E1));
#6647=CARTESIAN_POINT('',(-4.822605991799E-1,9.157437029369E-1,
-1.219200572807E1));
#6648=CARTESIAN_POINT('',(-4.810407087157E-1,8.867307043782E-1,
-1.260812107372E1));
#6649=CARTESIAN_POINT('',(-4.798208182516E-1,8.577177058196E-1,
-1.302423641937E1));
#6650=CARTESIAN_POINT('',(-4.336962528046E-1,9.004666348079E-1,
-1.177589038242E1));
#6651=CARTESIAN_POINT('',(-4.402742464633E-1,8.723843342290E-1,
-1.219200572807E1));
#6652=CARTESIAN_POINT('',(-4.468522401219E-1,8.443020336501E-1,
-1.260812107372E1));
#6653=CARTESIAN_POINT('',(-4.534302337805E-1,8.162197330713E-1,
-1.302423641937E1));
#6654=CARTESIAN_POINT('',(-3.513398464044E-1,8.421161102732E-1,
-1.177589038242E1));
#6655=CARTESIAN_POINT('',(-3.743543796275E-1,8.233276262236E-1,
-1.219200572807E1));
#6656=CARTESIAN_POINT('',(-3.973689128507E-1,8.045391421739E-1,
-1.260812107372E1));
#6657=CARTESIAN_POINT('',(-4.203834460739E-1,7.857506581243E-1,
-1.302423641937E1));
#6658=CARTESIAN_POINT('',(-2.385715000464E-1,7.900715424586E-1,
-1.177589038242E1));
#6659=CARTESIAN_POINT('',(-2.848810004588E-1,7.804432961452E-1,
-1.219200572807E1));
#6660=CARTESIAN_POINT('',(-3.311905008712E-1,7.708150498318E-1,
-1.260812107372E1));
#6661=CARTESIAN_POINT('',(-3.775000012835E-1,7.611868035184E-1,
-1.302423641937E1));
#6662=CARTESIAN_POINT('',(-1.685717134681E-1,7.712504508905E-1,
-1.177589038242E1));
#6663=CARTESIAN_POINT('',(-2.224074490080E-1,7.637780384490E-1,
-1.219200572807E1));
#6664=CARTESIAN_POINT('',(-2.762431845478E-1,7.563056260076E-1,
-1.260812107372E1));
#6665=CARTESIAN_POINT('',(-3.300789200877E-1,7.488332135662E-1,
-1.302423641937E1));
#6666=CARTESIAN_POINT('',(-1.406999656062E-1,7.651984666359E-1,
-1.177589038242E1));
#6667=CARTESIAN_POINT('',(-1.922942499196E-1,7.600629774840E-1,
-1.219200572807E1));
#6668=CARTESIAN_POINT('',(-2.438885342330E-1,7.549274883320E-1,
-1.260812107372E1));
#6669=CARTESIAN_POINT('',(-2.954828185463E-1,7.497919991801E-1,
-1.302423641937E1));
#6670=CARTESIAN_POINT('',(-1.377352433117E-1,7.645739309856E-1,
-1.177589038242E1));
#6671=CARTESIAN_POINT('',(-1.889994912828E-1,7.597157260381E-1,
-1.219200572807E1));
#6672=CARTESIAN_POINT('',(-2.402637392539E-1,7.548575210906E-1,
-1.260812107372E1));
#6673=CARTESIAN_POINT('',(-2.915279872250E-1,7.499993161431E-1,
-1.302423641937E1));
#6674=B_SPLINE_SURFACE_WITH_KNOTS('',3,3,((#6634,#6635,#6636,#6637),(#6638,
#6639,#6640,#6641),(#6642,#6643,#6644,#6645),(#6646,#6647,#6648,#6649),(#6650,
#6651,#6652,#6653),(#6654,#6655,#6656,#6657),(#6658,#6659,#6660,#6661),(#6662,
#6663,#6664,#6665),(#6666,#6667,#6668,#6669),(#6670,#6671,#6672,#6673)),
.UNSPECIFIED.,.F.,.F.,.F.,(4,1,1,1,1,1,1,4),(4,4),(-2.516141231892E-2,0.E0,
1.25E-1,2.5E-1,5.E-1,7.5E-1,1.E0,1.031136571429E0),(-2.009134798738E-2,
1.020197016142E0),.UNSPECIFIED.);
#6676=ORIENTED_EDGE('',*,*,#6675,.F.);
#6677=ORIENTED_EDGE('',*,*,#6441,.F.);
#6678=ORIENTED_EDGE('',*,*,#6457,.F.);
#6679=ORIENTED_EDGE('',*,*,#6625,.F.);
#6680=ORIENTED_EDGE('',*,*,#5909,.T.);
#6681=EDGE_LOOP('',(#6676,#6677,#6678,#6679,#6680));
#6682=FACE_OUTER_BOUND('',#6681,.F.);
#6683=ADVANCED_FACE('',(#6682),#6674,.T.);
#6684=CARTESIAN_POINT('',(-3.E-1,9.5E-1,-1.5E1));
#6685=DIRECTION('',(0.E0,0.E0,1.E0));
#6686=DIRECTION('',(1.E0,0.E0,0.E0));
#6687=AXIS2_PLACEMENT_3D('',#6684,#6685,#6686);
#6688=CYLINDRICAL_SURFACE('',#6687,2.E-1);
#6689=ORIENTED_EDGE('',*,*,#6299,.T.);
#6690=ORIENTED_EDGE('',*,*,#6297,.T.);
#6691=ORIENTED_EDGE('',*,*,#6395,.T.);
#6692=ORIENTED_EDGE('',*,*,#6675,.T.);
#6693=ORIENTED_EDGE('',*,*,#5928,.F.);
#6694=EDGE_LOOP('',(#6689,#6690,#6691,#6692,#6693));
#6695=FACE_OUTER_BOUND('',#6694,.F.);
#6696=ADVANCED_FACE('',(#6695),#6688,.F.);
#6697=CARTESIAN_POINT('',(-6.574291152772E-1,1.697244268369E0,
-1.127919907652E1));
#6698=CARTESIAN_POINT('',(-6.597109882005E-1,1.631496864627E0,
-1.145973302551E1));
#6699=CARTESIAN_POINT('',(-6.619928611239E-1,1.565749460886E0,
-1.164026697449E1));
#6700=CARTESIAN_POINT('',(-6.642747340472E-1,1.500002057144E0,
-1.182080092348E1));
#6701=CARTESIAN_POINT('',(-6.545336357283E-1,1.703285948703E0,
-1.127919907652E1));
#6702=CARTESIAN_POINT('',(-6.605913114924E-1,1.643702212235E0,
-1.145973302551E1));
#6703=CARTESIAN_POINT('',(-6.666489872566E-1,1.584118475767E0,
-1.164026697449E1));
#6704=CARTESIAN_POINT('',(-6.727066630207E-1,1.524534739300E0,
-1.182080092348E1));
#6705=CARTESIAN_POINT('',(-6.375493043310E-1,1.737225393143E0,
-1.127919907652E1));
#6706=CARTESIAN_POINT('',(-6.651692241936E-1,1.712571121691E0,
-1.145973302551E1));
#6707=CARTESIAN_POINT('',(-6.927891440562E-1,1.687916850239E0,
-1.164026697449E1));
#6708=CARTESIAN_POINT('',(-7.204090639188E-1,1.663262578788E0,
-1.182080092348E1));
#6709=CARTESIAN_POINT('',(-6.135279027119E-1,1.775554510156E0,
-1.127919907652E1));
#6710=CARTESIAN_POINT('',(-6.679215384720E-1,1.792566034120E0,
-1.145973302551E1));
#6711=CARTESIAN_POINT('',(-7.223151742321E-1,1.809577558084E0,
-1.164026697449E1));
#6712=CARTESIAN_POINT('',(-7.767088099922E-1,1.826589082048E0,
-1.182080092348E1));
#6713=CARTESIAN_POINT('',(-5.899196424165E-1,1.806278491179E0,
-1.127919907652E1));
#6714=CARTESIAN_POINT('',(-6.681716857185E-1,1.859334110111E0,
-1.145973302551E1));
#6715=CARTESIAN_POINT('',(-7.464237290204E-1,1.912389729043E0,
-1.164026697449E1));
#6716=CARTESIAN_POINT('',(-8.246757723224E-1,1.965445347975E0,
-1.182080092348E1));
#6717=CARTESIAN_POINT('',(-5.856465501842E-1,1.811651434989E0,
-1.127919907652E1));
#6718=CARTESIAN_POINT('',(-6.681519412903E-1,1.871102536539E0,
-1.145973302551E1));
#6719=CARTESIAN_POINT('',(-7.506573323964E-1,1.930553638090E0,
-1.164026697449E1));
#6720=CARTESIAN_POINT('',(-8.331627235025E-1,1.990004739640E0,
-1.182080092348E1));
#6721=B_SPLINE_SURFACE_WITH_KNOTS('',3,3,((#6697,#6698,#6699,#6700),(#6701,
#6702,#6703,#6704),(#6705,#6706,#6707,#6708),(#6709,#6710,#6711,#6712),(#6713,
#6714,#6715,#6716),(#6717,#6718,#6719,#6720)),.UNSPECIFIED.,.F.,.F.,.F.,(4,1,1,
4),(4,4),(-2.148479496286E-1,0.E0,1.E0,1.214847949629E0),(-4.160184695609E-2,
1.041601846956E0),.UNSPECIFIED.);
#6723=ORIENTED_EDGE('',*,*,#6722,.F.);
#6724=ORIENTED_EDGE('',*,*,#4587,.T.);
#6725=ORIENTED_EDGE('',*,*,#6629,.F.);
#6726=ORIENTED_EDGE('',*,*,#3831,.T.);
#6727=ORIENTED_EDGE('',*,*,#3829,.T.);
#6728=EDGE_LOOP('',(#6723,#6724,#6725,#6726,#6727));
#6729=FACE_OUTER_BOUND('',#6728,.F.);
#6730=ADVANCED_FACE('',(#6729),#6721,.F.);
#6731=CARTESIAN_POINT('',(-7.319587515943E-1,1.927072085581E0,
-1.182291168294E1));
#6732=CARTESIAN_POINT('',(-7.215810053858E-1,1.921288294413E0,
-1.179547315583E1));
#6733=CARTESIAN_POINT('',(-7.003068297597E-1,1.909466524146E0,
-1.173927546492E1));
#6734=CARTESIAN_POINT('',(-6.688230139385E-1,1.892089302331E0,
-1.165658114840E1));
#6735=CARTESIAN_POINT('',(-6.380869523185E-1,1.875215410285E0,
-1.157702406430E1));
#6736=CARTESIAN_POINT('',(-6.090388866543E-1,1.859221044991E0,
-1.150410802304E1));
#6737=CARTESIAN_POINT('',(-5.811217926890E-1,1.843424085655E0,
-1.143799747765E1));
#6738=CARTESIAN_POINT('',(-5.537411432644E-1,1.826561431699E0,
-1.137949586820E1));
#6739=CARTESIAN_POINT('',(-5.335217094375E-1,1.811575801640E0,
-1.134205641966E1));
#6740=CARTESIAN_POINT('',(-5.231597123822E-1,1.802387445428E0,
-1.132433541427E1));
#6741=CARTESIAN_POINT('',(-5.215872414978E-1,1.800955595487E0,
-1.132168185935E1));
#6742=CARTESIAN_POINT('',(-7.847358712435E-1,1.935623181262E0,
-1.180228196840E1));
#6743=CARTESIAN_POINT('',(-7.742562572294E-1,1.930458493511E0,
-1.177483905499E1));
#6744=CARTESIAN_POINT('',(-7.527269726137E-1,1.920063774049E0,
-1.171863669292E1));
#6745=CARTESIAN_POINT('',(-7.206200131121E-1,1.905488809410E0,
-1.163595498402E1));
#6746=CARTESIAN_POINT('',(-6.888073204202E-1,1.892370588465E0,
-1.155643530076E1));
#6747=CARTESIAN_POINT('',(-6.579027683935E-1,1.881283209432E0,
-1.148356896036E1));
#6748=CARTESIAN_POINT('',(-6.266696921935E-1,1.871928618280E0,
-1.141747846987E1));
#6749=CARTESIAN_POINT('',(-5.931607123144E-1,1.863342547967E0,
-1.135885782774E1));
#6750=CARTESIAN_POINT('',(-5.647387292066E-1,1.855347915266E0,
-1.132123149411E1));
#6751=CARTESIAN_POINT('',(-5.484924127952E-1,1.849426929232E0,
-1.130359403723E1));
#6752=CARTESIAN_POINT('',(-5.459846550446E-1,1.848482458288E0,
-1.130095969711E1));
#6753=CARTESIAN_POINT('',(-8.130900454120E-1,1.885822064226E0,
-1.180242441192E1));
#6754=CARTESIAN_POINT('',(-8.031104703691E-1,1.880941226728E0,
-1.177474356742E1));
#6755=CARTESIAN_POINT('',(-7.827285001671E-1,1.871221177862E0,
-1.171799646240E1));
#6756=CARTESIAN_POINT('',(-7.528440832788E-1,1.858090287381E0,
-1.163426377100E1));
#6757=CARTESIAN_POINT('',(-7.239506489022E-1,1.847135836848E0,
-1.155335911323E1));
#6758=CARTESIAN_POINT('',(-6.967446704326E-1,1.839285839774E0,
-1.147869162294E1));
#6759=CARTESIAN_POINT('',(-6.701218536749E-1,1.834961856190E0,
-1.141016394679E1));
#6760=CARTESIAN_POINT('',(-6.419379481029E-1,1.834434043012E0,
-1.134801494242E1));
#6761=CARTESIAN_POINT('',(-6.168813192989E-1,1.835784486852E0,
-1.130633495527E1));
#6762=CARTESIAN_POINT('',(-6.012715160324E-1,1.835872444569E0,
-1.128583590444E1));
#6763=CARTESIAN_POINT('',(-5.988304959982E-1,1.835868437548E0,
-1.128274491174E1));
#6764=CARTESIAN_POINT('',(-7.787486042246E-1,1.844890643333E0,
-1.182314674220E1));
#6765=CARTESIAN_POINT('',(-7.691960187008E-1,1.839575259795E0,
-1.179531558293E1));
#6766=CARTESIAN_POINT('',(-7.498151330018E-1,1.828866826052E0,
-1.173821896115E1));
#6767=CARTESIAN_POINT('',(-7.219989408864E-1,1.813872604942E0,
-1.165379032094E1));
#6768=CARTESIAN_POINT('',(-6.960802181720E-1,1.800569351143E0,
-1.157194776194E1));
#6769=CARTESIAN_POINT('',(-6.731355117753E-1,1.789917290084E0,
-1.149605947621E1));
#6770=CARTESIAN_POINT('',(-6.528262345149E-1,1.782421802884E0,
-1.142592710470E1));
#6771=CARTESIAN_POINT('',(-6.342329841025E-1,1.778856826425E0,
-1.136160301747E1));
#6772=CARTESIAN_POINT('',(-6.195670335470E-1,1.779292373915E0,
-1.131747425927E1));
#6773=CARTESIAN_POINT('',(-6.102554058683E-1,1.780019933113E0,
-1.129503107230E1));
#6774=CARTESIAN_POINT('',(-6.087930650797E-1,1.780140029920E0,
-1.129162395259E1));
#6775=(BOUNDED_SURFACE()B_SPLINE_SURFACE(3,3,((#6731,#6732,#6733,#6734,#6735,
#6736,#6737,#6738,#6739,#6740,#6741),(#6742,#6743,#6744,#6745,#6746,#6747,#6748,
#6749,#6750,#6751,#6752),(#6753,#6754,#6755,#6756,#6757,#6758,#6759,#6760,#6761,
#6762,#6763),(#6764,#6765,#6766,#6767,#6768,#6769,#6770,#6771,#6772,#6773,
#6774)),.UNSPECIFIED.,.F.,.F.,.F.)B_SPLINE_SURFACE_WITH_KNOTS((4,4),(4,1,1,1,1,
1,1,1,4),(0.E0,1.E0),(2.142706236754E-2,1.808151455052E-1,3.478510722419E-1,
5.019003766666E-1,6.437869657551E-1,7.740809015963E-1,8.927979145459E-1,1.E0,
1.019235737489E0),.UNSPECIFIED.)GEOMETRIC_REPRESENTATION_ITEM()RATIONAL_B_SPLINE_SURFACE(((1.509324180584E0,1.509324180584E0,1.509324180584E0,1.509324180584E0,
1.509324180584E0,1.509324180584E0,1.509324180584E0,1.509324180584E0,
1.509324180584E0,1.509324180584E0,1.509324180584E0),(8.302252731386E-1,
8.302252731386E-1,8.302252731386E-1,8.302252731386E-1,8.302252731386E-1,
8.302252731386E-1,8.302252731386E-1,8.302252731386E-1,8.302252731386E-1,
8.302252731386E-1,8.302252731386E-1),(8.302252731386E-1,8.302252731386E-1,
8.302252731386E-1,8.302252731386E-1,8.302252731386E-1,8.302252731386E-1,
8.302252731386E-1,8.302252731386E-1,8.302252731386E-1,8.302252731386E-1,
8.302252731386E-1),(1.509324180584E0,1.509324180584E0,1.509324180584E0,
1.509324180584E0,1.509324180584E0,1.509324180584E0,1.509324180584E0,
1.509324180584E0,1.509324180584E0,1.509324180584E0,1.509324180584E0)))REPRESENTATION_ITEM('')SURFACE());
#6777=ORIENTED_EDGE('',*,*,#6776,.F.);
#6778=ORIENTED_EDGE('',*,*,#4589,.T.);
#6779=ORIENTED_EDGE('',*,*,#6722,.T.);
#6780=EDGE_LOOP('',(#6777,#6778,#6779));
#6781=FACE_OUTER_BOUND('',#6780,.F.);
#6782=ADVANCED_FACE('',(#6781),#6775,.F.);
#6783=CARTESIAN_POINT('',(-6.060226051075E-1,1.776359072604E0,
-1.127919907652E1));
#6784=CARTESIAN_POINT('',(-6.987614648862E-1,1.818085286476E0,
-1.145973302551E1));
#6785=CARTESIAN_POINT('',(-7.915003246649E-1,1.859811500347E0,
-1.164026697449E1));
#6786=CARTESIAN_POINT('',(-8.842391844437E-1,1.901537714219E0,
-1.182080092348E1));
#6787=CARTESIAN_POINT('',(-6.035060453915E-1,1.782746150935E0,
-1.127919907652E1));
#6788=CARTESIAN_POINT('',(-6.885795808511E-1,1.823986598866E0,
-1.145973302551E1));
#6789=CARTESIAN_POINT('',(-7.736531163106E-1,1.865227046798E0,
-1.164026697449E1));
#6790=CARTESIAN_POINT('',(-8.587266517701E-1,1.906467494729E0,
-1.182080092348E1));
#6791=CARTESIAN_POINT('',(-5.887024274675E-1,1.818553494601E0,
-1.127919907652E1));
#6792=CARTESIAN_POINT('',(-6.306316572574E-1,1.857154002992E0,
-1.145973302551E1));
#6793=CARTESIAN_POINT('',(-6.725608870473E-1,1.895754511382E0,
-1.164026697449E1));
#6794=CARTESIAN_POINT('',(-7.144901168372E-1,1.934355019773E0,
-1.182080092348E1));
#6795=CARTESIAN_POINT('',(-5.675191392393E-1,1.858521197144E0,
-1.127919907652E1));
#6796=CARTESIAN_POINT('',(-5.599778737816E-1,1.894767885122E0,
-1.145973302551E1));
#6797=CARTESIAN_POINT('',(-5.524366083238E-1,1.931014573099E0,
-1.164026697449E1));
#6798=CARTESIAN_POINT('',(-5.448953428660E-1,1.967261261077E0,
-1.182080092348E1));
#6799=CARTESIAN_POINT('',(-5.466188838622E-1,1.890199781821E0,
-1.127919907652E1));
#6800=CARTESIAN_POINT('',(-4.980466923110E-1,1.925237751154E0,
-1.145973302551E1));
#6801=CARTESIAN_POINT('',(-4.494745007597E-1,1.960275720488E0,
-1.164026697449E1));
#6802=CARTESIAN_POINT('',(-4.009023092085E-1,1.995313689821E0,
-1.182080092348E1));
#6803=CARTESIAN_POINT('',(-5.428343749863E-1,1.895728180833E0,
-1.127919907652E1));
#6804=CARTESIAN_POINT('',(-4.870363895749E-1,1.930578042624E0,
-1.145973302551E1));
#6805=CARTESIAN_POINT('',(-4.312384041635E-1,1.965427904414E0,
-1.164026697449E1));
#6806=CARTESIAN_POINT('',(-3.754404187521E-1,2.000277766205E0,
-1.182080092348E1));
#6807=B_SPLINE_SURFACE_WITH_KNOTS('',3,3,((#6783,#6784,#6785,#6786),(#6787,
#6788,#6789,#6790),(#6791,#6792,#6793,#6794),(#6795,#6796,#6797,#6798),(#6799,
#6800,#6801,#6802),(#6803,#6804,#6805,#6806)),.UNSPECIFIED.,.F.,.F.,.F.,(4,1,1,
4),(4,4),(-2.148479496286E-1,0.E0,1.E0,1.214847949629E0),(-4.160184695608E-2,
1.041601846956E0),.UNSPECIFIED.);
#6808=ORIENTED_EDGE('',*,*,#6776,.T.);
#6809=ORIENTED_EDGE('',*,*,#3827,.T.);
#6810=ORIENTED_EDGE('',*,*,#3825,.T.);
#6811=ORIENTED_EDGE('',*,*,#4336,.T.);
#6812=ORIENTED_EDGE('',*,*,#4591,.T.);
#6813=EDGE_LOOP('',(#6808,#6809,#6810,#6811,#6812));
#6814=FACE_OUTER_BOUND('',#6813,.F.);
#6815=ADVANCED_FACE('',(#6814),#6807,.F.);
#6816=CARTESIAN_POINT('',(9.998859279360E-2,5.525170374965E-1,
-1.128076968131E1));
#6817=CARTESIAN_POINT('',(2.010614138620E-1,5.927375425417E-1,
-1.146023060242E1));
#6818=CARTESIAN_POINT('',(3.021342349304E-1,6.329580475868E-1,
-1.163969152352E1));
#6819=CARTESIAN_POINT('',(4.032070559988E-1,6.731785526320E-1,
-1.181915244462E1));
#6820=CARTESIAN_POINT('',(9.643305566246E-2,5.526088335048E-1,
-1.128076968131E1));
#6821=CARTESIAN_POINT('',(1.941549964701E-1,5.876108762004E-1,
-1.146023060242E1));
#6822=CARTESIAN_POINT('',(2.918769372778E-1,6.226129188960E-1,
-1.163969152352E1));
#6823=CARTESIAN_POINT('',(3.895988780854E-1,6.576149615916E-1,
-1.181915244462E1));
#6824=CARTESIAN_POINT('',(8.224386704768E-2,5.534627918550E-1,
-1.128076968131E1));
#6825=CARTESIAN_POINT('',(1.627795109339E-1,5.631515354595E-1,
-1.146023060242E1));
#6826=CARTESIAN_POINT('',(2.433151548201E-1,5.728402790640E-1,
-1.163969152352E1));
#6827=CARTESIAN_POINT('',(3.238507987062E-1,5.825290226685E-1,
-1.181915244462E1));
#6828=CARTESIAN_POINT('',(6.684208897185E-2,5.575982293608E-1,
-1.128076968131E1));
#6829=CARTESIAN_POINT('',(1.048853484721E-1,5.117049405037E-1,
-1.146023060242E1));
#6830=CARTESIAN_POINT('',(1.429286079723E-1,4.658116516466E-1,
-1.163969152352E1));
#6831=CARTESIAN_POINT('',(1.809718674726E-1,4.199183627894E-1,
-1.181915244462E1));
#6832=CARTESIAN_POINT('',(4.399672314751E-2,5.607912037436E-1,
-1.128076968131E1));
#6833=CARTESIAN_POINT('',(4.990215236420E-2,4.684547898164E-1,
-1.146023060242E1));
#6834=CARTESIAN_POINT('',(5.580758158089E-2,3.761183758892E-1,
-1.163969152352E1));
#6835=CARTESIAN_POINT('',(6.171301079758E-2,2.837819619621E-1,
-1.181915244462E1));
#6836=CARTESIAN_POINT('',(2.197437987747E-2,5.618019696687E-1,
-1.128076968131E1));
#6837=CARTESIAN_POINT('',(2.217089497323E-2,4.540303718507E-1,
-1.146023060242E1));
#6838=CARTESIAN_POINT('',(2.236741006898E-2,3.462587740327E-1,
-1.163969152352E1));
#6839=CARTESIAN_POINT('',(2.256392516474E-2,2.384871762147E-1,
-1.181915244462E1));
#6840=CARTESIAN_POINT('',(1.758054980022E-2,5.619583429489E-1,
-1.128076968131E1));
#6841=CARTESIAN_POINT('',(1.720009205551E-2,4.517593599145E-1,
-1.146023060242E1));
#6842=CARTESIAN_POINT('',(1.681963431080E-2,3.415603768801E-1,
-1.163969152352E1));
#6843=CARTESIAN_POINT('',(1.643917656610E-2,2.313613938457E-1,
-1.181915244462E1));
#6844=B_SPLINE_SURFACE_WITH_KNOTS('',3,3,((#6816,#6817,#6818,#6819),(#6820,
#6821,#6822,#6823),(#6824,#6825,#6826,#6827),(#6828,#6829,#6830,#6831),(#6832,
#6833,#6834,#6835),(#6836,#6837,#6838,#6839),(#6840,#6841,#6842,#6843)),
.UNSPECIFIED.,.F.,.F.,.F.,(4,1,1,1,4),(4,4),(-1.433245131302E-1,0.E0,5.E-1,1.E0,
1.111888538335E0),(-3.846063737039E-2,1.038304889232E0),.UNSPECIFIED.);
#6845=ORIENTED_EDGE('',*,*,#4530,.T.);
#6847=ORIENTED_EDGE('',*,*,#6846,.F.);
#6848=ORIENTED_EDGE('',*,*,#3542,.F.);
#6849=ORIENTED_EDGE('',*,*,#3540,.F.);
#6850=ORIENTED_EDGE('',*,*,#5372,.T.);
#6851=EDGE_LOOP('',(#6845,#6847,#6848,#6849,#6850));
#6852=FACE_OUTER_BOUND('',#6851,.F.);
#6853=ADVANCED_FACE('',(#6852),#6844,.T.);
#6854=CARTESIAN_POINT('',(3.417690519383E-2,5.606494087555E-1,
-1.128124936866E1));
#6855=CARTESIAN_POINT('',(3.950791315537E-2,4.659736859262E-1,
-1.146041645565E1));
#6856=CARTESIAN_POINT('',(4.483892111690E-2,3.712979630969E-1,
-1.163958354264E1));
#6857=CARTESIAN_POINT('',(5.016992907843E-2,2.766222402676E-1,
-1.181875062962E1));
#6858=CARTESIAN_POINT('',(3.325653790977E-2,5.608718537205E-1,
-1.128124936866E1));
#6859=CARTESIAN_POINT('',(3.761664736389E-2,4.632003167279E-1,
-1.146041645565E1));
#6860=CARTESIAN_POINT('',(4.197675681800E-2,3.655287797353E-1,
-1.163958354264E1));
#6861=CARTESIAN_POINT('',(4.633686627212E-2,2.678572427427E-1,
-1.181875062962E1));
#6862=CARTESIAN_POINT('',(2.924265275064E-2,5.612774147168E-1,
-1.128124936866E1));
#6863=CARTESIAN_POINT('',(3.124088266334E-2,4.577184185397E-1,
-1.146041645565E1));
#6864=CARTESIAN_POINT('',(3.323911257604E-2,3.541594223627E-1,
-1.163958354264E1));
#6865=CARTESIAN_POINT('',(3.523734248874E-2,2.506004261856E-1,
-1.181875062962E1));
#6866=CARTESIAN_POINT('',(1.747331856070E-2,5.614219911679E-1,
-1.128124936866E1));
#6867=CARTESIAN_POINT('',(1.701167692794E-2,4.543653485064E-1,
-1.146041645565E1));
#6868=CARTESIAN_POINT('',(1.655003529518E-2,3.473087058448E-1,
-1.163958354264E1));
#6869=CARTESIAN_POINT('',(1.608839366242E-2,2.402520631833E-1,
-1.181875062962E1));
#6870=CARTESIAN_POINT('',(0.E0,5.614160907737E-1,-1.128124936866E1));
#6871=CARTESIAN_POINT('',(0.E0,4.536071639949E-1,-1.146041645565E1));
#6872=CARTESIAN_POINT('',(0.E0,3.457982372161E-1,-1.163958354264E1));
#6873=CARTESIAN_POINT('',(0.E0,2.379893104373E-1,-1.181875062962E1));
#6874=CARTESIAN_POINT('',(-1.747331856070E-2,5.614219911679E-1,
-1.128124936866E1));
#6875=CARTESIAN_POINT('',(-1.701167692794E-2,4.543653485064E-1,
-1.146041645565E1));
#6876=CARTESIAN_POINT('',(-1.655003529518E-2,3.473087058448E-1,
-1.163958354264E1));
#6877=CARTESIAN_POINT('',(-1.608839366242E-2,2.402520631833E-1,
-1.181875062962E1));
#6878=CARTESIAN_POINT('',(-3.083958554511E-2,5.612577977297E-1,
-1.128124936866E1));
#6879=CARTESIAN_POINT('',(-3.317158536168E-2,4.581733828913E-1,
-1.146041645565E1));
#6880=CARTESIAN_POINT('',(-3.550358517824E-2,3.550889680529E-1,
-1.163958354264E1));
#6881=CARTESIAN_POINT('',(-3.783558499481E-2,2.520045532145E-1,
-1.181875062962E1));
#6882=CARTESIAN_POINT('',(-3.486234832121E-2,5.606784775665E-1,
-1.128124936866E1));
#6883=CARTESIAN_POINT('',(-4.030042041825E-2,4.657724670160E-1,
-1.146041645565E1));
#6884=CARTESIAN_POINT('',(-4.573849251528E-2,3.708664564656E-1,
-1.163958354264E1));
#6885=CARTESIAN_POINT('',(-5.117656461232E-2,2.759604459152E-1,
-1.181875062962E1));
#6886=CARTESIAN_POINT('',(-3.513276304394E-2,5.601938614372E-1,
-1.128124936866E1));
#6887=CARTESIAN_POINT('',(-4.219958020561E-2,4.714757691789E-1,
-1.146041645565E1));
#6888=CARTESIAN_POINT('',(-4.926639736728E-2,3.827576769207E-1,
-1.163958354264E1));
#6889=CARTESIAN_POINT('',(-5.633321452895E-2,2.940395846625E-1,
-1.181875062962E1));
#6890=B_SPLINE_SURFACE_WITH_KNOTS('',3,3,((#6854,#6855,#6856,#6857),(#6858,
#6859,#6860,#6861),(#6862,#6863,#6864,#6865),(#6866,#6867,#6868,#6869),(#6870,
#6871,#6872,#6873),(#6874,#6875,#6876,#6877),(#6878,#6879,#6880,#6881),(#6882,
#6883,#6884,#6885),(#6886,#6887,#6888,#6889)),.UNSPECIFIED.,.F.,.F.,.F.,(4,1,1,
1,1,1,4),(4,4),(-1.542215682780E-1,0.E0,2.5E-1,5.E-1,7.5E-1,1.E0,
1.242990215712E0),(-3.750126267498E-2,1.037501259243E0),.UNSPECIFIED.);
#6891=ORIENTED_EDGE('',*,*,#3911,.F.);
#6892=ORIENTED_EDGE('',*,*,#3544,.F.);
#6893=ORIENTED_EDGE('',*,*,#6846,.T.);
#6894=ORIENTED_EDGE('',*,*,#4528,.T.);
#6895=ORIENTED_EDGE('',*,*,#4631,.F.);
#6896=EDGE_LOOP('',(#6891,#6892,#6893,#6894,#6895));
#6897=FACE_OUTER_BOUND('',#6896,.F.);
#6898=ADVANCED_FACE('',(#6897),#6890,.T.);
#6899=CARTESIAN_POINT('',(7.787205320690E-1,1.877419207682E0,
-1.128076968131E1));
#6900=CARTESIAN_POINT('',(8.732831186011E-1,1.932180553201E0,
-1.146023060242E1));
#6901=CARTESIAN_POINT('',(9.678457051332E-1,1.986941898720E0,
-1.163969152352E1));
#6902=CARTESIAN_POINT('',(1.062408291665E0,2.041703244239E0,-1.181915244462E1));
#6903=CARTESIAN_POINT('',(7.807282424291E-1,1.874227877034E0,
-1.128076968131E1));
#6904=CARTESIAN_POINT('',(8.736794297308E-1,1.927359098722E0,
-1.146023060242E1));
#6905=CARTESIAN_POINT('',(9.666306170325E-1,1.980490320410E0,
-1.163969152352E1));
#6906=CARTESIAN_POINT('',(1.059581804334E0,2.033621542098E0,-1.181915244462E1));
#6907=CARTESIAN_POINT('',(7.922534848268E-1,1.856274294283E0,
-1.128076968131E1));
#6908=CARTESIAN_POINT('',(8.748693531289E-1,1.896688753820E0,
-1.146023060242E1));
#6909=CARTESIAN_POINT('',(9.574852214311E-1,1.937103213357E0,
-1.163969152352E1));
#6910=CARTESIAN_POINT('',(1.040101089733E0,1.977517672893E0,-1.181915244462E1));
#6911=CARTESIAN_POINT('',(8.062636482417E-1,1.838313938228E0,
-1.128076968131E1));
#6912=CARTESIAN_POINT('',(8.650300320053E-1,1.828314153487E0,
-1.146023060242E1));
#6913=CARTESIAN_POINT('',(9.237964157689E-1,1.818314368745E0,
-1.163969152352E1));
#6914=CARTESIAN_POINT('',(9.825627995325E-1,1.808314584004E0,
-1.181915244462E1));
#6915=CARTESIAN_POINT('',(8.175791524556E-1,1.827010139028E0,
-1.128076968131E1));
#6916=CARTESIAN_POINT('',(8.493770995507E-1,1.752229663787E0,
-1.146023060242E1));
#6917=CARTESIAN_POINT('',(8.811750466458E-1,1.677449188545E0,
-1.163969152352E1));
#6918=CARTESIAN_POINT('',(9.129729937409E-1,1.602668713304E0,
-1.181915244462E1));
#6919=CARTESIAN_POINT('',(8.254621094107E-1,1.815057814459E0,
-1.128076968131E1));
#6920=CARTESIAN_POINT('',(8.438709692200E-1,1.712639107917E0,
-1.146023060242E1));
#6921=CARTESIAN_POINT('',(8.622798290294E-1,1.610220401374E0,
-1.163969152352E1));
#6922=CARTESIAN_POINT('',(8.806886888387E-1,1.507801694832E0,
-1.181915244462E1));
#6923=CARTESIAN_POINT('',(8.273684041282E-1,1.811934423171E0,
-1.128076968131E1));
#6924=CARTESIAN_POINT('',(8.428726426166E-1,1.703905216818E0,
-1.146023060242E1));
#6925=CARTESIAN_POINT('',(8.583768811050E-1,1.595876010465E0,
-1.163969152352E1));
#6926=CARTESIAN_POINT('',(8.738811195934E-1,1.487846804112E0,
-1.181915244462E1));
#6927=B_SPLINE_SURFACE_WITH_KNOTS('',3,3,((#6899,#6900,#6901,#6902),(#6903,
#6904,#6905,#6906),(#6907,#6908,#6909,#6910),(#6911,#6912,#6913,#6914),(#6915,
#6916,#6917,#6918),(#6919,#6920,#6921,#6922),(#6923,#6924,#6925,#6926)),
.UNSPECIFIED.,.F.,.F.,.F.,(4,1,1,1,4),(4,4),(-9.796109746744E-2,0.E0,5.E-1,1.E0,
1.146691088708E0),(-3.846063737039E-2,1.038304889232E0),.UNSPECIFIED.);
#6928=ORIENTED_EDGE('',*,*,#3532,.F.);
#6930=ORIENTED_EDGE('',*,*,#6929,.T.);
#6931=ORIENTED_EDGE('',*,*,#4556,.T.);
#6932=ORIENTED_EDGE('',*,*,#5376,.F.);
#6933=ORIENTED_EDGE('',*,*,#3534,.F.);
#6934=EDGE_LOOP('',(#6928,#6930,#6931,#6932,#6933));
#6935=FACE_OUTER_BOUND('',#6934,.F.);
#6936=ADVANCED_FACE('',(#6935),#6927,.T.);
#6937=CARTESIAN_POINT('',(7.531117522685E-1,1.924273363728E0,
-1.128124936861E1));
#6938=CARTESIAN_POINT('',(8.324378293862E-1,1.976228013470E0,
-1.146041645561E1));
#6939=CARTESIAN_POINT('',(9.117639065040E-1,2.028182663212E0,
-1.163958354262E1));
#6940=CARTESIAN_POINT('',(9.910899836218E-1,2.080137312954E0,
-1.181875062962E1));
#6941=CARTESIAN_POINT('',(7.533792929189E-1,1.923365079797E0,
-1.128124936861E1));
#6942=CARTESIAN_POINT('',(8.357852704616E-1,1.975976813848E0,
-1.146041645561E1));
#6943=CARTESIAN_POINT('',(9.181912480043E-1,2.028588547900E0,
-1.163958354262E1));
#6944=CARTESIAN_POINT('',(1.000597225547E0,2.081200281952E0,-1.181875062962E1));
#6945=CARTESIAN_POINT('',(7.550350093712E-1,1.919686172782E0,
-1.128124936861E1));
#6946=CARTESIAN_POINT('',(8.437206159030E-1,1.973196188743E0,
-1.146041645561E1));
#6947=CARTESIAN_POINT('',(9.324062224348E-1,2.026706204704E0,
-1.163958354262E1));
#6948=CARTESIAN_POINT('',(1.021091828967E0,2.080216220665E0,-1.181875062962E1));
#6949=CARTESIAN_POINT('',(7.607944695856E-1,1.909421342163E0,
-1.128124936861E1));
#6950=CARTESIAN_POINT('',(8.537390625997E-1,1.962549870117E0,
-1.146041645561E1));
#6951=CARTESIAN_POINT('',(9.466836556138E-1,2.015678398072E0,
-1.163958354262E1));
#6952=CARTESIAN_POINT('',(1.039628248628E0,2.068806926026E0,-1.181875062962E1));
#6953=CARTESIAN_POINT('',(7.695362387571E-1,1.894291954598E0,
-1.128124936861E1));
#6954=CARTESIAN_POINT('',(8.629015081112E-1,1.948196417992E0,
-1.146041645561E1));
#6955=CARTESIAN_POINT('',(9.562667774654E-1,2.002100881387E0,
-1.163958354262E1));
#6956=CARTESIAN_POINT('',(1.049632046820E0,2.056005344781E0,-1.181875062962E1));
#6957=CARTESIAN_POINT('',(7.782677881464E-1,1.879156666638E0,
-1.128124936861E1));
#6958=CARTESIAN_POINT('',(8.707507395277E-1,1.933084781356E0,
-1.146041645561E1));
#6959=CARTESIAN_POINT('',(9.632336909090E-1,1.987012896073E0,
-1.163958354262E1));
#6960=CARTESIAN_POINT('',(1.055716642290E0,2.040941010791E0,-1.181875062962E1));
#6961=CARTESIAN_POINT('',(7.850931173282E-1,1.867663236596E0,
-1.128124936861E1));
#6962=CARTESIAN_POINT('',(8.755328392294E-1,1.917185872937E0,
-1.146041645561E1));
#6963=CARTESIAN_POINT('',(9.659725611306E-1,1.966708509278E0,
-1.163958354262E1));
#6964=CARTESIAN_POINT('',(1.056412283032E0,2.016231145619E0,-1.181875062962E1));
#6965=CARTESIAN_POINT('',(7.876062046962E-1,1.864469081922E0,
-1.128124936861E1));
#6966=CARTESIAN_POINT('',(8.725162568604E-1,1.907212578617E0,
-1.146041645561E1));
#6967=CARTESIAN_POINT('',(9.574263090247E-1,1.949956075311E0,
-1.163958354262E1));
#6968=CARTESIAN_POINT('',(1.042336361189E0,1.992699572006E0,-1.181875062962E1));
#6969=CARTESIAN_POINT('',(7.881611019378E-1,1.864477203969E0,
-1.128124936861E1));
#6970=CARTESIAN_POINT('',(8.685266321948E-1,1.902716206914E0,
-1.146041645561E1));
#6971=CARTESIAN_POINT('',(9.488921624519E-1,1.940955209858E0,
-1.163958354262E1));
#6972=CARTESIAN_POINT('',(1.029257692709E0,1.979194212803E0,-1.181875062962E1));
#6973=B_SPLINE_SURFACE_WITH_KNOTS('',3,3,((#6937,#6938,#6939,#6940),(#6941,
#6942,#6943,#6944),(#6945,#6946,#6947,#6948),(#6949,#6950,#6951,#6952),(#6953,
#6954,#6955,#6956),(#6957,#6958,#6959,#6960),(#6961,#6962,#6963,#6964),(#6965,
#6966,#6967,#6968),(#6969,#6970,#6971,#6972)),.UNSPECIFIED.,.F.,.F.,.F.,(4,1,1,
1,1,1,4),(4,4),(-1.542215682936E-1,0.E0,2.5E-1,5.E-1,7.5E-1,1.E0,
1.242990215755E0),(-3.750126277861E-2,1.037501259243E0),.UNSPECIFIED.);
#6974=ORIENTED_EDGE('',*,*,#3530,.F.);
#6976=ORIENTED_EDGE('',*,*,#6975,.T.);
#6977=ORIENTED_EDGE('',*,*,#4558,.T.);
#6978=ORIENTED_EDGE('',*,*,#6929,.F.);
#6979=EDGE_LOOP('',(#6974,#6976,#6977,#6978));
#6980=FACE_OUTER_BOUND('',#6979,.F.);
#6981=ADVANCED_FACE('',(#6980),#6973,.T.);
#6982=CARTESIAN_POINT('',(7.272487485949E-1,1.985334142700E0,
-1.128076968131E1));
#6983=CARTESIAN_POINT('',(6.418803589386E-1,2.052755520854E0,
-1.146023060242E1));
#6984=CARTESIAN_POINT('',(5.565119692822E-1,2.120176899009E0,
-1.163969152352E1));
#6985=CARTESIAN_POINT('',(4.711435796259E-1,2.187598277164E0,
-1.181915244462E1));
#6986=CARTESIAN_POINT('',(7.289470194854E-1,1.982209059216E0,
-1.128076968131E1));
#6987=CARTESIAN_POINT('',(6.497733909228E-1,2.049337721115E0,
-1.146023060242E1));
#6988=CARTESIAN_POINT('',(5.705997623602E-1,2.116466383013E0,
-1.163969152352E1));
#6989=CARTESIAN_POINT('',(4.914261337977E-1,2.183595044912E0,
-1.181915244462E1));
#6990=CARTESIAN_POINT('',(7.353020641677E-1,1.969493882241E0,
-1.128076968131E1));
#6991=CARTESIAN_POINT('',(6.866435441323E-1,2.034395423955E0,
-1.146023060242E1));
#6992=CARTESIAN_POINT('',(6.379850240970E-1,2.099296965668E0,
-1.163969152352E1));
#6993=CARTESIAN_POINT('',(5.893265040617E-1,2.164198507381E0,
-1.181915244462E1));
#6994=CARTESIAN_POINT('',(7.394215592699E-1,1.954087832411E0,
-1.128076968131E1));
#6995=CARTESIAN_POINT('',(7.601446835332E-1,2.009980906010E0,
-1.146023060242E1));
#6996=CARTESIAN_POINT('',(7.808678077966E-1,2.065873979608E0,
-1.163969152352E1));
#6997=CARTESIAN_POINT('',(8.015909320599E-1,2.121767053207E0,
-1.181915244462E1));
#6998=CARTESIAN_POINT('',(7.480790452529E-1,1.932706678057E0,
-1.128076968131E1));
#6999=CARTESIAN_POINT('',(8.250920107998E-1,1.983989136743E0,
-1.146023060242E1));
#7000=CARTESIAN_POINT('',(9.021049763468E-1,2.035271595428E0,
-1.163969152352E1));
#7001=CARTESIAN_POINT('',(9.791179418937E-1,2.086554054114E0,
-1.181915244462E1));
#7002=CARTESIAN_POINT('',(7.582148679195E-1,1.913129386372E0,
-1.128076968131E1));
#7003=CARTESIAN_POINT('',(8.514495518884E-1,1.967185372346E0,
-1.146023060242E1));
#7004=CARTESIAN_POINT('',(9.446842358574E-1,2.021241358320E0,
-1.163969152352E1));
#7005=CARTESIAN_POINT('',(1.037918919826E0,2.075297344294E0,-1.181915244462E1));
#7006=CARTESIAN_POINT('',(7.602763597249E-1,1.909246031265E0,
-1.128076968131E1));
#7007=CARTESIAN_POINT('',(8.559017073763E-1,1.964016036710E0,
-1.146023060242E1));
#7008=CARTESIAN_POINT('',(9.515270550277E-1,2.018786042155E0,
-1.163969152352E1));
#7009=CARTESIAN_POINT('',(1.047152402679E0,2.073556047601E0,-1.181915244462E1));
#7010=B_SPLINE_SURFACE_WITH_KNOTS('',3,3,((#6982,#6983,#6984,#6985),(#6986,
#6987,#6988,#6989),(#6990,#6991,#6992,#6993),(#6994,#6995,#6996,#6997),(#6998,
#6999,#7000,#7001),(#7002,#7003,#7004,#7005),(#7006,#7007,#7008,#7009)),
.UNSPECIFIED.,.F.,.F.,.F.,(4,1,1,1,4),(4,4),(-1.433245131302E-1,0.E0,5.E-1,1.E0,
1.111888538335E0),(-3.846063737040E-2,1.038304889232E0),.UNSPECIFIED.);
#7011=ORIENTED_EDGE('',*,*,#3526,.F.);
#7013=ORIENTED_EDGE('',*,*,#7012,.T.);
#7014=ORIENTED_EDGE('',*,*,#4560,.T.);
#7015=ORIENTED_EDGE('',*,*,#6975,.F.);
#7016=ORIENTED_EDGE('',*,*,#3528,.F.);
#7017=EDGE_LOOP('',(#7011,#7013,#7014,#7015,#7016));
#7018=FACE_OUTER_BOUND('',#7017,.F.);
#7019=ADVANCED_FACE('',(#7018),#7010,.T.);
#7020=CARTESIAN_POINT('',(-7.510612948931E-1,1.948775675151E0,
-1.128084755538E1));
#7021=CARTESIAN_POINT('',(-6.855368470237E-1,2.019491882111E0,
-1.146028251846E1));
#7022=CARTESIAN_POINT('',(-6.200123991543E-1,2.090208089072E0,
-1.163971748154E1));
#7023=CARTESIAN_POINT('',(-5.544879512849E-1,2.160924296032E0,
-1.181915244462E1));
#7024=CARTESIAN_POINT('',(-7.447340381358E-1,1.958230096406E0,
-1.128084755538E1));
#7025=CARTESIAN_POINT('',(-6.792967657435E-1,2.027354701316E0,
-1.146028251846E1));
#7026=CARTESIAN_POINT('',(-6.138594933512E-1,2.096479306226E0,
-1.163971748154E1));
#7027=CARTESIAN_POINT('',(-5.484222209588E-1,2.165603911135E0,
-1.181915244462E1));
#7028=CARTESIAN_POINT('',(-6.569309010415E-1,2.084264709266E0,
-1.128084755538E1));
#7029=CARTESIAN_POINT('',(-5.932027572497E-1,2.132090077632E0,
-1.146028251846E1));
#7030=CARTESIAN_POINT('',(-5.294746134579E-1,2.179915445998E0,
-1.163971748154E1));
#7031=CARTESIAN_POINT('',(-4.657464696661E-1,2.227740814364E0,
-1.181915244462E1));
#7032=CARTESIAN_POINT('',(-4.259997563114E-1,2.281751424513E0,
-1.128084755538E1));
#7033=CARTESIAN_POINT('',(-3.795065635275E-1,2.294367696999E0,
-1.146028251846E1));
#7034=CARTESIAN_POINT('',(-3.330133707437E-1,2.306983969485E0,
-1.163971748154E1));
#7035=CARTESIAN_POINT('',(-2.865201779598E-1,2.319600241971E0,
-1.181915244462E1));
#7036=CARTESIAN_POINT('',(0.E0,2.384124287743E0,-1.128084755538E1));
#7037=CARTESIAN_POINT('',(0.E0,2.377816151500E0,-1.146028251846E1));
#7038=CARTESIAN_POINT('',(0.E0,2.371508015257E0,-1.163971748154E1));
#7039=CARTESIAN_POINT('',(0.E0,2.365199879014E0,-1.181915244462E1));
#7040=CARTESIAN_POINT('',(4.259997563114E-1,2.281751424513E0,
-1.128084755538E1));
#7041=CARTESIAN_POINT('',(3.795065635275E-1,2.294367696999E0,
-1.146028251846E1));
#7042=CARTESIAN_POINT('',(3.330133707437E-1,2.306983969485E0,
-1.163971748154E1));
#7043=CARTESIAN_POINT('',(2.865201779598E-1,2.319600241971E0,
-1.181915244462E1));
#7044=CARTESIAN_POINT('',(6.569309010415E-1,2.084264709266E0,
-1.128084755538E1));
#7045=CARTESIAN_POINT('',(5.932027572497E-1,2.132090077632E0,
-1.146028251846E1));
#7046=CARTESIAN_POINT('',(5.294746134579E-1,2.179915445998E0,
-1.163971748154E1));
#7047=CARTESIAN_POINT('',(4.657464696661E-1,2.227740814364E0,
-1.181915244462E1));
#7048=CARTESIAN_POINT('',(7.447340381358E-1,1.958230096406E0,
-1.128084755538E1));
#7049=CARTESIAN_POINT('',(6.792967657435E-1,2.027354701316E0,
-1.146028251846E1));
#7050=CARTESIAN_POINT('',(6.138594933512E-1,2.096479306226E0,
-1.163971748154E1));
#7051=CARTESIAN_POINT('',(5.484222209588E-1,2.165603911135E0,
-1.181915244462E1));
#7052=CARTESIAN_POINT('',(7.510612948931E-1,1.948775675151E0,
-1.128084755538E1));
#7053=CARTESIAN_POINT('',(6.855368470237E-1,2.019491882111E0,
-1.146028251846E1));
#7054=CARTESIAN_POINT('',(6.200123991543E-1,2.090208089072E0,
-1.163971748154E1));
#7055=CARTESIAN_POINT('',(5.544879512849E-1,2.160924296032E0,
-1.181915244462E1));
#7056=B_SPLINE_SURFACE_WITH_KNOTS('',3,3,((#7020,#7021,#7022,#7023),(#7024,
#7025,#7026,#7027),(#7028,#7029,#7030,#7031),(#7032,#7033,#7034,#7035),(#7036,
#7037,#7038,#7039),(#7040,#7041,#7042,#7043),(#7044,#7045,#7046,#7047),(#7048,
#7049,#7050,#7051),(#7052,#7053,#7054,#7055)),.UNSPECIFIED.,.F.,.F.,.F.,(4,1,1,
1,1,1,4),(4,4),(-2.E-2,0.E0,2.5E-1,5.E-1,7.5E-1,1.E0,1.02E0),
(-3.830488923174E-2,1.038304889232E0),.UNSPECIFIED.);
#7057=ORIENTED_EDGE('',*,*,#4243,.F.);
#7058=ORIENTED_EDGE('',*,*,#4562,.T.);
#7059=ORIENTED_EDGE('',*,*,#7012,.F.);
#7060=ORIENTED_EDGE('',*,*,#3524,.F.);
#7061=EDGE_LOOP('',(#7057,#7058,#7059,#7060));
#7062=FACE_OUTER_BOUND('',#7061,.F.);
#7063=ADVANCED_FACE('',(#7062),#7056,.T.);
#7064=CARTESIAN_POINT('',(-7.510612948931E-1,1.948775675151E0,
-1.128084755538E1));
#7065=CARTESIAN_POINT('',(-6.855368470237E-1,2.019491882111E0,
-1.146028251846E1));
#7066=CARTESIAN_POINT('',(-6.200123991543E-1,2.090208089072E0,
-1.163971748154E1));
#7067=CARTESIAN_POINT('',(-5.544879512849E-1,2.160924296032E0,
-1.181915244462E1));
#7068=CARTESIAN_POINT('',(-7.447340381358E-1,1.958230096406E0,
-1.128084755538E1));
#7069=CARTESIAN_POINT('',(-6.792967657435E-1,2.027354701316E0,
-1.146028251846E1));
#7070=CARTESIAN_POINT('',(-6.138594933512E-1,2.096479306226E0,
-1.163971748154E1));
#7071=CARTESIAN_POINT('',(-5.484222209588E-1,2.165603911135E0,
-1.181915244462E1));
#7072=CARTESIAN_POINT('',(-6.569309010415E-1,2.084264709266E0,
-1.128084755538E1));
#7073=CARTESIAN_POINT('',(-5.932027572497E-1,2.132090077632E0,
-1.146028251846E1));
#7074=CARTESIAN_POINT('',(-5.294746134579E-1,2.179915445998E0,
-1.163971748154E1));
#7075=CARTESIAN_POINT('',(-4.657464696661E-1,2.227740814364E0,
-1.181915244462E1));
#7076=CARTESIAN_POINT('',(-4.259997563114E-1,2.281751424513E0,
-1.128084755538E1));
#7077=CARTESIAN_POINT('',(-3.795065635275E-1,2.294367696999E0,
-1.146028251846E1));
#7078=CARTESIAN_POINT('',(-3.330133707437E-1,2.306983969485E0,
-1.163971748154E1));
#7079=CARTESIAN_POINT('',(-2.865201779598E-1,2.319600241971E0,
-1.181915244462E1));
#7080=CARTESIAN_POINT('',(0.E0,2.384124287743E0,-1.128084755538E1));
#7081=CARTESIAN_POINT('',(0.E0,2.377816151500E0,-1.146028251846E1));
#7082=CARTESIAN_POINT('',(0.E0,2.371508015257E0,-1.163971748154E1));
#7083=CARTESIAN_POINT('',(0.E0,2.365199879014E0,-1.181915244462E1));
#7084=CARTESIAN_POINT('',(4.259997563114E-1,2.281751424513E0,
-1.128084755538E1));
#7085=CARTESIAN_POINT('',(3.795065635275E-1,2.294367696999E0,
-1.146028251846E1));
#7086=CARTESIAN_POINT('',(3.330133707437E-1,2.306983969485E0,
-1.163971748154E1));
#7087=CARTESIAN_POINT('',(2.865201779598E-1,2.319600241971E0,
-1.181915244462E1));
#7088=CARTESIAN_POINT('',(6.569309010415E-1,2.084264709266E0,
-1.128084755538E1));
#7089=CARTESIAN_POINT('',(5.932027572497E-1,2.132090077632E0,
-1.146028251846E1));
#7090=CARTESIAN_POINT('',(5.294746134579E-1,2.179915445998E0,
-1.163971748154E1));
#7091=CARTESIAN_POINT('',(4.657464696661E-1,2.227740814364E0,
-1.181915244462E1));
#7092=CARTESIAN_POINT('',(7.447340381358E-1,1.958230096406E0,
-1.128084755538E1));
#7093=CARTESIAN_POINT('',(6.792967657435E-1,2.027354701316E0,
-1.146028251846E1));
#7094=CARTESIAN_POINT('',(6.138594933512E-1,2.096479306226E0,
-1.163971748154E1));
#7095=CARTESIAN_POINT('',(5.484222209588E-1,2.165603911135E0,
-1.181915244462E1));
#7096=CARTESIAN_POINT('',(7.510612948931E-1,1.948775675151E0,
-1.128084755538E1));
#7097=CARTESIAN_POINT('',(6.855368470237E-1,2.019491882111E0,
-1.146028251846E1));
#7098=CARTESIAN_POINT('',(6.200123991543E-1,2.090208089072E0,
-1.163971748154E1));
#7099=CARTESIAN_POINT('',(5.544879512849E-1,2.160924296032E0,
-1.181915244462E1));
#7100=B_SPLINE_SURFACE_WITH_KNOTS('',3,3,((#7064,#7065,#7066,#7067),(#7068,
#7069,#7070,#7071),(#7072,#7073,#7074,#7075),(#7076,#7077,#7078,#7079),(#7080,
#7081,#7082,#7083),(#7084,#7085,#7086,#7087),(#7088,#7089,#7090,#7091),(#7092,
#7093,#7094,#7095),(#7096,#7097,#7098,#7099)),.UNSPECIFIED.,.F.,.F.,.F.,(4,1,1,
1,1,1,4),(4,4),(-2.E-2,0.E0,2.5E-1,5.E-1,7.5E-1,1.E0,1.02E0),
(-3.830488923174E-2,1.038304889232E0),.UNSPECIFIED.);
#7101=ORIENTED_EDGE('',*,*,#4224,.F.);
#7102=ORIENTED_EDGE('',*,*,#3931,.F.);
#7104=ORIENTED_EDGE('',*,*,#7103,.T.);
#7105=ORIENTED_EDGE('',*,*,#4573,.T.);
#7106=EDGE_LOOP('',(#7101,#7102,#7104,#7105));
#7107=FACE_OUTER_BOUND('',#7106,.F.);
#7108=ADVANCED_FACE('',(#7107),#7100,.T.);
#7109=CARTESIAN_POINT('',(-7.595161579525E-1,1.910682159379E0,
-1.128076968131E1));
#7110=CARTESIAN_POINT('',(-8.542221675834E-1,1.965195088804E0,
-1.146023060242E1));
#7111=CARTESIAN_POINT('',(-9.489281772143E-1,2.019708018229E0,
-1.163969152352E1));
#7112=CARTESIAN_POINT('',(-1.043634186845E0,2.074220947654E0,
-1.181915244462E1));
#7113=CARTESIAN_POINT('',(-7.577562397199E-1,1.914016552878E0,
-1.128076968131E1));
#7114=CARTESIAN_POINT('',(-8.502448210865E-1,1.967949031550E0,
-1.146023060242E1));
#7115=CARTESIAN_POINT('',(-9.427334024530E-1,2.021881510221E0,
-1.163969152352E1));
#7116=CARTESIAN_POINT('',(-1.035221983820E0,2.075813988892E0,
-1.181915244462E1));
#7117=CARTESIAN_POINT('',(-7.479706021672E-1,1.932974496955E0,
-1.128076968131E1));
#7118=CARTESIAN_POINT('',(-8.242784849572E-1,1.984314707892E0,
-1.146023060242E1));
#7119=CARTESIAN_POINT('',(-9.005863677473E-1,2.035654918829E0,
-1.163969152352E1));
#7120=CARTESIAN_POINT('',(-9.768942505374E-1,2.086995129766E0,
-1.181915244462E1));
#7121=CARTESIAN_POINT('',(-7.394215592699E-1,1.954087832411E0,
-1.128076968131E1));
#7122=CARTESIAN_POINT('',(-7.601446835332E-1,2.009980906010E0,
-1.146023060242E1));
#7123=CARTESIAN_POINT('',(-7.808678077966E-1,2.065873979608E0,
-1.163969152352E1));
#7124=CARTESIAN_POINT('',(-8.015909320599E-1,2.121767053207E0,
-1.181915244462E1));
#7125=CARTESIAN_POINT('',(-7.352899341106E-1,1.969539246117E0,
-1.128076968131E1));
#7126=CARTESIAN_POINT('',(-6.864271163920E-1,2.034467313710E0,
-1.146023060242E1));
#7127=CARTESIAN_POINT('',(-6.375642986734E-1,2.099395381303E0,
-1.163969152352E1));
#7128=CARTESIAN_POINT('',(-5.887014809549E-1,2.164323448897E0,
-1.181915244462E1));
#7129=CARTESIAN_POINT('',(-7.288803958772E-1,1.982342249381E0,
-1.128076968131E1));
#7130=CARTESIAN_POINT('',(-6.493876240933E-1,2.049494142902E0,
-1.146023060242E1));
#7131=CARTESIAN_POINT('',(-5.698948523094E-1,2.116646036423E0,
-1.163969152352E1));
#7132=CARTESIAN_POINT('',(-4.904020805255E-1,2.183797929944E0,
-1.181915244462E1));
#7133=CARTESIAN_POINT('',(-7.271286070344E-1,1.985554844678E0,
-1.128076968131E1));
#7134=CARTESIAN_POINT('',(-6.413246892261E-1,2.052996512252E0,
-1.146023060242E1));
#7135=CARTESIAN_POINT('',(-5.555207714178E-1,2.120438179826E0,
-1.163969152352E1));
#7136=CARTESIAN_POINT('',(-4.697168536095E-1,2.187879847400E0,
-1.181915244462E1));
#7137=B_SPLINE_SURFACE_WITH_KNOTS('',3,3,((#7109,#7110,#7111,#7112),(#7113,
#7114,#7115,#7116),(#7117,#7118,#7119,#7120),(#7121,#7122,#7123,#7124),(#7125,
#7126,#7127,#7128),(#7129,#7130,#7131,#7132),(#7133,#7134,#7135,#7136)),
.UNSPECIFIED.,.F.,.F.,.F.,(4,1,1,1,4),(4,4),(-9.796109746744E-2,0.E0,5.E-1,1.E0,
1.146691088708E0),(-3.846063737039E-2,1.038304889232E0),.UNSPECIFIED.);
#7138=ORIENTED_EDGE('',*,*,#3927,.F.);
#7140=ORIENTED_EDGE('',*,*,#7139,.T.);
#7141=ORIENTED_EDGE('',*,*,#4575,.T.);
#7142=ORIENTED_EDGE('',*,*,#7103,.F.);
#7143=ORIENTED_EDGE('',*,*,#3929,.F.);
#7144=EDGE_LOOP('',(#7138,#7140,#7141,#7142,#7143));
#7145=FACE_OUTER_BOUND('',#7144,.F.);
#7146=ADVANCED_FACE('',(#7145),#7137,.T.);
#7147=CARTESIAN_POINT('',(-7.872886574610E-1,1.865077227489E0,
-1.128124936861E1));
#7148=CARTESIAN_POINT('',(-8.719457425412E-1,1.907798300585E0,
-1.146041645561E1));
#7149=CARTESIAN_POINT('',(-9.566028276213E-1,1.950519373680E0,
-1.163958354262E1));
#7150=CARTESIAN_POINT('',(-1.041259912701E0,1.993240446776E0,
-1.181875062962E1));
#7151=CARTESIAN_POINT('',(-7.866358308277E-1,1.865763066455E0,
-1.128124936861E1));
#7152=CARTESIAN_POINT('',(-8.734019178251E-1,1.910822869404E0,
-1.146041645561E1));
#7153=CARTESIAN_POINT('',(-9.601680048225E-1,1.955882672354E0,
-1.163958354262E1));
#7154=CARTESIAN_POINT('',(-1.046934091820E0,2.000942475304E0,
-1.181875062962E1));
#7155=CARTESIAN_POINT('',(-7.842776621215E-1,1.869036412471E0,
-1.128124936861E1));
#7156=CARTESIAN_POINT('',(-8.749614985663E-1,1.919085392697E0,
-1.146041645561E1));
#7157=CARTESIAN_POINT('',(-9.656453350111E-1,1.969134372923E0,
-1.163958354262E1));
#7158=CARTESIAN_POINT('',(-1.056329171456E0,2.019183353150E0,
-1.181875062962E1));
#7159=CARTESIAN_POINT('',(-7.782677881464E-1,1.879156666638E0,
-1.128124936861E1));
#7160=CARTESIAN_POINT('',(-8.707507395277E-1,1.933084781356E0,
-1.146041645561E1));
#7161=CARTESIAN_POINT('',(-9.632336909090E-1,1.987012896073E0,
-1.163958354262E1));
#7162=CARTESIAN_POINT('',(-1.055716642290E0,2.040941010791E0,
-1.181875062962E1));
#7163=CARTESIAN_POINT('',(-7.695362387571E-1,1.894291954598E0,
-1.128124936861E1));
#7164=CARTESIAN_POINT('',(-8.629015081112E-1,1.948196417992E0,
-1.146041645561E1));
#7165=CARTESIAN_POINT('',(-9.562667774654E-1,2.002100881387E0,
-1.163958354262E1));
#7166=CARTESIAN_POINT('',(-1.049632046820E0,2.056005344781E0,
-1.181875062962E1));
#7167=CARTESIAN_POINT('',(-7.607944695856E-1,1.909421342163E0,
-1.128124936861E1));
#7168=CARTESIAN_POINT('',(-8.537390625997E-1,1.962549870117E0,
-1.146041645561E1));
#7169=CARTESIAN_POINT('',(-9.466836556138E-1,2.015678398072E0,
-1.163958354262E1));
#7170=CARTESIAN_POINT('',(-1.039628248628E0,2.068806926026E0,
-1.181875062962E1));
#7171=CARTESIAN_POINT('',(-7.542535317830E-1,1.921078965645E0,
-1.128124936861E1));
#7172=CARTESIAN_POINT('',(-8.423612538672E-1,1.974640744152E0,
-1.146041645561E1));
#7173=CARTESIAN_POINT('',(-9.304689759515E-1,2.028202522659E0,
-1.163958354262E1));
#7174=CARTESIAN_POINT('',(-1.018576698036E0,2.081764301166E0,
-1.181875062962E1));
#7175=CARTESIAN_POINT('',(-7.527438563758E-1,1.924852440484E0,
-1.128124936861E1));
#7176=CARTESIAN_POINT('',(-8.322158364420E-1,1.977014954348E0,
-1.146041645561E1));
#7177=CARTESIAN_POINT('',(-9.116878165081E-1,2.029177468211E0,
-1.163958354262E1));
#7178=CARTESIAN_POINT('',(-9.911597965742E-1,2.081339982075E0,
-1.181875062962E1));
#7179=CARTESIAN_POINT('',(-7.530283388957E-1,1.925328934568E0,
-1.128124936861E1));
#7180=CARTESIAN_POINT('',(-8.263270519896E-1,1.975808023887E0,
-1.146041645561E1));
#7181=CARTESIAN_POINT('',(-8.996257650834E-1,2.026287113206E0,
-1.163958354262E1));
#7182=CARTESIAN_POINT('',(-9.729244781772E-1,2.076766202525E0,
-1.181875062962E1));
#7183=B_SPLINE_SURFACE_WITH_KNOTS('',3,3,((#7147,#7148,#7149,#7150),(#7151,
#7152,#7153,#7154),(#7155,#7156,#7157,#7158),(#7159,#7160,#7161,#7162),(#7163,
#7164,#7165,#7166),(#7167,#7168,#7169,#7170),(#7171,#7172,#7173,#7174),(#7175,
#7176,#7177,#7178),(#7179,#7180,#7181,#7182)),.UNSPECIFIED.,.F.,.F.,.F.,(4,1,1,
1,1,1,4),(4,4),(-1.542215682936E-1,0.E0,2.5E-1,5.E-1,7.5E-1,1.E0,
1.242990215755E0),(-3.750126277861E-2,1.037501259243E0),.UNSPECIFIED.);
#7184=ORIENTED_EDGE('',*,*,#3925,.F.);
#7186=ORIENTED_EDGE('',*,*,#7185,.T.);
#7187=ORIENTED_EDGE('',*,*,#4577,.T.);
#7188=ORIENTED_EDGE('',*,*,#7139,.F.);
#7189=EDGE_LOOP('',(#7184,#7186,#7187,#7188));
#7190=FACE_OUTER_BOUND('',#7189,.F.);
#7191=ADVANCED_FACE('',(#7190),#7183,.T.);
#7192=CARTESIAN_POINT('',(-8.272373413885E-1,1.812148819804E0,
-1.128076968131E1));
#7193=CARTESIAN_POINT('',(-8.429417728006E-1,1.704506936604E0,
-1.146023060242E1));
#7194=CARTESIAN_POINT('',(-8.586462042126E-1,1.596865053404E0,
-1.163969152352E1));
#7195=CARTESIAN_POINT('',(-8.743506356247E-1,1.489223170204E0,
-1.181915244462E1));
#7196=CARTESIAN_POINT('',(-8.253800751478E-1,1.815182107279E0,
-1.128076968131E1));
#7197=CARTESIAN_POINT('',(-8.439283873929E-1,1.713051402685E0,
-1.146023060242E1));
#7198=CARTESIAN_POINT('',(-8.624766996380E-1,1.610920698091E0,
-1.163969152352E1));
#7199=CARTESIAN_POINT('',(-8.810250118831E-1,1.508789993496E0,
-1.181915244462E1));
#7200=CARTESIAN_POINT('',(-8.175459312154E-1,1.827043325904E0,
-1.128076968131E1));
#7201=CARTESIAN_POINT('',(-8.494230550662E-1,1.752453040586E0,
-1.146023060242E1));
#7202=CARTESIAN_POINT('',(-8.813001789171E-1,1.677862755268E0,
-1.163969152352E1));
#7203=CARTESIAN_POINT('',(-9.131773027679E-1,1.603272469950E0,
-1.181915244462E1));
#7204=CARTESIAN_POINT('',(-8.062636482417E-1,1.838313938228E0,
-1.128076968131E1));
#7205=CARTESIAN_POINT('',(-8.650300320053E-1,1.828314153487E0,
-1.146023060242E1));
#7206=CARTESIAN_POINT('',(-9.237964157689E-1,1.818314368745E0,
-1.163969152352E1));
#7207=CARTESIAN_POINT('',(-9.825627995325E-1,1.808314584004E0,
-1.181915244462E1));
#7208=CARTESIAN_POINT('',(-7.920757684004E-1,1.856502118199E0,
-1.128076968131E1));
#7209=CARTESIAN_POINT('',(-8.749941631640E-1,1.897556073441E0,
-1.146023060242E1));
#7210=CARTESIAN_POINT('',(-9.579125579277E-1,1.938610028683E0,
-1.163969152352E1));
#7211=CARTESIAN_POINT('',(-1.040830952691E0,1.979663983924E0,
-1.181915244462E1));
#7212=CARTESIAN_POINT('',(-7.801892477970E-1,1.875068643959E0,
-1.128076968131E1));
#7213=CARTESIAN_POINT('',(-8.736204468617E-1,1.928784255803E0,
-1.146023060242E1));
#7214=CARTESIAN_POINT('',(-9.670516459263E-1,1.982499867647E0,
-1.163969152352E1));
#7215=CARTESIAN_POINT('',(-1.060482844991E0,2.036215479491E0,
-1.181915244462E1));
#7216=CARTESIAN_POINT('',(-7.778569095252E-1,1.878795625786E0,
-1.128076968131E1));
#7217=CARTESIAN_POINT('',(-8.731017994318E-1,1.934224603375E0,
-1.146023060242E1));
#7218=CARTESIAN_POINT('',(-9.683466893385E-1,1.989653580964E0,
-1.163969152352E1));
#7219=CARTESIAN_POINT('',(-1.063591579245E0,2.045082558554E0,
-1.181915244462E1));
#7220=B_SPLINE_SURFACE_WITH_KNOTS('',3,3,((#7192,#7193,#7194,#7195),(#7196,
#7197,#7198,#7199),(#7200,#7201,#7202,#7203),(#7204,#7205,#7206,#7207),(#7208,
#7209,#7210,#7211),(#7212,#7213,#7214,#7215),(#7216,#7217,#7218,#7219)),
.UNSPECIFIED.,.F.,.F.,.F.,(4,1,1,1,4),(4,4),(-1.433245131302E-1,0.E0,5.E-1,1.E0,
1.111888538335E0),(-3.846063737039E-2,1.038304889232E0),.UNSPECIFIED.);
#7221=ORIENTED_EDGE('',*,*,#3921,.F.);
#7222=ORIENTED_EDGE('',*,*,#4678,.T.);
#7223=ORIENTED_EDGE('',*,*,#4579,.T.);
#7224=ORIENTED_EDGE('',*,*,#7185,.F.);
#7225=ORIENTED_EDGE('',*,*,#3923,.F.);
#7226=EDGE_LOOP('',(#7221,#7222,#7223,#7224,#7225));
#7227=FACE_OUTER_BOUND('',#7226,.F.);
#7228=ADVANCED_FACE('',(#7227),#7220,.T.);
#7229=CARTESIAN_POINT('',(-1.E0,0.E0,-1.675E1));
#7230=DIRECTION('',(0.E0,0.E0,-1.E0));
#7231=DIRECTION('',(1.E0,0.E0,0.E0));
#7232=AXIS2_PLACEMENT_3D('',#7229,#7230,#7231);
#7233=PLANE('',#7232);
#7234=ORIENTED_EDGE('',*,*,#4842,.F.);
#7236=ORIENTED_EDGE('',*,*,#7235,.T.);
#7238=ORIENTED_EDGE('',*,*,#7237,.T.);
#7240=ORIENTED_EDGE('',*,*,#7239,.F.);
#7241=EDGE_LOOP('',(#7234,#7236,#7238,#7240));
#7242=FACE_OUTER_BOUND('',#7241,.F.);
#7243=ADVANCED_FACE('',(#7242),#7233,.F.);
#7244=CARTESIAN_POINT('',(-8.175303292066E-1,0.E0,-1.6420816E1));
#7245=DIRECTION('',(-8.746197071394E-1,0.E0,4.848096202463E-1));
#7246=DIRECTION('',(-4.848096202463E-1,0.E0,-8.746197071394E-1));
#7247=AXIS2_PLACEMENT_3D('',#7244,#7245,#7246);
#7248=PLANE('',#7247);
#7249=ORIENTED_EDGE('',*,*,#4856,.T.);
#7251=ORIENTED_EDGE('',*,*,#7250,.T.);
#7253=ORIENTED_EDGE('',*,*,#7252,.T.);
#7254=ORIENTED_EDGE('',*,*,#7235,.F.);
#7255=EDGE_LOOP('',(#7249,#7251,#7253,#7254));
#7256=FACE_OUTER_BOUND('',#7255,.F.);
#7257=ADVANCED_FACE('',(#7256),#7248,.F.);
#7258=CARTESIAN_POINT('',(-5.688055163614E-1,0.E0,-1.6420816E1));
#7259=DIRECTION('',(0.E0,0.E0,1.E0));
#7260=DIRECTION('',(-1.E0,0.E0,0.E0));
#7261=AXIS2_PLACEMENT_3D('',#7258,#7259,#7260);
#7262=PLANE('',#7261);
#7264=ORIENTED_EDGE('',*,*,#7263,.T.);
#7266=ORIENTED_EDGE('',*,*,#7265,.T.);
#7267=ORIENTED_EDGE('',*,*,#7250,.F.);
#7268=ORIENTED_EDGE('',*,*,#4854,.T.);
#7269=EDGE_LOOP('',(#7264,#7266,#7267,#7268));
#7270=FACE_OUTER_BOUND('',#7269,.F.);
#7271=ADVANCED_FACE('',(#7270),#7262,.F.);
#7272=CARTESIAN_POINT('',(-3.863358455680E-1,0.E0,-1.675E1));
#7273=DIRECTION('',(8.746197071394E-1,0.E0,4.848096202463E-1));
#7274=DIRECTION('',(-4.848096202463E-1,0.E0,8.746197071394E-1));
#7275=AXIS2_PLACEMENT_3D('',#7272,#7273,#7274);
#7276=PLANE('',#7275);
#7277=ORIENTED_EDGE('',*,*,#4852,.T.);
#7279=ORIENTED_EDGE('',*,*,#7278,.T.);
#7281=ORIENTED_EDGE('',*,*,#7280,.T.);
#7282=ORIENTED_EDGE('',*,*,#7263,.F.);
#7283=EDGE_LOOP('',(#7277,#7279,#7281,#7282));
#7284=FACE_OUTER_BOUND('',#7283,.F.);
#7285=ADVANCED_FACE('',(#7284),#7276,.F.);
#7286=CARTESIAN_POINT('',(-5.931934252480E-1,0.E0,-1.675E1));
#7287=DIRECTION('',(0.E0,0.E0,-1.E0));
#7288=DIRECTION('',(1.E0,0.E0,0.E0));
#7289=AXIS2_PLACEMENT_3D('',#7286,#7287,#7288);
#7290=PLANE('',#7289);
#7291=ORIENTED_EDGE('',*,*,#4850,.F.);
#7293=ORIENTED_EDGE('',*,*,#7292,.T.);
#7295=ORIENTED_EDGE('',*,*,#7294,.T.);
#7296=ORIENTED_EDGE('',*,*,#7278,.F.);
#7297=EDGE_LOOP('',(#7291,#7293,#7295,#7296));
#7298=FACE_OUTER_BOUND('',#7297,.F.);
#7299=ADVANCED_FACE('',(#7298),#7290,.F.);
#7300=CARTESIAN_POINT('',(-6.097903307633E-1,0.E0,-1.671504954717E1));
#7301=DIRECTION('',(-9.033231713565E-1,0.E0,-4.289606603064E-1));
#7302=DIRECTION('',(4.289606603064E-1,0.E0,-9.033231713565E-1));
#7303=AXIS2_PLACEMENT_3D('',#7300,#7301,#7302);
#7304=PLANE('',#7303);
#7305=ORIENTED_EDGE('',*,*,#4848,.F.);
#7307=ORIENTED_EDGE('',*,*,#7306,.T.);
#7309=ORIENTED_EDGE('',*,*,#7308,.T.);
#7310=ORIENTED_EDGE('',*,*,#7292,.F.);
#7311=EDGE_LOOP('',(#7305,#7307,#7309,#7310));
#7312=FACE_OUTER_BOUND('',#7311,.F.);
#7313=ADVANCED_FACE('',(#7312),#7304,.F.);
#7314=CARTESIAN_POINT('',(-7.768447565085E-1,0.E0,-1.671504954717E1));
#7315=DIRECTION('',(0.E0,0.E0,-1.E0));
#7316=DIRECTION('',(1.E0,0.E0,0.E0));
#7317=AXIS2_PLACEMENT_3D('',#7314,#7315,#7316);
#7318=PLANE('',#7317);
#7319=ORIENTED_EDGE('',*,*,#4846,.F.);
#7321=ORIENTED_EDGE('',*,*,#7320,.T.);
#7323=ORIENTED_EDGE('',*,*,#7322,.T.);
#7324=ORIENTED_EDGE('',*,*,#7306,.F.);
#7325=EDGE_LOOP('',(#7319,#7321,#7323,#7324));
#7326=FACE_OUTER_BOUND('',#7325,.F.);
#7327=ADVANCED_FACE('',(#7326),#7318,.F.);
#7328=CARTESIAN_POINT('',(-7.931424203200E-1,0.E0,-1.675E1));
#7329=DIRECTION('',(9.063077870366E-1,0.E0,-4.226182617407E-1));
#7330=DIRECTION('',(4.226182617407E-1,0.E0,9.063077870366E-1));
#7331=AXIS2_PLACEMENT_3D('',#7328,#7329,#7330);
#7332=PLANE('',#7331);
#7333=ORIENTED_EDGE('',*,*,#4844,.F.);
#7334=ORIENTED_EDGE('',*,*,#7239,.T.);
#7336=ORIENTED_EDGE('',*,*,#7335,.T.);
#7337=ORIENTED_EDGE('',*,*,#7320,.F.);
#7338=EDGE_LOOP('',(#7333,#7334,#7336,#7337));
#7339=FACE_OUTER_BOUND('',#7338,.F.);
#7340=ADVANCED_FACE('',(#7339),#7332,.F.);
#7341=CARTESIAN_POINT('',(0.E0,1.35E0,-1.7E1));
#7342=DIRECTION('',(0.E0,0.E0,1.E0));
#7343=DIRECTION('',(1.E0,0.E0,0.E0));
#7344=AXIS2_PLACEMENT_3D('',#7341,#7342,#7343);
#7345=CYLINDRICAL_SURFACE('',#7344,1.275E0);
#7346=ORIENTED_EDGE('',*,*,#7237,.F.);
#7347=ORIENTED_EDGE('',*,*,#7252,.F.);
#7348=ORIENTED_EDGE('',*,*,#7265,.F.);
#7349=ORIENTED_EDGE('',*,*,#7280,.F.);
#7350=ORIENTED_EDGE('',*,*,#7294,.F.);
#7351=ORIENTED_EDGE('',*,*,#7308,.F.);
#7352=ORIENTED_EDGE('',*,*,#7322,.F.);
#7353=ORIENTED_EDGE('',*,*,#7335,.F.);
#7354=EDGE_LOOP('',(#7346,#7347,#7348,#7349,#7350,#7351,#7352,#7353));
#7355=FACE_OUTER_BOUND('',#7354,.F.);
#7357=ORIENTED_EDGE('',*,*,#7356,.F.);
#7359=ORIENTED_EDGE('',*,*,#7358,.F.);
#7361=ORIENTED_EDGE('',*,*,#7360,.F.);
#7362=EDGE_LOOP('',(#7357,#7359,#7361));
#7363=FACE_BOUND('',#7362,.F.);
#7364=ADVANCED_FACE('',(#7355,#7363),#7345,.T.);
#7365=CARTESIAN_POINT('',(0.E0,1.35E0,-1.7E1));
#7366=DIRECTION('',(0.E0,0.E0,1.E0));
#7367=DIRECTION('',(1.E0,0.E0,0.E0));
#7368=AXIS2_PLACEMENT_3D('',#7365,#7366,#7367);
#7369=CYLINDRICAL_SURFACE('',#7368,1.275E0);
#7371=ORIENTED_EDGE('',*,*,#7370,.F.);
#7373=ORIENTED_EDGE('',*,*,#7372,.F.);
#7375=ORIENTED_EDGE('',*,*,#7374,.F.);
#7377=ORIENTED_EDGE('',*,*,#7376,.F.);
#7379=ORIENTED_EDGE('',*,*,#7378,.F.);
#7381=ORIENTED_EDGE('',*,*,#7380,.F.);
#7383=ORIENTED_EDGE('',*,*,#7382,.F.);
#7385=ORIENTED_EDGE('',*,*,#7384,.F.);
#7387=ORIENTED_EDGE('',*,*,#7386,.F.);
#7389=ORIENTED_EDGE('',*,*,#7388,.F.);
#7391=ORIENTED_EDGE('',*,*,#7390,.F.);
#7393=ORIENTED_EDGE('',*,*,#7392,.F.);
#7395=ORIENTED_EDGE('',*,*,#7394,.F.);
#7396=EDGE_LOOP('',(#7371,#7373,#7375,#7377,#7379,#7381,#7383,#7385,#7387,#7389,
#7391,#7393,#7395));
#7397=FACE_OUTER_BOUND('',#7396,.F.);
#7398=ADVANCED_FACE('',(#7397),#7369,.T.);
#7399=CARTESIAN_POINT('',(0.E0,1.35E0,-1.7E1));
#7400=DIRECTION('',(0.E0,0.E0,1.E0));
#7401=DIRECTION('',(1.E0,0.E0,0.E0));
#7402=AXIS2_PLACEMENT_3D('',#7399,#7400,#7401);
#7403=CYLINDRICAL_SURFACE('',#7402,1.275E0);
#7405=ORIENTED_EDGE('',*,*,#7404,.F.);
#7407=ORIENTED_EDGE('',*,*,#7406,.F.);
#7409=ORIENTED_EDGE('',*,*,#7408,.F.);
#7411=ORIENTED_EDGE('',*,*,#7410,.F.);
#7413=ORIENTED_EDGE('',*,*,#7412,.F.);
#7415=ORIENTED_EDGE('',*,*,#7414,.F.);
#7417=ORIENTED_EDGE('',*,*,#7416,.F.);
#7418=EDGE_LOOP('',(#7405,#7407,#7409,#7411,#7413,#7415,#7417));
#7419=FACE_OUTER_BOUND('',#7418,.F.);
#7421=ORIENTED_EDGE('',*,*,#7420,.F.);
#7423=ORIENTED_EDGE('',*,*,#7422,.F.);
#7425=ORIENTED_EDGE('',*,*,#7424,.F.);
#7427=ORIENTED_EDGE('',*,*,#7426,.F.);
#7428=EDGE_LOOP('',(#7421,#7423,#7425,#7427));
#7429=FACE_BOUND('',#7428,.F.);
#7430=ADVANCED_FACE('',(#7419,#7429),#7403,.T.);
#7431=CARTESIAN_POINT('',(-6.940773902004E-1,0.E0,-1.653755435733E1));
#7432=DIRECTION('',(-9.033231713565E-1,0.E0,-4.289606603064E-1));
#7433=DIRECTION('',(4.289606603064E-1,0.E0,-9.033231713565E-1));
#7434=AXIS2_PLACEMENT_3D('',#7431,#7432,#7433);
#7435=PLANE('',#7434);
#7436=ORIENTED_EDGE('',*,*,#4910,.F.);
#7438=ORIENTED_EDGE('',*,*,#7437,.T.);
#7439=ORIENTED_EDGE('',*,*,#7356,.T.);
#7441=ORIENTED_EDGE('',*,*,#7440,.F.);
#7442=EDGE_LOOP('',(#7436,#7438,#7439,#7441));
#7443=FACE_OUTER_BOUND('',#7442,.F.);
#7444=ADVANCED_FACE('',(#7443),#7435,.F.);
#7445=CARTESIAN_POINT('',(-7.381853710846E-1,0.E0,-1.663214422758E1));
#7446=DIRECTION('',(9.063077870366E-1,0.E0,-4.226182617407E-1));
#7447=DIRECTION('',(4.226182617407E-1,0.E0,9.063077870366E-1));
#7448=AXIS2_PLACEMENT_3D('',#7445,#7446,#7447);
#7449=PLANE('',#7448);
#7450=ORIENTED_EDGE('',*,*,#4914,.F.);
#7452=ORIENTED_EDGE('',*,*,#7451,.T.);
#7453=ORIENTED_EDGE('',*,*,#7358,.T.);
#7454=ORIENTED_EDGE('',*,*,#7437,.F.);
#7455=EDGE_LOOP('',(#7450,#7452,#7453,#7454));
#7456=FACE_OUTER_BOUND('',#7455,.F.);
#7457=ADVANCED_FACE('',(#7456),#7449,.F.);
#7458=CARTESIAN_POINT('',(-6.491595418711E-1,0.E0,-1.663214422758E1));
#7459=DIRECTION('',(0.E0,0.E0,1.E0));
#7460=DIRECTION('',(-1.E0,0.E0,0.E0));
#7461=AXIS2_PLACEMENT_3D('',#7458,#7459,#7460);
#7462=PLANE('',#7461);
#7463=ORIENTED_EDGE('',*,*,#4912,.T.);
#7464=ORIENTED_EDGE('',*,*,#7440,.T.);
#7465=ORIENTED_EDGE('',*,*,#7360,.T.);
#7466=ORIENTED_EDGE('',*,*,#7451,.F.);
#7467=EDGE_LOOP('',(#7463,#7464,#7465,#7466));
#7468=FACE_OUTER_BOUND('',#7467,.F.);
#7469=ADVANCED_FACE('',(#7468),#7462,.F.);
#7470=CARTESIAN_POINT('',(3.338051779520E-1,0.E0,-1.6420816E1));
#7471=DIRECTION('',(0.E0,0.E0,1.E0));
#7472=DIRECTION('',(-1.E0,0.E0,0.E0));
#7473=AXIS2_PLACEMENT_3D('',#7470,#7471,#7472);
#7474=PLANE('',#7473);
#7476=ORIENTED_EDGE('',*,*,#7475,.T.);
#7477=ORIENTED_EDGE('',*,*,#7370,.T.);
#7479=ORIENTED_EDGE('',*,*,#7478,.F.);
#7480=ORIENTED_EDGE('',*,*,#4884,.T.);
#7481=EDGE_LOOP('',(#7476,#7477,#7479,#7480));
#7482=FACE_OUTER_BOUND('',#7481,.F.);
#7483=ADVANCED_FACE('',(#7482),#7474,.F.);
#7484=CARTESIAN_POINT('',(3.338051779520E-1,0.E0,-1.675E1));
#7485=DIRECTION('',(1.E0,0.E0,0.E0));
#7486=DIRECTION('',(0.E0,0.E0,1.E0));
#7487=AXIS2_PLACEMENT_3D('',#7484,#7485,#7486);
#7488=PLANE('',#7487);
#7489=ORIENTED_EDGE('',*,*,#4882,.F.);
#7491=ORIENTED_EDGE('',*,*,#7490,.T.);
#7492=ORIENTED_EDGE('',*,*,#7372,.T.);
#7493=ORIENTED_EDGE('',*,*,#7475,.F.);
#7494=EDGE_LOOP('',(#7489,#7491,#7492,#7493));
#7495=FACE_OUTER_BOUND('',#7494,.F.);
#7496=ADVANCED_FACE('',(#7495),#7488,.F.);
#7497=CARTESIAN_POINT('',(1.527539779520E-1,0.E0,-1.675E1));
#7498=DIRECTION('',(0.E0,0.E0,-1.E0));
#7499=DIRECTION('',(1.E0,0.E0,0.E0));
#7500=AXIS2_PLACEMENT_3D('',#7497,#7498,#7499);
#7501=PLANE('',#7500);
#7502=ORIENTED_EDGE('',*,*,#4880,.F.);
#7504=ORIENTED_EDGE('',*,*,#7503,.T.);
#7505=ORIENTED_EDGE('',*,*,#7374,.T.);
#7506=ORIENTED_EDGE('',*,*,#7490,.F.);
#7507=EDGE_LOOP('',(#7502,#7504,#7505,#7506));
#7508=FACE_OUTER_BOUND('',#7507,.F.);
#7509=ADVANCED_FACE('',(#7508),#7501,.F.);
#7510=CARTESIAN_POINT('',(1.527539779520E-1,0.E0,-1.653755435733E1));
#7511=DIRECTION('',(-1.E0,0.E0,0.E0));
#7512=DIRECTION('',(0.E0,0.E0,-1.E0));
#7513=AXIS2_PLACEMENT_3D('',#7510,#7511,#7512);
#7514=PLANE('',#7513);
#7515=ORIENTED_EDGE('',*,*,#4878,.T.);
#7517=ORIENTED_EDGE('',*,*,#7516,.T.);
#7518=ORIENTED_EDGE('',*,*,#7376,.T.);
#7519=ORIENTED_EDGE('',*,*,#7503,.F.);
#7520=EDGE_LOOP('',(#7515,#7517,#7518,#7519));
#7521=FACE_OUTER_BOUND('',#7520,.F.);
#7522=ADVANCED_FACE('',(#7521),#7514,.F.);
#7523=CARTESIAN_POINT('',(6.293974457600E-2,0.E0,-1.675E1));
#7524=DIRECTION('',(9.210708586005E-1,0.E0,-3.893950095173E-1));
#7525=DIRECTION('',(3.893950095173E-1,0.E0,9.210708586005E-1));
#7526=AXIS2_PLACEMENT_3D('',#7523,#7524,#7525);
#7527=PLANE('',#7526);
#7528=ORIENTED_EDGE('',*,*,#4876,.F.);
#7530=ORIENTED_EDGE('',*,*,#7529,.T.);
#7531=ORIENTED_EDGE('',*,*,#7378,.T.);
#7532=ORIENTED_EDGE('',*,*,#7516,.F.);
#7533=EDGE_LOOP('',(#7528,#7530,#7531,#7532));
#7534=FACE_OUTER_BOUND('',#7533,.F.);
#7535=ADVANCED_FACE('',(#7534),#7527,.F.);
#7536=CARTESIAN_POINT('',(-1.051067123200E-1,0.E0,-1.675E1));
#7537=DIRECTION('',(0.E0,0.E0,-1.E0));
#7538=DIRECTION('',(1.E0,0.E0,0.E0));
#7539=AXIS2_PLACEMENT_3D('',#7536,#7537,#7538);
#7540=PLANE('',#7539);
#7541=ORIENTED_EDGE('',*,*,#4874,.F.);
#7543=ORIENTED_EDGE('',*,*,#7542,.T.);
#7544=ORIENTED_EDGE('',*,*,#7380,.T.);
#7545=ORIENTED_EDGE('',*,*,#7529,.F.);
#7546=EDGE_LOOP('',(#7541,#7543,#7544,#7545));
#7547=FACE_OUTER_BOUND('',#7546,.F.);
#7548=ADVANCED_FACE('',(#7547),#7540,.F.);
#7549=CARTESIAN_POINT('',(-1.949212748800E-1,0.E0,-1.653755435733E1));
#7550=DIRECTION('',(-9.210703467209E-1,0.E0,-3.893962203096E-1));
#7551=DIRECTION('',(3.893962203096E-1,0.E0,-9.210703467209E-1));
#7552=AXIS2_PLACEMENT_3D('',#7549,#7550,#7551);
#7553=PLANE('',#7552);
#7554=ORIENTED_EDGE('',*,*,#4872,.F.);
#7556=ORIENTED_EDGE('',*,*,#7555,.T.);
#7557=ORIENTED_EDGE('',*,*,#7382,.T.);
#7558=ORIENTED_EDGE('',*,*,#7542,.F.);
#7559=EDGE_LOOP('',(#7554,#7556,#7557,#7558));
#7560=FACE_OUTER_BOUND('',#7559,.F.);
#7561=ADVANCED_FACE('',(#7560),#7553,.F.);
#7562=CARTESIAN_POINT('',(-1.949212748800E-1,0.E0,-1.675E1));
#7563=DIRECTION('',(1.E0,0.E0,0.E0));
#7564=DIRECTION('',(0.E0,0.E0,1.E0));
#7565=AXIS2_PLACEMENT_3D('',#7562,#7563,#7564);
#7566=PLANE('',#7565);
#7567=ORIENTED_EDGE('',*,*,#4870,.F.);
#7569=ORIENTED_EDGE('',*,*,#7568,.T.);
#7570=ORIENTED_EDGE('',*,*,#7384,.T.);
#7571=ORIENTED_EDGE('',*,*,#7555,.F.);
#7572=EDGE_LOOP('',(#7567,#7569,#7570,#7571));
#7573=FACE_OUTER_BOUND('',#7572,.F.);
#7574=ADVANCED_FACE('',(#7573),#7566,.F.);
#7575=CARTESIAN_POINT('',(-3.759724748800E-1,0.E0,-1.675E1));
#7576=DIRECTION('',(0.E0,0.E0,-1.E0));
#7577=DIRECTION('',(1.E0,0.E0,0.E0));
#7578=AXIS2_PLACEMENT_3D('',#7575,#7576,#7577);
#7579=PLANE('',#7578);
#7580=ORIENTED_EDGE('',*,*,#4868,.F.);
#7582=ORIENTED_EDGE('',*,*,#7581,.T.);
#7583=ORIENTED_EDGE('',*,*,#7386,.T.);
#7584=ORIENTED_EDGE('',*,*,#7568,.F.);
#7585=EDGE_LOOP('',(#7580,#7582,#7583,#7584));
#7586=FACE_OUTER_BOUND('',#7585,.F.);
#7587=ADVANCED_FACE('',(#7586),#7579,.F.);
#7588=CARTESIAN_POINT('',(-3.759724748800E-1,0.E0,-1.6420816E1));
#7589=DIRECTION('',(-1.E0,0.E0,0.E0));
#7590=DIRECTION('',(0.E0,0.E0,-1.E0));
#7591=AXIS2_PLACEMENT_3D('',#7588,#7589,#7590);
#7592=PLANE('',#7591);
#7593=ORIENTED_EDGE('',*,*,#4866,.T.);
#7595=ORIENTED_EDGE('',*,*,#7594,.T.);
#7596=ORIENTED_EDGE('',*,*,#7388,.T.);
#7597=ORIENTED_EDGE('',*,*,#7581,.F.);
#7598=EDGE_LOOP('',(#7593,#7595,#7596,#7597));
#7599=FACE_OUTER_BOUND('',#7598,.F.);
#7600=ADVANCED_FACE('',(#7599),#7592,.F.);
#7601=CARTESIAN_POINT('',(-8.986680985600E-2,0.E0,-1.6420816E1));
#7602=DIRECTION('',(0.E0,0.E0,1.E0));
#7603=DIRECTION('',(-1.E0,0.E0,0.E0));
#7604=AXIS2_PLACEMENT_3D('',#7601,#7602,#7603);
#7605=PLANE('',#7604);
#7607=ORIENTED_EDGE('',*,*,#7606,.T.);
#7608=ORIENTED_EDGE('',*,*,#7390,.T.);
#7609=ORIENTED_EDGE('',*,*,#7594,.F.);
#7610=ORIENTED_EDGE('',*,*,#4864,.T.);
#7611=EDGE_LOOP('',(#7607,#7608,#7609,#7610));
#7612=FACE_OUTER_BOUND('',#7611,.F.);
#7613=ADVANCED_FACE('',(#7612),#7605,.F.);
#7614=CARTESIAN_POINT('',(-2.108364846400E-2,0.E0,-1.659106029850E1));
#7615=DIRECTION('',(9.271838545668E-1,0.E0,3.746065934159E-1));
#7616=DIRECTION('',(-3.746065934159E-1,0.E0,9.271838545668E-1));
#7617=AXIS2_PLACEMENT_3D('',#7614,#7615,#7616);
#7618=PLANE('',#7617);
#7619=ORIENTED_EDGE('',*,*,#4862,.T.);
#7621=ORIENTED_EDGE('',*,*,#7620,.T.);
#7622=ORIENTED_EDGE('',*,*,#7392,.T.);
#7623=ORIENTED_EDGE('',*,*,#7606,.F.);
#7624=EDGE_LOOP('',(#7619,#7621,#7622,#7623));
#7625=FACE_OUTER_BOUND('',#7624,.F.);
#7626=ADVANCED_FACE('',(#7625),#7618,.F.);
#7627=CARTESIAN_POINT('',(4.769951292800E-2,0.E0,-1.6420816E1));
#7628=DIRECTION('',(-9.271838545668E-1,0.E0,3.746065934159E-1));
#7629=DIRECTION('',(-3.746065934159E-1,0.E0,-9.271838545668E-1));
#7630=AXIS2_PLACEMENT_3D('',#7627,#7628,#7629);
#7631=PLANE('',#7630);
#7632=ORIENTED_EDGE('',*,*,#4860,.T.);
#7633=ORIENTED_EDGE('',*,*,#7478,.T.);
#7634=ORIENTED_EDGE('',*,*,#7394,.T.);
#7635=ORIENTED_EDGE('',*,*,#7620,.F.);
#7636=EDGE_LOOP('',(#7632,#7633,#7634,#7635));
#7637=FACE_OUTER_BOUND('',#7636,.F.);
#7638=ADVANCED_FACE('',(#7637),#7631,.F.);
#7639=CARTESIAN_POINT('',(3.831814612160E-1,0.E0,-1.675E1));
#7640=DIRECTION('',(0.E0,0.E0,-1.E0));
#7641=DIRECTION('',(1.E0,0.E0,0.E0));
#7642=AXIS2_PLACEMENT_3D('',#7639,#7640,#7641);
#7643=PLANE('',#7642);
#7644=ORIENTED_EDGE('',*,*,#4888,.F.);
#7646=ORIENTED_EDGE('',*,*,#7645,.T.);
#7647=ORIENTED_EDGE('',*,*,#7404,.T.);
#7649=ORIENTED_EDGE('',*,*,#7648,.F.);
#7650=EDGE_LOOP('',(#7644,#7646,#7647,#7649));
#7651=FACE_OUTER_BOUND('',#7650,.F.);
#7652=ADVANCED_FACE('',(#7651),#7643,.F.);
#7653=CARTESIAN_POINT('',(3.831814612160E-1,0.E0,-1.6420816E1));
#7654=DIRECTION('',(-1.E0,0.E0,0.E0));
#7655=DIRECTION('',(0.E0,0.E0,-1.E0));
#7656=AXIS2_PLACEMENT_3D('',#7653,#7654,#7655);
#7657=PLANE('',#7656);
#7658=ORIENTED_EDGE('',*,*,#4900,.T.);
#7660=ORIENTED_EDGE('',*,*,#7659,.T.);
#7661=ORIENTED_EDGE('',*,*,#7406,.T.);
#7662=ORIENTED_EDGE('',*,*,#7645,.F.);
#7663=EDGE_LOOP('',(#7658,#7660,#7661,#7662));
#7664=FACE_OUTER_BOUND('',#7663,.F.);
#7665=ADVANCED_FACE('',(#7664),#7657,.F.);
#7666=CARTESIAN_POINT('',(7.176485352320E-1,0.E0,-1.6420816E1));
#7667=DIRECTION('',(0.E0,0.E0,1.E0));
#7668=DIRECTION('',(-1.E0,0.E0,0.E0));
#7669=AXIS2_PLACEMENT_3D('',#7666,#7667,#7668);
#7670=PLANE('',#7669);
#7672=ORIENTED_EDGE('',*,*,#7671,.T.);
#7673=ORIENTED_EDGE('',*,*,#7408,.T.);
#7674=ORIENTED_EDGE('',*,*,#7659,.F.);
#7675=ORIENTED_EDGE('',*,*,#4898,.T.);
#7676=EDGE_LOOP('',(#7672,#7673,#7674,#7675));
#7677=FACE_OUTER_BOUND('',#7676,.F.);
#7678=ADVANCED_FACE('',(#7677),#7670,.F.);
#7679=CARTESIAN_POINT('',(7.068700446023E-1,0.E0,-1.642088497500E1));
#7680=CARTESIAN_POINT('',(7.672653622269E-1,0.E0,-1.642012116876E1));
#7681=CARTESIAN_POINT('',(8.493794913811E-1,0.E0,-1.642745430668E1));
#7682=CARTESIAN_POINT('',(9.224537958315E-1,0.E0,-1.647364302500E1));
#7683=CARTESIAN_POINT('',(9.390537181156E-1,0.E0,-1.651667461410E1));
#7684=CARTESIAN_POINT('',(9.361628107176E-1,0.E0,-1.654938127719E1));
#7686=DIRECTION('',(0.E0,-1.E0,0.E0));
#7687=VECTOR('',#7686,1.E0);
#7688=SURFACE_OF_LINEAR_EXTRUSION('',#7685,#7687);
#7689=ORIENTED_EDGE('',*,*,#4896,.T.);
#7691=ORIENTED_EDGE('',*,*,#7690,.T.);
#7692=ORIENTED_EDGE('',*,*,#7410,.T.);
#7693=ORIENTED_EDGE('',*,*,#7671,.F.);
#7694=EDGE_LOOP('',(#7689,#7691,#7692,#7693));
#7695=FACE_OUTER_BOUND('',#7694,.F.);
#7696=ADVANCED_FACE('',(#7695),#7688,.T.);
#7697=CARTESIAN_POINT('',(9.362470619941E-1,0.E0,-1.652675719079E1));
#7698=CARTESIAN_POINT('',(9.388919790709E-1,0.E0,-1.655911698081E1));
#7699=CARTESIAN_POINT('',(9.220250146896E-1,0.E0,-1.660167976230E1));
#7700=CARTESIAN_POINT('',(8.488357508249E-1,0.E0,-1.664734999019E1));
#7701=CARTESIAN_POINT('',(7.669254459149E-1,0.E0,-1.665458430409E1));
#7702=CARTESIAN_POINT('',(7.067273527587E-1,0.E0,-1.665381595681E1));
#7704=DIRECTION('',(0.E0,-1.E0,0.E0));
#7705=VECTOR('',#7704,1.E0);
#7706=SURFACE_OF_LINEAR_EXTRUSION('',#7703,#7705);
#7707=ORIENTED_EDGE('',*,*,#4894,.T.);
#7709=ORIENTED_EDGE('',*,*,#7708,.T.);
#7710=ORIENTED_EDGE('',*,*,#7412,.T.);
#7711=ORIENTED_EDGE('',*,*,#7690,.F.);
#7712=EDGE_LOOP('',(#7707,#7709,#7710,#7711));
#7713=FACE_OUTER_BOUND('',#7712,.F.);
#7714=ADVANCED_FACE('',(#7713),#7706,.T.);
#7715=CARTESIAN_POINT('',(5.650454165120E-1,0.E0,-1.665388650160E1));
#7716=DIRECTION('',(0.E0,0.E0,-1.E0));
#7717=DIRECTION('',(1.E0,0.E0,0.E0));
#7718=AXIS2_PLACEMENT_3D('',#7715,#7716,#7717);
#7719=PLANE('',#7718);
#7720=ORIENTED_EDGE('',*,*,#4892,.F.);
#7722=ORIENTED_EDGE('',*,*,#7721,.T.);
#7723=ORIENTED_EDGE('',*,*,#7414,.T.);
#7724=ORIENTED_EDGE('',*,*,#7708,.F.);
#7725=EDGE_LOOP('',(#7720,#7722,#7723,#7724));
#7726=FACE_OUTER_BOUND('',#7725,.F.);
#7727=ADVANCED_FACE('',(#7726),#7719,.F.);
#7728=CARTESIAN_POINT('',(5.650454165120E-1,0.E0,-1.675E1));
#7729=DIRECTION('',(1.E0,0.E0,0.E0));
#7730=DIRECTION('',(0.E0,0.E0,1.E0));
#7731=AXIS2_PLACEMENT_3D('',#7728,#7729,#7730);
#7732=PLANE('',#7731);
#7733=ORIENTED_EDGE('',*,*,#4890,.F.);
#7734=ORIENTED_EDGE('',*,*,#7648,.T.);
#7735=ORIENTED_EDGE('',*,*,#7416,.T.);
#7736=ORIENTED_EDGE('',*,*,#7721,.F.);
#7737=EDGE_LOOP('',(#7733,#7734,#7735,#7736));
#7738=FACE_OUTER_BOUND('',#7737,.F.);
#7739=ADVANCED_FACE('',(#7738),#7732,.F.);
#7740=CARTESIAN_POINT('',(5.650454165120E-1,0.E0,-1.656203988621E1));
#7741=DIRECTION('',(1.E0,0.E0,0.E0));
#7742=DIRECTION('',(0.E0,0.E0,1.E0));
#7743=AXIS2_PLACEMENT_3D('',#7740,#7741,#7742);
#7744=PLANE('',#7743);
#7745=ORIENTED_EDGE('',*,*,#4924,.F.);
#7747=ORIENTED_EDGE('',*,*,#7746,.T.);
#7748=ORIENTED_EDGE('',*,*,#7420,.T.);
#7750=ORIENTED_EDGE('',*,*,#7749,.F.);
#7751=EDGE_LOOP('',(#7745,#7747,#7748,#7750));
#7752=FACE_OUTER_BOUND('',#7751,.F.);
#7753=ADVANCED_FACE('',(#7752),#7744,.F.);
#7754=CARTESIAN_POINT('',(7.176485352320E-1,0.E0,-1.656203988621E1));
#7755=DIRECTION('',(0.E0,0.E0,1.E0));
#7756=DIRECTION('',(-1.E0,0.E0,0.E0));
#7757=AXIS2_PLACEMENT_3D('',#7754,#7755,#7756);
#7758=PLANE('',#7757);
#7759=ORIENTED_EDGE('',*,*,#4930,.T.);
#7761=ORIENTED_EDGE('',*,*,#7760,.T.);
#7762=ORIENTED_EDGE('',*,*,#7422,.T.);
#7763=ORIENTED_EDGE('',*,*,#7746,.F.);
#7764=EDGE_LOOP('',(#7759,#7761,#7762,#7763));
#7765=FACE_OUTER_BOUND('',#7764,.F.);
#7766=ADVANCED_FACE('',(#7765),#7758,.F.);
#7767=CARTESIAN_POINT('',(7.176485352320E-1,0.E0,-1.653755435733E1));
#7768=DIRECTION('',(0.E0,-1.E0,0.E0));
#7769=DIRECTION('',(1.E0,0.E0,0.E0));
#7770=AXIS2_PLACEMENT_3D('',#7767,#7768,#7769);
#7771=CYLINDRICAL_SURFACE('',#7770,2.448552888E-2);
#7772=ORIENTED_EDGE('',*,*,#4928,.T.);
#7774=ORIENTED_EDGE('',*,*,#7773,.T.);
#7775=ORIENTED_EDGE('',*,*,#7424,.T.);
#7776=ORIENTED_EDGE('',*,*,#7760,.F.);
#7777=EDGE_LOOP('',(#7772,#7774,#7775,#7776));
#7778=FACE_OUTER_BOUND('',#7777,.F.);
#7779=ADVANCED_FACE('',(#7778),#7771,.T.);
#7780=CARTESIAN_POINT('',(5.650454165120E-1,0.E0,-1.651306882845E1));
#7781=DIRECTION('',(0.E0,0.E0,-1.E0));
#7782=DIRECTION('',(1.E0,0.E0,0.E0));
#7783=AXIS2_PLACEMENT_3D('',#7780,#7781,#7782);
#7784=PLANE('',#7783);
#7785=ORIENTED_EDGE('',*,*,#4926,.F.);
#7786=ORIENTED_EDGE('',*,*,#7749,.T.);
#7787=ORIENTED_EDGE('',*,*,#7426,.T.);
#7788=ORIENTED_EDGE('',*,*,#7773,.F.);
#7789=EDGE_LOOP('',(#7785,#7786,#7787,#7788));
#7790=FACE_OUTER_BOUND('',#7789,.F.);
#7791=ADVANCED_FACE('',(#7790),#7784,.F.);
#7792=CARTESIAN_POINT('',(0.E0,1.45E0,-3.7E0));
#7793=DIRECTION('',(0.E0,0.E0,-1.E0));
#7794=DIRECTION('',(0.E0,-1.E0,0.E0));
#7795=AXIS2_PLACEMENT_3D('',#7792,#7793,#7794);
#7796=CONICAL_SURFACE('',#7795,7.E-1,2.180140948635E1);
#7798=ORIENTED_EDGE('',*,*,#7797,.T.);
#7800=ORIENTED_EDGE('',*,*,#7799,.T.);
#7802=ORIENTED_EDGE('',*,*,#7801,.F.);
#7803=ORIENTED_EDGE('',*,*,#3908,.F.);
#7804=EDGE_LOOP('',(#7798,#7800,#7802,#7803));
#7805=FACE_OUTER_BOUND('',#7804,.F.);
#7806=ADVANCED_FACE('',(#7805),#7796,.T.);
#7807=CARTESIAN_POINT('',(0.E0,1.45E0,-3.7E0));
#7808=DIRECTION('',(0.E0,0.E0,-1.E0));
#7809=DIRECTION('',(0.E0,-1.E0,0.E0));
#7810=AXIS2_PLACEMENT_3D('',#7807,#7808,#7809);
#7811=CONICAL_SURFACE('',#7810,7.E-1,2.180140948635E1);
#7812=ORIENTED_EDGE('',*,*,#7797,.F.);
#7813=ORIENTED_EDGE('',*,*,#3548,.T.);
#7814=ORIENTED_EDGE('',*,*,#7801,.T.);
#7816=ORIENTED_EDGE('',*,*,#7815,.F.);
#7817=EDGE_LOOP('',(#7812,#7813,#7814,#7816));
#7818=FACE_OUTER_BOUND('',#7817,.F.);
#7819=ADVANCED_FACE('',(#7818),#7811,.T.);
#7820=CARTESIAN_POINT('',(0.E0,1.45E0,5.65E-1));
#7821=DIRECTION('',(0.E0,0.E0,-1.E0));
#7822=DIRECTION('',(0.E0,-1.E0,0.E0));
#7823=AXIS2_PLACEMENT_3D('',#7820,#7821,#7822);
#7824=CYLINDRICAL_SURFACE('',#7823,5.E-1);
#7826=ORIENTED_EDGE('',*,*,#7825,.F.);
#7827=ORIENTED_EDGE('',*,*,#7815,.T.);
#7829=ORIENTED_EDGE('',*,*,#7828,.T.);
#7831=ORIENTED_EDGE('',*,*,#7830,.F.);
#7832=EDGE_LOOP('',(#7826,#7827,#7829,#7831));
#7833=FACE_OUTER_BOUND('',#7832,.F.);
#7834=ADVANCED_FACE('',(#7833),#7824,.T.);
#7835=CARTESIAN_POINT('',(0.E0,1.45E0,5.65E-1));
#7836=DIRECTION('',(0.E0,0.E0,-1.E0));
#7837=DIRECTION('',(0.E0,-1.E0,0.E0));
#7838=AXIS2_PLACEMENT_3D('',#7835,#7836,#7837);
#7839=CYLINDRICAL_SURFACE('',#7838,5.E-1);
#7840=ORIENTED_EDGE('',*,*,#7825,.T.);
#7842=ORIENTED_EDGE('',*,*,#7841,.T.);
#7843=ORIENTED_EDGE('',*,*,#7828,.F.);
#7844=ORIENTED_EDGE('',*,*,#7799,.F.);
#7845=EDGE_LOOP('',(#7840,#7842,#7843,#7844));
#7846=FACE_OUTER_BOUND('',#7845,.F.);
#7847=ADVANCED_FACE('',(#7846),#7839,.T.);
#7848=CARTESIAN_POINT('',(0.E0,1.45E0,-4.198204696354E-1));
#7849=DIRECTION('',(0.E0,0.E0,-1.E0));
#7850=DIRECTION('',(0.E0,-1.E0,0.E0));
#7851=AXIS2_PLACEMENT_3D('',#7848,#7849,#7850);
#7852=CONICAL_SURFACE('',#7851,3.621615773282E-1,2.619555504183E1);
#7854=ORIENTED_EDGE('',*,*,#7853,.T.);
#7856=ORIENTED_EDGE('',*,*,#7855,.T.);
#7858=ORIENTED_EDGE('',*,*,#7857,.F.);
#7859=ORIENTED_EDGE('',*,*,#7841,.F.);
#7860=EDGE_LOOP('',(#7854,#7856,#7858,#7859));
#7861=FACE_OUTER_BOUND('',#7860,.F.);
#7862=ADVANCED_FACE('',(#7861),#7852,.T.);
#7863=CARTESIAN_POINT('',(0.E0,1.45E0,-4.198204696354E-1));
#7864=DIRECTION('',(0.E0,0.E0,-1.E0));
#7865=DIRECTION('',(0.E0,-1.E0,0.E0));
#7866=AXIS2_PLACEMENT_3D('',#7863,#7864,#7865);
#7867=CONICAL_SURFACE('',#7866,3.621615773282E-1,2.619555504183E1);
#7868=ORIENTED_EDGE('',*,*,#7853,.F.);
#7869=ORIENTED_EDGE('',*,*,#7830,.T.);
#7870=ORIENTED_EDGE('',*,*,#7857,.T.);
#7872=ORIENTED_EDGE('',*,*,#7871,.F.);
#7873=EDGE_LOOP('',(#7868,#7869,#7870,#7872));
#7874=FACE_OUTER_BOUND('',#7873,.F.);
#7875=ADVANCED_FACE('',(#7874),#7867,.T.);
#7876=CARTESIAN_POINT('',(0.E0,1.45E0,-2.5E-1));
#7877=DIRECTION('',(0.E0,0.E0,-1.E0));
#7878=DIRECTION('',(0.E0,-1.E0,0.E0));
#7879=AXIS2_PLACEMENT_3D('',#7876,#7877,#7878);
#7880=SPHERICAL_SURFACE('',#7879,2.5E-1);
#7882=ORIENTED_EDGE('',*,*,#7881,.F.);
#7883=ORIENTED_EDGE('',*,*,#7871,.T.);
#7885=ORIENTED_EDGE('',*,*,#7884,.T.);
#7886=EDGE_LOOP('',(#7882,#7883,#7885));
#7887=FACE_OUTER_BOUND('',#7886,.F.);
#7888=ADVANCED_FACE('',(#7887),#7880,.T.);
#7889=CARTESIAN_POINT('',(0.E0,1.45E0,-2.5E-1));
#7890=DIRECTION('',(0.E0,0.E0,-1.E0));
#7891=DIRECTION('',(0.E0,-1.E0,0.E0));
#7892=AXIS2_PLACEMENT_3D('',#7889,#7890,#7891);
#7893=SPHERICAL_SURFACE('',#7892,2.5E-1);
#7894=ORIENTED_EDGE('',*,*,#7881,.T.);
#7895=ORIENTED_EDGE('',*,*,#7884,.F.);
#7896=ORIENTED_EDGE('',*,*,#7855,.F.);
#7897=EDGE_LOOP('',(#7894,#7895,#7896));
#7898=FACE_OUTER_BOUND('',#7897,.F.);
#7899=ADVANCED_FACE('',(#7898),#7893,.T.);
#7900=CARTESIAN_POINT('',(0.E0,1.45E0,-3.7E0));
#7901=DIRECTION('',(0.E0,0.E0,-1.E0));
#7902=DIRECTION('',(0.E0,-1.E0,0.E0));
#7903=AXIS2_PLACEMENT_3D('',#7900,#7901,#7902);
#7904=CONICAL_SURFACE('',#7903,5.E-1,2.180140948635E1);
#7906=ORIENTED_EDGE('',*,*,#7905,.T.);
#7907=ORIENTED_EDGE('',*,*,#3840,.T.);
#7909=ORIENTED_EDGE('',*,*,#7908,.F.);
#7911=ORIENTED_EDGE('',*,*,#7910,.F.);
#7912=EDGE_LOOP('',(#7906,#7907,#7909,#7911));
#7913=FACE_OUTER_BOUND('',#7912,.F.);
#7914=ADVANCED_FACE('',(#7913),#7904,.F.);
#7915=CARTESIAN_POINT('',(0.E0,1.45E0,-3.7E0));
#7916=DIRECTION('',(0.E0,0.E0,-1.E0));
#7917=DIRECTION('',(0.E0,-1.E0,0.E0));
#7918=AXIS2_PLACEMENT_3D('',#7915,#7916,#7917);
#7919=CONICAL_SURFACE('',#7918,5.E-1,2.180140948635E1);
#7920=ORIENTED_EDGE('',*,*,#7905,.F.);
#7922=ORIENTED_EDGE('',*,*,#7921,.T.);
#7923=ORIENTED_EDGE('',*,*,#7908,.T.);
#7924=ORIENTED_EDGE('',*,*,#3375,.F.);
#7925=EDGE_LOOP('',(#7920,#7922,#7923,#7924));
#7926=FACE_OUTER_BOUND('',#7925,.F.);
#7927=ADVANCED_FACE('',(#7926),#7919,.F.);
#7928=CARTESIAN_POINT('',(0.E0,1.45E0,5.65E-1));
#7929=DIRECTION('',(0.E0,0.E0,-1.E0));
#7930=DIRECTION('',(0.E0,-1.E0,0.E0));
#7931=AXIS2_PLACEMENT_3D('',#7928,#7929,#7930);
#7932=CYLINDRICAL_SURFACE('',#7931,3.E-1);
#7934=ORIENTED_EDGE('',*,*,#7933,.F.);
#7936=ORIENTED_EDGE('',*,*,#7935,.T.);
#7938=ORIENTED_EDGE('',*,*,#7937,.T.);
#7939=ORIENTED_EDGE('',*,*,#7921,.F.);
#7940=EDGE_LOOP('',(#7934,#7936,#7938,#7939));
#7941=FACE_OUTER_BOUND('',#7940,.F.);
#7942=ADVANCED_FACE('',(#7941),#7932,.F.);
#7943=CARTESIAN_POINT('',(0.E0,1.45E0,5.65E-1));
#7944=DIRECTION('',(0.E0,0.E0,-1.E0));
#7945=DIRECTION('',(0.E0,-1.E0,0.E0));
#7946=AXIS2_PLACEMENT_3D('',#7943,#7944,#7945);
#7947=CYLINDRICAL_SURFACE('',#7946,3.E-1);
#7948=ORIENTED_EDGE('',*,*,#7933,.T.);
#7949=ORIENTED_EDGE('',*,*,#7910,.T.);
#7950=ORIENTED_EDGE('',*,*,#7937,.F.);
#7952=ORIENTED_EDGE('',*,*,#7951,.F.);
#7953=EDGE_LOOP('',(#7948,#7949,#7950,#7952));
#7954=FACE_OUTER_BOUND('',#7953,.F.);
#7955=ADVANCED_FACE('',(#7954),#7947,.F.);
#7956=CARTESIAN_POINT('',(0.E0,1.45E0,-4.513054847264E-1));
#7957=DIRECTION('',(0.E0,0.E0,-1.E0));
#7958=DIRECTION('',(0.E0,-1.E0,0.E0));
#7959=AXIS2_PLACEMENT_3D('',#7956,#7957,#7958);
#7960=CONICAL_SURFACE('',#7959,1.547583630733E-1,2.619555504183E1);
#7962=ORIENTED_EDGE('',*,*,#7961,.T.);
#7963=ORIENTED_EDGE('',*,*,#7951,.T.);
#7965=ORIENTED_EDGE('',*,*,#7964,.F.);
#7966=EDGE_LOOP('',(#7962,#7963,#7965));
#7967=FACE_OUTER_BOUND('',#7966,.F.);
#7968=ADVANCED_FACE('',(#7967),#7960,.F.);
#7969=CARTESIAN_POINT('',(0.E0,1.45E0,-4.513054847264E-1));
#7970=DIRECTION('',(0.E0,0.E0,-1.E0));
#7971=DIRECTION('',(0.E0,-1.E0,0.E0));
#7972=AXIS2_PLACEMENT_3D('',#7969,#7970,#7971);
#7973=CONICAL_SURFACE('',#7972,1.547583630733E-1,2.619555504183E1);
#7974=ORIENTED_EDGE('',*,*,#7961,.F.);
#7975=ORIENTED_EDGE('',*,*,#7964,.T.);
#7976=ORIENTED_EDGE('',*,*,#7935,.F.);
#7977=EDGE_LOOP('',(#7974,#7975,#7976));
#7978=FACE_OUTER_BOUND('',#7977,.F.);
#7979=ADVANCED_FACE('',(#7978),#7973,.F.);
#7980=CARTESIAN_POINT('',(9.E-1,1.45E0,-4.45E0));
#7981=DIRECTION('',(3.234749431858E-3,0.E0,-9.999947681844E-1));
#7982=DIRECTION('',(-9.999947681844E-1,0.E0,-3.234749431858E-3));
#7983=AXIS2_PLACEMENT_3D('',#7980,#7981,#7982);
#7984=PLANE('',#7983);
#7985=ORIENTED_EDGE('',*,*,#3592,.T.);
#7987=ORIENTED_EDGE('',*,*,#7986,.T.);
#7989=ORIENTED_EDGE('',*,*,#7988,.T.);
#7991=ORIENTED_EDGE('',*,*,#7990,.T.);
#7992=EDGE_LOOP('',(#7985,#7987,#7989,#7991));
#7993=FACE_OUTER_BOUND('',#7992,.F.);
#7994=ADVANCED_FACE('',(#7993),#7984,.F.);
#7995=CARTESIAN_POINT('',(8.083808351844E-1,1.048E0,-4.395739162942E0));
#7996=CARTESIAN_POINT('',(8.352899614345E-1,1.082666666667E0,
-5.341574489470E0));
#7997=CARTESIAN_POINT('',(1.086264143770E0,1.117333333333E0,-6.272379154598E0));
#7998=CARTESIAN_POINT('',(1.528364736549E0,1.152E0,-7.091911879980E0));
#7999=CARTESIAN_POINT('',(7.282708980050E-1,1.048E0,-4.395280822865E0));
#8000=CARTESIAN_POINT('',(7.589059886420E-1,1.082666666667E0,
-5.353574039924E0));
#8001=CARTESIAN_POINT('',(1.016549065586E0,1.117333333333E0,-6.295013481588E0));
#8002=CARTESIAN_POINT('',(1.466788110960E0,1.152E0,-7.122419551858E0));
#8003=CARTESIAN_POINT('',(6.481609608256E-1,1.048E0,-4.394822482789E0));
#8004=CARTESIAN_POINT('',(6.825220158496E-1,1.082666666667E0,
-5.365573590377E0));
#8005=CARTESIAN_POINT('',(9.468339874016E-1,1.117333333333E0,
-6.317647808579E0));
#8006=CARTESIAN_POINT('',(1.405211485370E0,1.152E0,-7.152927223736E0));
#8007=CARTESIAN_POINT('',(5.680510236463E-1,1.048E0,-4.394364142713E0));
#8008=CARTESIAN_POINT('',(6.061380430571E-1,1.082666666667E0,
-5.377573140830E0));
#8009=CARTESIAN_POINT('',(8.771189092172E-1,1.117333333333E0,
-6.340282135570E0));
#8010=CARTESIAN_POINT('',(1.343634859780E0,1.152E0,-7.183434895614E0));
#8011=B_SPLINE_SURFACE_WITH_KNOTS('',3,3,((#7995,#7996,#7997,#7998),(#7999,
#8000,#8001,#8002),(#8003,#8004,#8005,#8006),(#8007,#8008,#8009,#8010)),
.UNSPECIFIED.,.F.,.F.,.F.,(4,4),(4,4),(-1.704085246068E-2,1.017040852461E0),(
-8.956081183654E-3,4.567601403663E-1),.UNSPECIFIED.);
#8012=ORIENTED_EDGE('',*,*,#7986,.F.);
#8014=ORIENTED_EDGE('',*,*,#8013,.T.);
#8016=ORIENTED_EDGE('',*,*,#8015,.T.);
#8018=ORIENTED_EDGE('',*,*,#8017,.F.);
#8019=EDGE_LOOP('',(#8012,#8014,#8016,#8018));
#8020=FACE_OUTER_BOUND('',#8019,.F.);
#8021=ADVANCED_FACE('',(#8020),#8011,.T.);
#8022=CARTESIAN_POINT('',(8.027821905395E-1,1.855683562496E0,
-4.414642271091E0));
#8023=CARTESIAN_POINT('',(8.331605611211E-1,1.821196913095E0,
-5.348584136783E0));
#8024=CARTESIAN_POINT('',(1.081696538651E0,1.786711573063E0,-6.266817062933E0));
#8025=CARTESIAN_POINT('',(1.516462772449E0,1.752224923774E0,-7.076885660005E0));
#8026=CARTESIAN_POINT('',(8.255334954042E-1,1.810920631656E0,
-4.414701784746E0));
#8027=CARTESIAN_POINT('',(8.482137159365E-1,1.779318957921E0,
-5.345138858834E0));
#8028=CARTESIAN_POINT('',(1.088330242077E0,1.747704434179E0,-6.263506158091E0));
#8029=CARTESIAN_POINT('',(1.516199488545E0,1.716102759335E0,-7.077015078767E0));
#8030=CARTESIAN_POINT('',(8.672525265480E-1,1.708316897935E0,
-4.414810914839E0));
#8031=CARTESIAN_POINT('',(8.759009512845E-1,1.684498352203E0,
-5.338821478686E0));
#8032=CARTESIAN_POINT('',(1.100421808145E0,1.660687118093E0,-6.257471193485E0));
#8033=CARTESIAN_POINT('',(1.515719476918E0,1.636868572992E0,-7.077251031323E0));
#8034=CARTESIAN_POINT('',(9.014944123920E-1,1.540529705954E0,
-4.414900485955E0));
#8035=CARTESIAN_POINT('',(8.985801692165E-1,1.531893515625E0,
-5.333636219217E0));
#8036=CARTESIAN_POINT('',(1.110385667834E0,1.523254697538E0,-6.252498189973E0));
#8037=CARTESIAN_POINT('',(1.515323991991E0,1.514618506982E0,-7.077445434279E0));
#8038=CARTESIAN_POINT('',(9.014944123920E-1,1.359470294046E0,
-4.414900485955E0));
#8039=CARTESIAN_POINT('',(8.985801692165E-1,1.368106484375E0,
-5.333636219217E0));
#8040=CARTESIAN_POINT('',(1.110385667834E0,1.376745302462E0,-6.252498189973E0));
#8041=CARTESIAN_POINT('',(1.515323991991E0,1.385381493018E0,-7.077445434279E0));
#8042=CARTESIAN_POINT('',(8.672525265480E-1,1.191683102065E0,
-4.414810914839E0));
#8043=CARTESIAN_POINT('',(8.759009512845E-1,1.215501647797E0,
-5.338821478686E0));
#8044=CARTESIAN_POINT('',(1.100421808145E0,1.239312881907E0,-6.257471193485E0));
#8045=CARTESIAN_POINT('',(1.515719476918E0,1.263131427008E0,-7.077251031323E0));
#8046=CARTESIAN_POINT('',(8.255334954042E-1,1.089079368344E0,
-4.414701784746E0));
#8047=CARTESIAN_POINT('',(8.482137159365E-1,1.120681042079E0,
-5.345138858834E0));
#8048=CARTESIAN_POINT('',(1.088330242077E0,1.152295565821E0,-6.263506158091E0));
#8049=CARTESIAN_POINT('',(1.516199488545E0,1.183897240665E0,-7.077015078767E0));
#8050=CARTESIAN_POINT('',(8.027821905395E-1,1.044316437504E0,
-4.414642271091E0));
#8051=CARTESIAN_POINT('',(8.331605611211E-1,1.078803086905E0,
-5.348584136783E0));
#8052=CARTESIAN_POINT('',(1.081696538651E0,1.113288426937E0,-6.266817062933E0));
#8053=CARTESIAN_POINT('',(1.516462772449E0,1.147775076226E0,-7.076885660005E0));
#8054=B_SPLINE_SURFACE_WITH_KNOTS('',3,3,((#8022,#8023,#8024,#8025),(#8026,
#8027,#8028,#8029),(#8030,#8031,#8032,#8033),(#8034,#8035,#8036,#8037),(#8038,
#8039,#8040,#8041),(#8042,#8043,#8044,#8045),(#8046,#8047,#8048,#8049),(#8050,
#8051,#8052,#8053)),.UNSPECIFIED.,.F.,.F.,.F.,(4,1,1,1,1,4),(4,4),(
-5.896334265815E-3,1.752635966414E-1,3.917561313839E-1,6.082438686161E-1,
8.247364033586E-1,1.005896334266E0),(-5.850583890636E-3,4.536347984430E-1),
.UNSPECIFIED.);
#8055=ORIENTED_EDGE('',*,*,#3576,.F.);
#8057=ORIENTED_EDGE('',*,*,#8056,.T.);
#8059=ORIENTED_EDGE('',*,*,#8058,.T.);
#8060=ORIENTED_EDGE('',*,*,#8013,.F.);
#8061=EDGE_LOOP('',(#8055,#8057,#8059,#8060));
#8062=FACE_OUTER_BOUND('',#8061,.F.);
#8063=ADVANCED_FACE('',(#8062),#8054,.T.);
#8064=CARTESIAN_POINT('',(5.680510236463E-1,1.852E0,-4.394364142713E0));
#8065=CARTESIAN_POINT('',(6.061380430571E-1,1.817333333333E0,
-5.377573140830E0));
#8066=CARTESIAN_POINT('',(8.771189092172E-1,1.782666666667E0,
-6.340282135570E0));
#8067=CARTESIAN_POINT('',(1.343634859780E0,1.748E0,-7.183434895614E0));
#8068=CARTESIAN_POINT('',(6.481609608256E-1,1.852E0,-4.394822482789E0));
#8069=CARTESIAN_POINT('',(6.825220158496E-1,1.817333333333E0,
-5.365573590377E0));
#8070=CARTESIAN_POINT('',(9.468339874016E-1,1.782666666667E0,
-6.317647808579E0));
#8071=CARTESIAN_POINT('',(1.405211485370E0,1.748E0,-7.152927223736E0));
#8072=CARTESIAN_POINT('',(7.282708980050E-1,1.852E0,-4.395280822865E0));
#8073=CARTESIAN_POINT('',(7.589059886420E-1,1.817333333333E0,
-5.353574039924E0));
#8074=CARTESIAN_POINT('',(1.016549065586E0,1.782666666667E0,-6.295013481588E0));
#8075=CARTESIAN_POINT('',(1.466788110960E0,1.748E0,-7.122419551858E0));
#8076=CARTESIAN_POINT('',(8.083808351844E-1,1.852E0,-4.395739162942E0));
#8077=CARTESIAN_POINT('',(8.352899614345E-1,1.817333333333E0,
-5.341574489470E0));
#8078=CARTESIAN_POINT('',(1.086264143770E0,1.782666666667E0,-6.272379154598E0));
#8079=CARTESIAN_POINT('',(1.528364736549E0,1.748E0,-7.091911879980E0));
#8080=B_SPLINE_SURFACE_WITH_KNOTS('',3,3,((#8064,#8065,#8066,#8067),(#8068,
#8069,#8070,#8071),(#8072,#8073,#8074,#8075),(#8076,#8077,#8078,#8079)),
.UNSPECIFIED.,.F.,.F.,.F.,(4,4),(4,4),(-1.704085246068E-2,1.017040852461E0),(
-8.956081183654E-3,4.567601403663E-1),.UNSPECIFIED.);
#8081=ORIENTED_EDGE('',*,*,#7990,.F.);
#8083=ORIENTED_EDGE('',*,*,#8082,.T.);
#8085=ORIENTED_EDGE('',*,*,#8084,.T.);
#8086=ORIENTED_EDGE('',*,*,#8056,.F.);
#8087=EDGE_LOOP('',(#8081,#8083,#8085,#8086));
#8088=FACE_OUTER_BOUND('',#8087,.F.);
#8089=ADVANCED_FACE('',(#8088),#8080,.T.);
#8090=CARTESIAN_POINT('',(5.700375741980E-1,1.044771054567E0,
-4.415131675120E0));
#8091=CARTESIAN_POINT('',(6.115311729741E-1,1.079135004656E0,
-5.384050488907E0));
#8092=CARTESIAN_POINT('',(8.791584878953E-1,1.113502350077E0,
-6.331987945210E0));
#8093=CARTESIAN_POINT('',(1.336891509467E0,1.147866300177E0,-7.164088421401E0));
#8094=CARTESIAN_POINT('',(5.859217915854E-1,1.067010999105E0,
-4.415170469740E0));
#8095=CARTESIAN_POINT('',(6.220537958743E-1,1.100350108525E0,
-5.381645055212E0));
#8096=CARTESIAN_POINT('',(8.837838013634E-1,1.133671607113E0,
-6.329681285966E0));
#8097=CARTESIAN_POINT('',(1.336712852334E0,1.167010716474E0,-7.164176207120E0));
#8098=CARTESIAN_POINT('',(6.254464798070E-1,1.129789480604E0,
-4.415267002371E0));
#8099=CARTESIAN_POINT('',(6.482633359723E-1,1.159469559393E0,
-5.375659679804E0));
#8100=CARTESIAN_POINT('',(8.952704378538E-1,1.189163920192E0,
-6.323952855818E0));
#8101=CARTESIAN_POINT('',(1.336269137221E0,1.218843999029E0,-7.164394232841E0));
#8102=CARTESIAN_POINT('',(6.730195921324E-1,1.241590766696E0,
-4.415383191970E0));
#8103=CARTESIAN_POINT('',(6.797922012743E-1,1.262146577671E0,
-5.368455457302E0));
#8104=CARTESIAN_POINT('',(9.091114038838E-1,1.282697662592E0,
-6.317050316650E0));
#8105=CARTESIAN_POINT('',(1.335734499514E0,1.303253473552E0,-7.164656934669E0));
#8106=CARTESIAN_POINT('',(7.011565273487E-1,1.379587218329E0,
-4.415451911863E0));
#8107=CARTESIAN_POINT('',(6.984449688353E-1,1.386757231487E0,
-5.364194560031E0));
#8108=CARTESIAN_POINT('',(9.172931536655E-1,1.393928819712E0,
-6.312970047596E0));
#8109=CARTESIAN_POINT('',(1.335418454988E0,1.401098832875E0,-7.164812227634E0));
#8110=CARTESIAN_POINT('',(7.011565273487E-1,1.520412781671E0,
-4.415451911863E0));
#8111=CARTESIAN_POINT('',(6.984449688353E-1,1.513242768513E0,
-5.364194560031E0));
#8112=CARTESIAN_POINT('',(9.172931536655E-1,1.506071180288E0,
-6.312970047596E0));
#8113=CARTESIAN_POINT('',(1.335418454988E0,1.498901167125E0,-7.164812227634E0));
#8114=CARTESIAN_POINT('',(6.730195921324E-1,1.658409233304E0,
-4.415383191970E0));
#8115=CARTESIAN_POINT('',(6.797922012744E-1,1.637853422329E0,
-5.368455457302E0));
#8116=CARTESIAN_POINT('',(9.091114038838E-1,1.617302337408E0,
-6.317050316650E0));
#8117=CARTESIAN_POINT('',(1.335734499514E0,1.596746526448E0,-7.164656934669E0));
#8118=CARTESIAN_POINT('',(6.254464798070E-1,1.770210519396E0,
-4.415267002371E0));
#8119=CARTESIAN_POINT('',(6.482633359723E-1,1.740530440607E0,
-5.375659679804E0));
#8120=CARTESIAN_POINT('',(8.952704378538E-1,1.710836079808E0,
-6.323952855818E0));
#8121=CARTESIAN_POINT('',(1.336269137221E0,1.681156000971E0,-7.164394232841E0));
#8122=CARTESIAN_POINT('',(5.859217915854E-1,1.832989000895E0,
-4.415170469740E0));
#8123=CARTESIAN_POINT('',(6.220537958743E-1,1.799649891475E0,
-5.381645055212E0));
#8124=CARTESIAN_POINT('',(8.837838013634E-1,1.766328392887E0,
-6.329681285966E0));
#8125=CARTESIAN_POINT('',(1.336712852334E0,1.732989283526E0,-7.164176207120E0));
#8126=CARTESIAN_POINT('',(5.700375741980E-1,1.855228945433E0,
-4.415131675120E0));
#8127=CARTESIAN_POINT('',(6.115311729741E-1,1.820864995344E0,
-5.384050488907E0));
#8128=CARTESIAN_POINT('',(8.791584878953E-1,1.786497649923E0,
-6.331987945210E0));
#8129=CARTESIAN_POINT('',(1.336891509467E0,1.752133699823E0,-7.164088421401E0));
#8130=B_SPLINE_SURFACE_WITH_KNOTS('',3,3,((#8090,#8091,#8092,#8093),(#8094,
#8095,#8096,#8097),(#8098,#8099,#8100,#8101),(#8102,#8103,#8104,#8105),(#8106,
#8107,#8108,#8109),(#8110,#8111,#8112,#8113),(#8114,#8115,#8116,#8117),(#8118,
#8119,#8120,#8121),(#8122,#8123,#8124,#8125),(#8126,#8127,#8128,#8129)),
.UNSPECIFIED.,.F.,.F.,.F.,(4,1,1,1,1,1,1,4),(4,4),(-5.680284153558E-3,
9.023188841871E-2,2.541645755201E-1,4.180591079566E-1,5.819408920434E-1,
7.458354244799E-1,9.097681115813E-1,1.005680284154E0),(-5.677087772223E-3,
4.534803760748E-1),.UNSPECIFIED.);
#8131=ORIENTED_EDGE('',*,*,#7988,.F.);
#8132=ORIENTED_EDGE('',*,*,#8017,.T.);
#8134=ORIENTED_EDGE('',*,*,#8133,.T.);
#8135=ORIENTED_EDGE('',*,*,#8082,.F.);
#8136=EDGE_LOOP('',(#8131,#8132,#8134,#8135));
#8137=FACE_OUTER_BOUND('',#8136,.F.);
#8138=ADVANCED_FACE('',(#8137),#8130,.T.);
#8139=CARTESIAN_POINT('',(1.5E0,1.45E0,-7.045995682626E0));
#8140=DIRECTION('',(4.359006965362E-1,0.E0,-8.999947681844E-1));
#8141=DIRECTION('',(-8.999947681844E-1,0.E0,-4.359006965362E-1));
#8142=AXIS2_PLACEMENT_3D('',#8139,#8140,#8141);
#8143=PLANE('',#8142);
#8144=ORIENTED_EDGE('',*,*,#8058,.F.);
#8145=ORIENTED_EDGE('',*,*,#8084,.F.);
#8146=ORIENTED_EDGE('',*,*,#8133,.F.);
#8147=ORIENTED_EDGE('',*,*,#8015,.F.);
#8148=EDGE_LOOP('',(#8144,#8145,#8146,#8147));
#8149=FACE_OUTER_BOUND('',#8148,.F.);
#8150=ADVANCED_FACE('',(#8149),#8143,.T.);
#8151=CLOSED_SHELL('',(#3415,#3430,#3445,#3462,#3480,#3498,#3516,#3580,#3596,
#3616,#3628,#3642,#3658,#3674,#3692,#3710,#3723,#3736,#3748,#3761,#3774,#3786,
#3800,#3815,#3860,#3873,#3886,#3899,#3956,#3968,#3981,#3993,#4005,#4018,#4031,
#4043,#4086,#4113,#4127,#4153,#4166,#4214,#4232,#4249,#4295,#4341,#4376,#4429,
#4464,#4520,#4540,#4566,#4596,#4635,#4689,#4736,#4755,#4806,#4823,#4904,#4918,
#4934,#4988,#5003,#5058,#5104,#5122,#5199,#5255,#5271,#5328,#5381,#5400,#5420,
#5436,#5450,#5495,#5513,#5528,#5543,#5557,#5577,#5622,#5639,#5658,#5712,#5727,
#5775,#5821,#5834,#5848,#5860,#5873,#5920,#5938,#5983,#5999,#6014,#6028,#6044,
#6093,#6107,#6121,#6134,#6147,#6159,#6171,#6183,#6196,#6208,#6221,#6238,#6250,
#6304,#6383,#6399,#6445,#6463,#6497,#6549,#6583,#6633,#6683,#6696,#6730,#6782,
#6815,#6853,#6898,#6936,#6981,#7019,#7063,#7108,#7146,#7191,#7228,#7243,#7257,
#7271,#7285,#7299,#7313,#7327,#7340,#7364,#7398,#7430,#7444,#7457,#7469,#7483,
#7496,#7509,#7522,#7535,#7548,#7561,#7574,#7587,#7600,#7613,#7626,#7638,#7652,
#7665,#7678,#7696,#7714,#7727,#7739,#7753,#7766,#7779,#7791,#7806,#7819,#7834,
#7847,#7862,#7875,#7888,#7899,#7914,#7927,#7942,#7955,#7968,#7979,#7994,#8021,
#8063,#8089,#8138,#8150));
#8152=CARTESIAN_POINT('',(0.E0,1.35E0,-1.620012320295E1));
#8153=DIRECTION('',(0.E0,0.E0,-1.E0));
#8154=DIRECTION('',(-8.357532509396E-1,-5.491051844081E-1,0.E0));
#8155=AXIS2_PLACEMENT_3D('',#8152,#8153,#8154);
#8157=DIRECTION('',(0.E0,0.E0,-1.E0));
#8158=VECTOR('',#8157,7.998767970542E-1);
#8159=CARTESIAN_POINT('',(-1.262153975415E0,1.169466506312E0,
-1.620012320295E1));
#8160=LINE('',#8159,#8158);
#8161=CARTESIAN_POINT('',(0.E0,1.35E0,-1.7E1));
#8162=DIRECTION('',(0.E0,0.E0,1.E0));
#8163=DIRECTION('',(-9.899246866003E-1,-1.415948970100E-1,0.E0));
#8164=AXIS2_PLACEMENT_3D('',#8161,#8162,#8163);
#8166=DIRECTION('',(0.E0,0.E0,1.E0));
#8167=VECTOR('',#8166,7.998725154871E-1);
#8168=CARTESIAN_POINT('',(1.262153975415E0,1.169466506312E0,-1.7E1));
#8169=LINE('',#8168,#8167);
#8170=CARTESIAN_POINT('',(0.E0,1.35E0,-1.620012748451E1));
#8171=DIRECTION('',(0.E0,0.E0,-1.E0));
#8172=DIRECTION('',(9.899246866003E-1,-1.415948970100E-1,0.E0));
#8173=AXIS2_PLACEMENT_3D('',#8170,#8171,#8172);
#8175=CARTESIAN_POINT('',(1.122573401540E0,7.454721196207E-1,
-1.620000000141E1));
#8176=CARTESIAN_POINT('',(1.080920558385E0,6.681251926368E-1,
-1.619983787056E1));
#8177=CARTESIAN_POINT('',(9.814998763445E-1,5.221154343737E-1,
-1.619957357271E1));
#8178=CARTESIAN_POINT('',(7.917556808137E-1,3.389905250153E-1,
-1.620012983505E1));
#8179=CARTESIAN_POINT('',(5.660103032456E-1,1.973328938190E-1,
-1.619932035381E1));
#8180=CARTESIAN_POINT('',(3.181596020565E-1,1.058991700893E-1,
-1.619897903453E1));
#8181=CARTESIAN_POINT('',(5.412569883276E-2,6.692464800078E-2,
-1.620052220422E1));
#8182=CARTESIAN_POINT('',(-2.105914706122E-1,8.326950097178E-2,
-1.619822386274E1));
#8183=CARTESIAN_POINT('',(-4.667534333330E-1,1.536412061441E-1,
-1.620028078664E1));
#8184=CARTESIAN_POINT('',(-7.029734528219E-1,2.753934503983E-1,
-1.619922267795E1));
#8185=CARTESIAN_POINT('',(-9.077380657432E-1,4.419201621127E-1,
-1.620002086208E1));
#8186=CARTESIAN_POINT('',(-1.018016564396E0,5.774898164499E-1,
-1.620007360245E1));
#8187=CARTESIAN_POINT('',(-1.065585394948E0,6.498908898796E-1,
-1.620012320295E1));
#8189=CARTESIAN_POINT('',(-1.262153975415E0,1.169466506312E0,-1.7E1));
#8190=CARTESIAN_POINT('',(1.262153975415E0,1.169466506312E0,-1.7E1));
#8191=VERTEX_POINT('',#8189);
#8192=VERTEX_POINT('',#8190);
#8193=CARTESIAN_POINT('',(-1.262153975415E0,1.169466506312E0,
-1.620012320295E1));
#8194=CARTESIAN_POINT('',(-1.065585394948E0,6.498908898796E-1,
-1.620012320295E1));
#8195=VERTEX_POINT('',#8193);
#8196=VERTEX_POINT('',#8194);
#8197=VERTEX_POINT('',#8175);
#8198=CARTESIAN_POINT('',(1.262153975415E0,1.169466506312E0,-1.620012748451E1));
#8199=VERTEX_POINT('',#8198);
#8200=CARTESIAN_POINT('',(0.E0,1.35E0,-1.7E1));
#8201=DIRECTION('',(0.E0,0.E0,1.E0));
#8202=DIRECTION('',(1.E0,0.E0,0.E0));
#8203=AXIS2_PLACEMENT_3D('',#8200,#8201,#8202);
#8204=CYLINDRICAL_SURFACE('',#8203,1.275E0);
#8206=ORIENTED_EDGE('',*,*,#8205,.T.);
#8208=ORIENTED_EDGE('',*,*,#8207,.T.);
#8210=ORIENTED_EDGE('',*,*,#8209,.T.);
#8212=ORIENTED_EDGE('',*,*,#8211,.T.);
#8214=ORIENTED_EDGE('',*,*,#8213,.T.);
#8216=ORIENTED_EDGE('',*,*,#8215,.T.);
#8217=EDGE_LOOP('',(#8206,#8208,#8210,#8212,#8214,#8216));
#8218=FACE_OUTER_BOUND('',#8217,.F.);
#8219=ADVANCED_FACE('',(#8218),#8204,.F.);
#8220=OPEN_SHELL('',(#8219));
#8221=MANIFOLD_SOLID_BREP('',#8151);
#8222=SHELL_BASED_SURFACE_MODEL('',(#8220));
#8223=PRESENTATION_LAYER_ASSIGNMENT('DTM_QUILT','',(#8220));
#8224=PRESENTATION_LAYER_ASSIGNMENT('DTM_SURFACE','',(#8220));
#8225=(LENGTH_UNIT()NAMED_UNIT(*)SI_UNIT(.MILLI.,.METRE.));
#8226=DIMENSIONAL_EXPONENTS(0.E0,0.E0,0.E0,0.E0,0.E0,0.E0,0.E0);
#8227=(NAMED_UNIT(*)PLANE_ANGLE_UNIT()SI_UNIT($,.RADIAN.));
#8228=PLANE_ANGLE_MEASURE_WITH_UNIT(PLANE_ANGLE_MEASURE(1.745329251994E-2),
#8227);
#8229=(CONVERSION_BASED_UNIT('DEGREE',#8228)NAMED_UNIT(#8226)PLANE_ANGLE_UNIT(
));
#8230=(NAMED_UNIT(*)SI_UNIT($,.STERADIAN.)SOLID_ANGLE_UNIT());
#8231=UNCERTAINTY_MEASURE_WITH_UNIT(LENGTH_MEASURE(4.942989967094E-3),#8225,
'closure',
'Maximum model space distance between geometric entities at asserted connectivities');
#8232=(GEOMETRIC_REPRESENTATION_CONTEXT(3)GLOBAL_UNCERTAINTY_ASSIGNED_CONTEXT((
#8231))GLOBAL_UNIT_ASSIGNED_CONTEXT((#8225,#8229,#8230))REPRESENTATION_CONTEXT(
'ID1','3'));
#8235=CARTESIAN_POINT('',(0.E0,0.E0,0.E0));
#8236=DIRECTION('',(0.E0,0.E0,1.E0));
#8237=DIRECTION('',(1.E0,0.E0,0.E0));
#8240=SHAPE_REPRESENTATION_RELATIONSHIP('','',#8239,#8233);
#8241=SHAPE_REPRESENTATION_RELATIONSHIP('','',#8239,#8234);
#8242=APPLICATION_CONTEXT(
'CONFIGURATION CONTROLLED 3D DESIGNS OF MECHANICAL PARTS AND ASSEMBLIES');
#8243=APPLICATION_PROTOCOL_DEFINITION('international standard',
'ccd_cla_gvp_ast_asd',1995,#8242);
#8244=DESIGN_CONTEXT('',#8242,'design');
#8245=MECHANICAL_CONTEXT('',#8242,'mechanical');
#8246=PRODUCT('C-0170360-01-3-UNCRIMPED','C-0170360-01-3-UNCRIMPED',
'NOT SPECIFIED',(#8245));
#8247=PRODUCT_DEFINITION_FORMATION_WITH_SPECIFIED_SOURCE('1','LAST_VERSION',
#8246,.MADE.);
#8254=(LENGTH_UNIT()NAMED_UNIT(*)SI_UNIT(.MILLI.,.METRE.));
#8255=DERIVED_UNIT_ELEMENT(#8254,2.E0);
#8256=DERIVED_UNIT((#8255));
#8257=MEASURE_REPRESENTATION_ITEM('surface area measure',AREA_MEASURE(
1.610976992416E2),#8256);
#8261=(LENGTH_UNIT()NAMED_UNIT(*)SI_UNIT(.MILLI.,.METRE.));
#8262=DERIVED_UNIT_ELEMENT(#8261,3.E0);
#8263=DERIVED_UNIT((#8262));
#8264=MEASURE_REPRESENTATION_ITEM('volume measure',VOLUME_MEASURE(
1.425421655519E1),#8263);
#8268=CARTESIAN_POINT('centre point',(5.156777326405E-5,1.453806779775E0,
-9.556368799622E0));
#8276=(LENGTH_UNIT()NAMED_UNIT(*)SI_UNIT(.MILLI.,.METRE.));
#8277=DERIVED_UNIT_ELEMENT(#8276,2.E0);
#8278=DERIVED_UNIT((#8277));
#8279=MEASURE_REPRESENTATION_ITEM('surface area measure',AREA_MEASURE(
2.915438171149E0),#8278);
#8284=PRODUCT_CATEGORY('part','');
#8285=PRODUCT_RELATED_PRODUCT_CATEGORY('detail','',(#8246));
#8286=PRODUCT_CATEGORY_RELATIONSHIP('','',#8284,#8285);
#8287=SECURITY_CLASSIFICATION_LEVEL('unclassified');
#8288=SECURITY_CLASSIFICATION('','',#8287);
#8289=CC_DESIGN_SECURITY_CLASSIFICATION(#8288,(#8247));
#8290=APPROVAL_STATUS('approved');
#8291=APPROVAL(#8290,'');
#8292=CC_DESIGN_APPROVAL(#8291,(#8288,#8247,#8248));
#8293=CALENDAR_DATE(107,4,9);
#8294=COORDINATED_UNIVERSAL_TIME_OFFSET(3,0,.BEHIND.);
#8295=LOCAL_TIME(18,18,3.2E1,#8294);
#8296=DATE_AND_TIME(#8293,#8295);
#8297=APPROVAL_DATE_TIME(#8296,#8291);
#8298=DATE_TIME_ROLE('creation_date');
#8299=CC_DESIGN_DATE_AND_TIME_ASSIGNMENT(#8296,#8298,(#8248));
#8300=DATE_TIME_ROLE('classification_date');
#8301=CC_DESIGN_DATE_AND_TIME_ASSIGNMENT(#8296,#8300,(#8288));
#8302=PERSON('UNSPECIFIED','UNSPECIFIED',$,$,$,$);
#8303=ORGANIZATION('UNSPECIFIED','UNSPECIFIED','UNSPECIFIED');
#8304=PERSON_AND_ORGANIZATION(#8302,#8303);
#8305=APPROVAL_ROLE('approver');
#8306=APPROVAL_PERSON_ORGANIZATION(#8304,#8291,#8305);
#8307=PERSON_AND_ORGANIZATION_ROLE('creator');
#8308=CC_DESIGN_PERSON_AND_ORGANIZATION_ASSIGNMENT(#8304,#8307,(#8247,#8248));
#8309=PERSON_AND_ORGANIZATION_ROLE('design_supplier');
#8310=CC_DESIGN_PERSON_AND_ORGANIZATION_ASSIGNMENT(#8304,#8309,(#8247));
#8311=PERSON_AND_ORGANIZATION_ROLE('classification_officer');
#8312=CC_DESIGN_PERSON_AND_ORGANIZATION_ASSIGNMENT(#8304,#8311,(#8288));
#8313=PERSON_AND_ORGANIZATION_ROLE('design_owner');
#8314=CC_DESIGN_PERSON_AND_ORGANIZATION_ASSIGNMENT(#8304,#8313,(#8246));
#76=CIRCLE('',#75,7.E-1);
#105=CIRCLE('',#104,9.E-1);
#134=CIRCLE('',#133,9.E-1);
#139=CIRCLE('',#138,9.E-1);
#168=CIRCLE('',#167,9.E-1);
#177=CIRCLE('',#176,9.E-1);
#183=B_SPLINE_CURVE_WITH_KNOTS('',3,(#178,#179,#180,#181,#182),.UNSPECIFIED.,
.F.,.F.,(4,1,4),(0.E0,5.E-1,1.E0),.UNSPECIFIED.);
#190=B_SPLINE_CURVE_WITH_KNOTS('',3,(#184,#185,#186,#187,#188,#189),
.UNSPECIFIED.,.F.,.F.,(4,1,1,4),(0.E0,3.333333333333E-1,6.666666666667E-1,1.E0),
.UNSPECIFIED.);
#199=B_SPLINE_CURVE_WITH_KNOTS('',3,(#191,#192,#193,#194,#195,#196,#197,#198),
.UNSPECIFIED.,.F.,.F.,(4,1,1,1,1,4),(0.E0,2.E-1,4.E-1,6.E-1,8.E-1,1.E0),
.UNSPECIFIED.);
#206=B_SPLINE_CURVE_WITH_KNOTS('',3,(#200,#201,#202,#203,#204,#205),
.UNSPECIFIED.,.F.,.F.,(4,1,1,4),(0.E0,3.333333333333E-1,6.666666666667E-1,1.E0),
.UNSPECIFIED.);
#212=B_SPLINE_CURVE_WITH_KNOTS('',3,(#207,#208,#209,#210,#211),.UNSPECIFIED.,
.F.,.F.,(4,1,4),(0.E0,5.E-1,1.E0),.UNSPECIFIED.);
#217=CIRCLE('',#216,9.E-1);
#222=CIRCLE('',#221,9.E-1);
#228=B_SPLINE_CURVE_WITH_KNOTS('',3,(#223,#224,#225,#226,#227),.UNSPECIFIED.,
.F.,.F.,(4,1,4),(0.E0,5.E-1,1.E0),.UNSPECIFIED.);
#235=B_SPLINE_CURVE_WITH_KNOTS('',3,(#229,#230,#231,#232,#233,#234),
.UNSPECIFIED.,.F.,.F.,(4,1,1,4),(0.E0,3.333333333333E-1,6.666666666667E-1,1.E0),
.UNSPECIFIED.);
#240=CIRCLE('',#239,9.E-1);
#245=CIRCLE('',#244,9.E-1);
#254=CIRCLE('',#253,7.E-1);
#263=CIRCLE('',#262,9.E-1);
#272=B_SPLINE_CURVE_WITH_KNOTS('',3,(#264,#265,#266,#267,#268,#269,#270,#271),
.UNSPECIFIED.,.F.,.F.,(4,1,1,1,1,4),(0.E0,2.E-1,4.E-1,6.E-1,8.E-1,1.E0),
.UNSPECIFIED.);
#277=CIRCLE('',#276,9.E-1);
#286=CIRCLE('',#285,7.E-1);
#295=CIRCLE('',#294,9.E-1);
#304=B_SPLINE_CURVE_WITH_KNOTS('',3,(#296,#297,#298,#299,#300,#301,#302,#303),
.UNSPECIFIED.,.F.,.F.,(4,1,1,1,1,4),(0.E0,2.E-1,4.E-1,6.E-1,8.E-1,1.E0),
.UNSPECIFIED.);
#345=CIRCLE('',#344,9.E-1);
#350=CIRCLE('',#349,9.E-1);
#379=CIRCLE('',#378,9.E-1);
#384=CIRCLE('',#383,9.E-1);
#457=CIRCLE('',#456,7.E-1);
#496=B_SPLINE_CURVE_WITH_KNOTS('',3,(#490,#491,#492,#493,#494,#495),
.UNSPECIFIED.,.F.,.F.,(4,1,1,4),(0.E0,3.333333333333E-1,6.666666666667E-1,1.E0),
.UNSPECIFIED.);
#503=B_SPLINE_CURVE_WITH_KNOTS('',3,(#497,#498,#499,#500,#501,#502),
.UNSPECIFIED.,.F.,.F.,(4,1,1,4),(0.E0,3.333333333333E-1,6.666666666667E-1,1.E0),
.UNSPECIFIED.);
#509=B_SPLINE_CURVE_WITH_KNOTS('',3,(#504,#505,#506,#507,#508),.UNSPECIFIED.,
.F.,.F.,(4,1,4),(0.E0,5.E-1,1.E0),.UNSPECIFIED.);
#514=CIRCLE('',#513,9.E-1);
#519=CIRCLE('',#518,9.E-1);
#525=B_SPLINE_CURVE_WITH_KNOTS('',3,(#520,#521,#522,#523,#524),.UNSPECIFIED.,
.F.,.F.,(4,1,4),(0.E0,5.E-1,1.E0),.UNSPECIFIED.);
#532=B_SPLINE_CURVE_WITH_KNOTS('',3,(#526,#527,#528,#529,#530,#531),
.UNSPECIFIED.,.F.,.F.,(4,1,1,4),(0.E0,3.333333333333E-1,6.666666666667E-1,1.E0),
.UNSPECIFIED.);
#541=B_SPLINE_CURVE_WITH_KNOTS('',3,(#533,#534,#535,#536,#537,#538,#539,#540),
.UNSPECIFIED.,.F.,.F.,(4,1,1,1,1,4),(0.E0,2.E-1,4.E-1,6.E-1,8.E-1,1.E0),
.UNSPECIFIED.);
#548=B_SPLINE_CURVE_WITH_KNOTS('',3,(#542,#543,#544,#545,#546,#547),
.UNSPECIFIED.,.F.,.F.,(4,1,1,4),(0.E0,3.333333333333E-1,6.666666666667E-1,1.E0),
.UNSPECIFIED.);
#554=B_SPLINE_CURVE_WITH_KNOTS('',3,(#549,#550,#551,#552,#553),.UNSPECIFIED.,
.F.,.F.,(4,1,4),(0.E0,5.E-1,1.E0),.UNSPECIFIED.);
#559=CIRCLE('',#558,9.E-1);
#588=CIRCLE('',#587,7.E-1);
#597=CIRCLE('',#596,9.E-1);
#606=CIRCLE('',#605,7.E-1);
#615=CIRCLE('',#614,9.E-1);
#636=CIRCLE('',#635,9.E-1);
#644=B_SPLINE_CURVE_WITH_KNOTS('',3,(#637,#638,#639,#640,#641,#642,#643),
.UNSPECIFIED.,.F.,.F.,(4,1,1,1,4),(0.E0,2.5E-1,5.E-1,7.5E-1,1.E0),
.UNSPECIFIED.);
#652=B_SPLINE_CURVE_WITH_KNOTS('',3,(#645,#646,#647,#648,#649,#650,#651),
.UNSPECIFIED.,.F.,.F.,(4,1,1,1,4),(0.E0,2.5E-1,5.E-1,7.5E-1,1.E0),
.UNSPECIFIED.);
#666=B_SPLINE_CURVE_WITH_KNOTS('',3,(#657,#658,#659,#660,#661,#662,#663,#664,
#665),.UNSPECIFIED.,.F.,.F.,(4,1,1,1,1,1,4),(0.E0,1.666666666667E-1,
3.333333333333E-1,5.E-1,6.666666666667E-1,8.333333333333E-1,1.E0),
.UNSPECIFIED.);
#678=B_SPLINE_CURVE_WITH_KNOTS('',3,(#671,#672,#673,#674,#675,#676,#677),
.UNSPECIFIED.,.F.,.F.,(4,1,1,1,4),(0.E0,2.5E-1,5.E-1,7.5E-1,1.E0),
.UNSPECIFIED.);
#702=B_SPLINE_CURVE_WITH_KNOTS('',3,(#695,#696,#697,#698,#699,#700,#701),
.UNSPECIFIED.,.F.,.F.,(4,1,1,1,4),(0.E0,2.5E-1,5.E-1,7.5E-1,1.E0),
.UNSPECIFIED.);
#707=B_SPLINE_CURVE_WITH_KNOTS('',3,(#703,#704,#705,#706),.UNSPECIFIED.,.F.,.F.,
(4,4),(0.E0,1.E0),.UNSPECIFIED.);
#716=B_SPLINE_CURVE_WITH_KNOTS('',3,(#712,#713,#714,#715),.UNSPECIFIED.,.F.,.F.,
(4,4),(0.E0,1.E0),.UNSPECIFIED.);
#721=B_SPLINE_CURVE_WITH_KNOTS('',3,(#717,#718,#719,#720),.UNSPECIFIED.,.F.,.F.,
(4,4),(0.E0,1.E0),.UNSPECIFIED.);
#726=B_SPLINE_CURVE_WITH_KNOTS('',3,(#722,#723,#724,#725),.UNSPECIFIED.,.F.,.F.,
(4,4),(0.E0,1.E0),.UNSPECIFIED.);
#733=B_SPLINE_CURVE_WITH_KNOTS('',3,(#727,#728,#729,#730,#731,#732),
.UNSPECIFIED.,.F.,.F.,(4,1,1,4),(0.E0,3.333333333333E-1,6.666666666667E-1,1.E0),
.UNSPECIFIED.);
#738=CIRCLE('',#737,7.E-1);
#745=B_SPLINE_CURVE_WITH_KNOTS('',3,(#739,#740,#741,#742,#743,#744),
.UNSPECIFIED.,.F.,.F.,(4,1,1,4),(0.E0,3.333333333333E-1,6.666666666667E-1,1.E0),
.UNSPECIFIED.);
#754=CIRCLE('',#753,7.E-1);
#763=CIRCLE('',#762,7.E-1);
#768=CIRCLE('',#767,7.E-1);
#779=B_SPLINE_CURVE_WITH_KNOTS('',3,(#769,#770,#771,#772,#773,#774,#775,#776,
#777,#778),.UNSPECIFIED.,.F.,.F.,(4,1,1,1,1,1,1,4),(0.E0,1.428571428571E-1,
2.857142857143E-1,4.285714285714E-1,5.714285714286E-1,7.142857142857E-1,
8.571428571429E-1,1.E0),.UNSPECIFIED.);
#787=B_SPLINE_CURVE_WITH_KNOTS('',3,(#780,#781,#782,#783,#784,#785,#786),
.UNSPECIFIED.,.F.,.F.,(4,1,1,1,4),(0.E0,2.5E-1,5.E-1,7.5E-1,1.E0),
.UNSPECIFIED.);
#798=B_SPLINE_CURVE_WITH_KNOTS('',3,(#788,#789,#790,#791,#792,#793,#794,#795,
#796,#797),.UNSPECIFIED.,.F.,.F.,(4,1,1,1,1,1,1,4),(0.E0,1.428571428571E-1,
2.857142857143E-1,4.285714285714E-1,5.714285714286E-1,7.142857142857E-1,
8.571428571429E-1,1.E0),.UNSPECIFIED.);
#803=CIRCLE('',#802,7.E-1);
#808=CIRCLE('',#807,7.E-1);
#817=CIRCLE('',#816,7.E-1);
#826=B_SPLINE_CURVE_WITH_KNOTS('',3,(#818,#819,#820,#821,#822,#823,#824,#825),
.UNSPECIFIED.,.F.,.F.,(4,1,1,1,1,4),(0.E0,2.E-1,4.E-1,6.E-1,8.E-1,1.E0),
.UNSPECIFIED.);
#832=B_SPLINE_CURVE_WITH_KNOTS('',3,(#827,#828,#829,#830,#831),.UNSPECIFIED.,
.F.,.F.,(4,1,4),(0.E0,5.E-1,1.E0),.UNSPECIFIED.);
#840=B_SPLINE_CURVE_WITH_KNOTS('',3,(#833,#834,#835,#836,#837,#838,#839),
.UNSPECIFIED.,.F.,.F.,(4,1,1,1,4),(0.E0,2.5E-1,5.E-1,7.5E-1,1.E0),
.UNSPECIFIED.);
#846=B_SPLINE_CURVE_WITH_KNOTS('',3,(#841,#842,#843,#844,#845),.UNSPECIFIED.,
.F.,.F.,(4,1,4),(0.E0,5.E-1,1.E0),.UNSPECIFIED.);
#853=B_SPLINE_CURVE_WITH_KNOTS('',3,(#847,#848,#849,#850,#851,#852),
.UNSPECIFIED.,.F.,.F.,(4,1,1,4),(0.E0,3.333333333333E-1,6.666666666667E-1,1.E0),
.UNSPECIFIED.);
#865=B_SPLINE_CURVE_WITH_KNOTS('',3,(#858,#859,#860,#861,#862,#863,#864),
.UNSPECIFIED.,.F.,.F.,(4,1,1,1,4),(0.E0,2.5E-1,5.E-1,7.5E-1,1.E0),
.UNSPECIFIED.);
#875=B_SPLINE_CURVE_WITH_KNOTS('',3,(#870,#871,#872,#873,#874),.UNSPECIFIED.,
.F.,.F.,(4,1,4),(0.E0,3.199163297493E-1,1.E0),.UNSPECIFIED.);
#883=B_SPLINE_CURVE_WITH_KNOTS('',3,(#876,#877,#878,#879,#880,#881,#882),
.UNSPECIFIED.,.F.,.F.,(4,1,1,1,4),(0.E0,2.5E-1,5.E-1,7.5E-1,1.E0),
.UNSPECIFIED.);
#889=B_SPLINE_CURVE_WITH_KNOTS('',3,(#884,#885,#886,#887,#888),.UNSPECIFIED.,
.F.,.F.,(4,1,4),(0.E0,6.800838042388E-1,1.E0),.UNSPECIFIED.);
#898=CIRCLE('',#897,7.E-1);
#911=CIRCLE('',#910,7.E-1);
#920=CIRCLE('',#919,9.E-1);
#932=B_SPLINE_CURVE_WITH_KNOTS('',3,(#925,#926,#927,#928,#929,#930,#931),
.UNSPECIFIED.,.F.,.F.,(4,1,1,1,4),(0.E0,2.5E-1,5.E-1,7.5E-1,1.E0),
.UNSPECIFIED.);
#941=CIRCLE('',#940,9.E-1);
#950=CIRCLE('',#949,9.E-1);
#962=B_SPLINE_CURVE_WITH_KNOTS('',3,(#955,#956,#957,#958,#959,#960,#961),
.UNSPECIFIED.,.F.,.F.,(4,1,1,1,4),(0.E0,2.5E-1,5.E-1,7.5E-1,1.E0),
.UNSPECIFIED.);
#971=CIRCLE('',#970,9.E-1);
#980=CIRCLE('',#979,7.E-1);
#993=CIRCLE('',#992,7.E-1);
#1005=B_SPLINE_CURVE_WITH_KNOTS('',3,(#998,#999,#1000,#1001,#1002,#1003,#1004),
.UNSPECIFIED.,.F.,.F.,(4,1,1,1,4),(0.E0,2.5E-1,5.E-1,7.5E-1,1.E0),
.UNSPECIFIED.);
#1012=B_SPLINE_CURVE_WITH_KNOTS('',3,(#1006,#1007,#1008,#1009,#1010,#1011),
.UNSPECIFIED.,.F.,.F.,(4,1,1,4),(0.E0,3.333333333333E-1,6.666666666667E-1,1.E0),
.UNSPECIFIED.);
#1022=B_SPLINE_CURVE_WITH_KNOTS('',3,(#1017,#1018,#1019,#1020,#1021),
.UNSPECIFIED.,.F.,.F.,(4,1,4),(0.E0,5.E-1,1.E0),.UNSPECIFIED.);
#1031=B_SPLINE_CURVE_WITH_KNOTS('',3,(#1023,#1024,#1025,#1026,#1027,#1028,#1029,
#1030),.UNSPECIFIED.,.F.,.F.,(4,1,1,1,1,4),(0.E0,2.E-1,4.E-1,6.E-1,8.E-1,1.E0),
.UNSPECIFIED.);
#1042=B_SPLINE_CURVE_WITH_KNOTS('',3,(#1032,#1033,#1034,#1035,#1036,#1037,#1038,
#1039,#1040,#1041),.UNSPECIFIED.,.F.,.F.,(4,1,1,1,1,1,1,4),(0.E0,
1.428571428571E-1,2.857142857143E-1,4.285714285714E-1,5.714285714286E-1,
7.142857142857E-1,8.571428571429E-1,1.E0),.UNSPECIFIED.);
#1052=B_SPLINE_CURVE_WITH_KNOTS('',3,(#1043,#1044,#1045,#1046,#1047,#1048,#1049,
#1050,#1051),.UNSPECIFIED.,.F.,.F.,(4,1,1,1,1,1,4),(0.E0,1.666666666667E-1,
3.333333333333E-1,5.E-1,6.666666666667E-1,8.333333333333E-1,1.E0),
.UNSPECIFIED.);
#1061=B_SPLINE_CURVE_WITH_KNOTS('',3,(#1053,#1054,#1055,#1056,#1057,#1058,#1059,
#1060),.UNSPECIFIED.,.F.,.F.,(4,1,1,1,1,4),(0.E0,2.E-1,4.E-1,6.E-1,8.E-1,1.E0),
.UNSPECIFIED.);
#1092=B_SPLINE_CURVE_WITH_KNOTS('',3,(#1086,#1087,#1088,#1089,#1090,#1091),
.UNSPECIFIED.,.F.,.F.,(4,1,1,4),(0.E0,3.333333333333E-1,6.666666666667E-1,1.E0),
.UNSPECIFIED.);
#1102=B_SPLINE_CURVE_WITH_KNOTS('',3,(#1093,#1094,#1095,#1096,#1097,#1098,#1099,
#1100,#1101),.UNSPECIFIED.,.F.,.F.,(4,1,1,1,1,1,4),(0.E0,1.666666666667E-1,
3.333333333333E-1,5.E-1,6.666666666667E-1,8.333333333333E-1,1.E0),
.UNSPECIFIED.);
#1117=B_SPLINE_CURVE_WITH_KNOTS('',3,(#1103,#1104,#1105,#1106,#1107,#1108,#1109,
#1110,#1111,#1112,#1113,#1114,#1115,#1116),.UNSPECIFIED.,.F.,.F.,(4,1,1,1,1,1,1,
1,1,1,1,4),(0.E0,9.090909090909E-2,1.818181818182E-1,2.727272727273E-1,
3.636363636364E-1,4.545454545455E-1,5.454545454545E-1,6.363636363636E-1,
7.272727272727E-1,8.181818181818E-1,9.090909090909E-1,1.E0),.UNSPECIFIED.);
#1137=B_SPLINE_CURVE_WITH_KNOTS('',3,(#1130,#1131,#1132,#1133,#1134,#1135,
#1136),.UNSPECIFIED.,.F.,.F.,(4,1,1,1,4),(0.E0,2.5E-1,5.E-1,7.5E-1,1.E0),
.UNSPECIFIED.);
#1153=B_SPLINE_CURVE_WITH_KNOTS('',3,(#1138,#1139,#1140,#1141,#1142,#1143,#1144,
#1145,#1146,#1147,#1148,#1149,#1150,#1151,#1152),.UNSPECIFIED.,.F.,.F.,(4,1,1,1,
1,1,1,1,1,1,1,1,4),(0.E0,8.333333333333E-2,1.666666666667E-1,2.5E-1,
3.333333333333E-1,4.166666666667E-1,5.E-1,5.833333333333E-1,6.666666666667E-1,
7.5E-1,8.333333333333E-1,9.166666666667E-1,1.E0),.UNSPECIFIED.);
#1158=CIRCLE('',#1157,1.35E0);
#1167=CIRCLE('',#1166,1.35E0);
#1179=B_SPLINE_CURVE_WITH_KNOTS('',3,(#1168,#1169,#1170,#1171,#1172,#1173,#1174,
#1175,#1176,#1177,#1178),.UNSPECIFIED.,.F.,.F.,(4,1,1,1,1,1,1,1,4),(0.E0,
1.25E-1,2.5E-1,3.75E-1,5.E-1,6.25E-1,7.5E-1,8.75E-1,1.E0),.UNSPECIFIED.);
#1191=B_SPLINE_CURVE_WITH_KNOTS('',3,(#1180,#1181,#1182,#1183,#1184,#1185,#1186,
#1187,#1188,#1189,#1190),.UNSPECIFIED.,.F.,.F.,(4,1,1,1,1,1,1,1,4),(0.E0,
1.25E-1,2.5E-1,3.75E-1,5.E-1,6.25E-1,7.5E-1,8.75E-1,1.E0),.UNSPECIFIED.);
#1202=B_SPLINE_CURVE_WITH_KNOTS('',3,(#1192,#1193,#1194,#1195,#1196,#1197,#1198,
#1199,#1200,#1201),.UNSPECIFIED.,.F.,.F.,(4,1,1,1,1,1,1,4),(0.E0,
1.428571428571E-1,2.857142857143E-1,4.285714285714E-1,5.714285714286E-1,
7.142857142857E-1,8.571428571429E-1,1.E0),.UNSPECIFIED.);
#1209=B_SPLINE_CURVE_WITH_KNOTS('',3,(#1203,#1204,#1205,#1206,#1207,#1208),
.UNSPECIFIED.,.F.,.F.,(4,1,1,4),(0.E0,8.277162023657E-2,8.620472996057E-1,1.E0),
.UNSPECIFIED.);
#1215=B_SPLINE_CURVE_WITH_KNOTS('',3,(#1210,#1211,#1212,#1213,#1214),
.UNSPECIFIED.,.F.,.F.,(4,1,4),(0.E0,5.E-1,1.E0),.UNSPECIFIED.);
#1225=B_SPLINE_CURVE_WITH_KNOTS('',3,(#1216,#1217,#1218,#1219,#1220,#1221,#1222,
#1223,#1224),.UNSPECIFIED.,.F.,.F.,(4,1,1,1,1,1,4),(0.E0,1.666666666667E-1,
3.333333333333E-1,5.E-1,6.666666666667E-1,8.333333333333E-1,1.E0),
.UNSPECIFIED.);
#1239=B_SPLINE_CURVE_WITH_KNOTS('',3,(#1230,#1231,#1232,#1233,#1234,#1235,#1236,
#1237,#1238),.UNSPECIFIED.,.F.,.F.,(4,1,1,1,1,1,4),(0.E0,1.666666666667E-1,
3.333333333333E-1,5.E-1,6.666666666667E-1,8.333333333333E-1,1.E0),
.UNSPECIFIED.);
#1274=B_SPLINE_CURVE_WITH_KNOTS('',3,(#1268,#1269,#1270,#1271,#1272,#1273),
.UNSPECIFIED.,.F.,.F.,(4,1,1,4),(0.E0,8.277162023657E-2,8.620472996057E-1,1.E0),
.UNSPECIFIED.);
#1281=B_SPLINE_CURVE_WITH_KNOTS('',3,(#1275,#1276,#1277,#1278,#1279,#1280),
.UNSPECIFIED.,.F.,.F.,(4,1,1,4),(0.E0,8.277162023657E-2,8.620472996057E-1,1.E0),
.UNSPECIFIED.);
#1286=CIRCLE('',#1285,4.E-1);
#1300=B_SPLINE_CURVE_WITH_KNOTS('',3,(#1291,#1292,#1293,#1294,#1295,#1296,#1297,
#1298,#1299),.UNSPECIFIED.,.F.,.F.,(4,1,1,1,1,1,4),(0.E0,1.666666666667E-1,
3.333333333333E-1,5.E-1,6.666666666667E-1,8.333333333333E-1,1.E0),
.UNSPECIFIED.);
#1305=CIRCLE('',#1304,4.E-1);
#1310=CIRCLE('',#1309,4.E-1);
#1321=B_SPLINE_CURVE_WITH_KNOTS('',3,(#1315,#1316,#1317,#1318,#1319,#1320),
.UNSPECIFIED.,.F.,.F.,(4,1,1,4),(0.E0,3.333333333333E-1,6.666666666667E-1,1.E0),
.UNSPECIFIED.);
#1328=B_SPLINE_CURVE_WITH_KNOTS('',3,(#1322,#1323,#1324,#1325,#1326,#1327),
.UNSPECIFIED.,.F.,.F.,(4,1,1,4),(0.E0,3.333333333333E-1,6.666666666667E-1,1.E0),
.UNSPECIFIED.);
#1336=B_SPLINE_CURVE_WITH_KNOTS('',3,(#1329,#1330,#1331,#1332,#1333,#1334,
#1335),.UNSPECIFIED.,.F.,.F.,(4,1,1,1,4),(0.E0,2.5E-1,5.E-1,7.5E-1,1.E0),
.UNSPECIFIED.);
#1342=B_SPLINE_CURVE_WITH_KNOTS('',3,(#1337,#1338,#1339,#1340,#1341),
.UNSPECIFIED.,.F.,.F.,(4,1,4),(0.E0,5.E-1,1.E0),.UNSPECIFIED.);
#1355=B_SPLINE_CURVE_WITH_KNOTS('',3,(#1351,#1352,#1353,#1354),.UNSPECIFIED.,
.F.,.F.,(4,4),(0.E0,1.E0),.UNSPECIFIED.);
#1364=B_SPLINE_CURVE_WITH_KNOTS('',3,(#1356,#1357,#1358,#1359,#1360,#1361,#1362,
#1363),.UNSPECIFIED.,.F.,.F.,(4,1,1,1,1,4),(0.E0,2.E-1,4.E-1,6.E-1,8.E-1,1.E0),
.UNSPECIFIED.);
#1374=B_SPLINE_CURVE_WITH_KNOTS('',3,(#1365,#1366,#1367,#1368,#1369,#1370,#1371,
#1372,#1373),.UNSPECIFIED.,.F.,.F.,(4,1,1,1,1,1,4),(0.E0,1.666666666667E-1,
3.333333333333E-1,5.E-1,6.666666666667E-1,8.333333333333E-1,1.E0),
.UNSPECIFIED.);
#1385=B_SPLINE_CURVE_WITH_KNOTS('',3,(#1375,#1376,#1377,#1378,#1379,#1380,#1381,
#1382,#1383,#1384),.UNSPECIFIED.,.F.,.F.,(4,1,1,1,1,1,1,4),(0.E0,
1.428571428571E-1,2.857142857143E-1,4.285714285714E-1,5.714285714286E-1,
7.142857142857E-1,8.571428571429E-1,1.E0),.UNSPECIFIED.);
#1456=B_SPLINE_CURVE_WITH_KNOTS('',3,(#1450,#1451,#1452,#1453,#1454,#1455),
.UNSPECIFIED.,.F.,.F.,(4,1,1,4),(0.E0,3.333333333333E-1,6.666666666667E-1,1.E0),
.UNSPECIFIED.);
#1466=B_SPLINE_CURVE_WITH_KNOTS('',3,(#1457,#1458,#1459,#1460,#1461,#1462,#1463,
#1464,#1465),.UNSPECIFIED.,.F.,.F.,(4,1,1,1,1,1,4),(0.E0,1.666666666667E-1,
3.333333333333E-1,5.E-1,6.666666666667E-1,8.333333333333E-1,1.E0),
.UNSPECIFIED.);
#1481=B_SPLINE_CURVE_WITH_KNOTS('',3,(#1467,#1468,#1469,#1470,#1471,#1472,#1473,
#1474,#1475,#1476,#1477,#1478,#1479,#1480),.UNSPECIFIED.,.F.,.F.,(4,1,1,1,1,1,1,
1,1,1,1,4),(0.E0,9.090909090909E-2,1.818181818182E-1,2.727272727273E-1,
3.636363636364E-1,4.545454545455E-1,5.454545454545E-1,6.363636363636E-1,
7.272727272727E-1,8.181818181818E-1,9.090909090909E-1,1.E0),.UNSPECIFIED.);
#1498=CIRCLE('',#1497,1.15E0);
#1513=B_SPLINE_CURVE_WITH_KNOTS('',3,(#1499,#1500,#1501,#1502,#1503,#1504,#1505,
#1506,#1507,#1508,#1509,#1510,#1511,#1512),.UNSPECIFIED.,.F.,.F.,(4,1,1,1,1,1,1,
1,1,1,1,4),(0.E0,9.090909090909E-2,1.818181818182E-1,2.727272727273E-1,
3.636363636364E-1,4.545454545455E-1,5.454545454545E-1,6.363636363636E-1,
7.272727272727E-1,8.181818181818E-1,9.090909090909E-1,1.E0),.UNSPECIFIED.);
#1518=CIRCLE('',#1517,1.15E0);
#1529=B_SPLINE_CURVE_WITH_KNOTS('',3,(#1523,#1524,#1525,#1526,#1527,#1528),
.UNSPECIFIED.,.F.,.F.,(4,1,1,4),(0.E0,8.277166437552E-2,8.620477592614E-1,1.E0),
.UNSPECIFIED.);
#1535=B_SPLINE_CURVE_WITH_KNOTS('',3,(#1530,#1531,#1532,#1533,#1534),
.UNSPECIFIED.,.F.,.F.,(4,1,4),(0.E0,5.E-1,1.E0),.UNSPECIFIED.);
#1545=B_SPLINE_CURVE_WITH_KNOTS('',3,(#1536,#1537,#1538,#1539,#1540,#1541,#1542,
#1543,#1544),.UNSPECIFIED.,.F.,.F.,(4,1,1,1,1,1,4),(0.E0,1.666666666667E-1,
3.333333333333E-1,5.E-1,6.666666666667E-1,8.333333333333E-1,1.E0),
.UNSPECIFIED.);
#1557=B_SPLINE_CURVE_WITH_KNOTS('',3,(#1550,#1551,#1552,#1553,#1554,#1555,
#1556),.UNSPECIFIED.,.F.,.F.,(4,1,1,1,4),(0.E0,2.5E-1,5.E-1,7.5E-1,1.E0),
.UNSPECIFIED.);
#1572=B_SPLINE_CURVE_WITH_KNOTS('',3,(#1562,#1563,#1564,#1565,#1566,#1567,#1568,
#1569,#1570,#1571),.UNSPECIFIED.,.F.,.F.,(4,1,1,1,1,1,1,4),(0.E0,
1.428571428571E-1,2.857142857143E-1,4.285714285714E-1,5.714285714286E-1,
7.142857142857E-1,8.571428571429E-1,1.E0),.UNSPECIFIED.);
#1582=B_SPLINE_CURVE_WITH_KNOTS('',3,(#1573,#1574,#1575,#1576,#1577,#1578,#1579,
#1580,#1581),.UNSPECIFIED.,.F.,.F.,(4,1,1,1,1,1,4),(0.E0,1.666666666667E-1,
3.333333333333E-1,5.E-1,6.666666666667E-1,8.333333333333E-1,1.E0),
.UNSPECIFIED.);
#1590=B_SPLINE_CURVE_WITH_KNOTS('',3,(#1583,#1584,#1585,#1586,#1587,#1588,
#1589),.UNSPECIFIED.,.F.,.F.,(4,1,1,1,4),(0.E0,2.5E-1,5.E-1,7.5E-1,1.E0),
.UNSPECIFIED.);
#1618=B_SPLINE_CURVE_WITH_KNOTS('',3,(#1611,#1612,#1613,#1614,#1615,#1616,
#1617),.UNSPECIFIED.,.F.,.F.,(4,1,1,1,4),(0.E0,2.5E-1,5.E-1,7.5E-1,1.E0),
.UNSPECIFIED.);
#1629=B_SPLINE_CURVE_WITH_KNOTS('',3,(#1619,#1620,#1621,#1622,#1623,#1624,#1625,
#1626,#1627,#1628),.UNSPECIFIED.,.F.,.F.,(4,1,1,1,1,1,1,4),(0.E0,
1.428571428571E-1,2.857142857143E-1,4.285714285714E-1,5.714285714286E-1,
7.142857142857E-1,8.571428571429E-1,1.E0),.UNSPECIFIED.);
#1640=B_SPLINE_CURVE_WITH_KNOTS('',3,(#1630,#1631,#1632,#1633,#1634,#1635,#1636,
#1637,#1638,#1639),.UNSPECIFIED.,.F.,.F.,(4,1,1,1,1,1,1,4),(0.E0,
1.428571428571E-1,2.857142857143E-1,4.285714285714E-1,5.714285714286E-1,
7.142857142857E-1,8.571428571429E-1,1.E0),.UNSPECIFIED.);
#1667=B_SPLINE_CURVE_WITH_KNOTS('',3,(#1661,#1662,#1663,#1664,#1665,#1666),
.UNSPECIFIED.,.F.,.F.,(4,1,1,4),(0.E0,8.277162023657E-2,8.620472996057E-1,1.E0),
.UNSPECIFIED.);
#1681=B_SPLINE_CURVE_WITH_KNOTS('',3,(#1668,#1669,#1670,#1671,#1672,#1673,#1674,
#1675,#1676,#1677,#1678,#1679,#1680),.UNSPECIFIED.,.F.,.F.,(4,1,1,1,1,1,1,1,1,1,
4),(0.E0,1.E-1,2.E-1,3.E-1,4.E-1,5.E-1,6.E-1,7.E-1,8.E-1,9.E-1,1.E0),
.UNSPECIFIED.);
#1691=B_SPLINE_CURVE_WITH_KNOTS('',3,(#1682,#1683,#1684,#1685,#1686,#1687,#1688,
#1689,#1690),.UNSPECIFIED.,.F.,.F.,(4,1,1,1,1,1,4),(0.E0,1.666666666667E-1,
3.333333333333E-1,5.E-1,6.666666666667E-1,8.333333333333E-1,1.E0),
.UNSPECIFIED.);
#1698=B_SPLINE_CURVE_WITH_KNOTS('',3,(#1692,#1693,#1694,#1695,#1696,#1697),
.UNSPECIFIED.,.F.,.F.,(4,1,1,4),(0.E0,3.333333333333E-1,6.666666666667E-1,1.E0),
.UNSPECIFIED.);
#1737=B_SPLINE_CURVE_WITH_KNOTS('',3,(#1731,#1732,#1733,#1734,#1735,#1736),
.UNSPECIFIED.,.F.,.F.,(4,1,1,4),(0.E0,8.277162023657E-2,8.620472996057E-1,1.E0),
.UNSPECIFIED.);
#1752=B_SPLINE_CURVE_WITH_KNOTS('',3,(#1738,#1739,#1740,#1741,#1742,#1743,#1744,
#1745,#1746,#1747,#1748,#1749,#1750,#1751),.UNSPECIFIED.,.F.,.F.,(4,1,1,1,1,1,1,
1,1,1,1,4),(0.E0,9.090909090909E-2,1.818181818182E-1,2.727272727273E-1,
3.636363636364E-1,4.545454545455E-1,5.454545454545E-1,6.363636363636E-1,
7.272727272727E-1,8.181818181818E-1,9.090909090909E-1,1.E0),.UNSPECIFIED.);
#1762=B_SPLINE_CURVE_WITH_KNOTS('',3,(#1753,#1754,#1755,#1756,#1757,#1758,#1759,
#1760,#1761),.UNSPECIFIED.,.F.,.F.,(4,1,1,1,1,1,4),(0.E0,1.666666666667E-1,
3.333333333333E-1,5.E-1,6.666666666667E-1,8.333333333333E-1,1.E0),
.UNSPECIFIED.);
#1769=B_SPLINE_CURVE_WITH_KNOTS('',3,(#1763,#1764,#1765,#1766,#1767,#1768),
.UNSPECIFIED.,.F.,.F.,(4,1,1,4),(0.E0,3.333333333333E-1,6.666666666667E-1,1.E0),
.UNSPECIFIED.);
#1818=CIRCLE('',#1817,1.35E0);
#1835=CIRCLE('',#1834,1.15E0);
#1862=B_SPLINE_CURVE_WITH_KNOTS('',3,(#1856,#1857,#1858,#1859,#1860,#1861),
.UNSPECIFIED.,.F.,.F.,(4,1,1,4),(0.E0,8.277162009391E-2,8.620472982067E-1,1.E0),
.UNSPECIFIED.);
#1869=B_SPLINE_CURVE_WITH_KNOTS('',3,(#1863,#1864,#1865,#1866,#1867,#1868),
.UNSPECIFIED.,.F.,.F.,(4,1,1,4),(0.E0,8.277162023657E-2,8.620472996057E-1,1.E0),
.UNSPECIFIED.);
#1898=B_SPLINE_CURVE_WITH_KNOTS('',3,(#1894,#1895,#1896,#1897),.UNSPECIFIED.,
.F.,.F.,(4,4),(0.E0,1.E0),.UNSPECIFIED.);
#1906=B_SPLINE_CURVE_WITH_KNOTS('',3,(#1899,#1900,#1901,#1902,#1903,#1904,
#1905),.UNSPECIFIED.,.F.,.F.,(4,1,1,1,4),(0.E0,2.5E-1,5.E-1,7.5E-1,1.E0),
.UNSPECIFIED.);
#1912=B_SPLINE_CURVE_WITH_KNOTS('',3,(#1907,#1908,#1909,#1910,#1911),
.UNSPECIFIED.,.F.,.F.,(4,1,4),(0.E0,5.E-1,1.E0),.UNSPECIFIED.);
#1925=CIRCLE('',#1924,7.E-1);
#1930=CIRCLE('',#1929,7.E-1);
#1938=B_SPLINE_CURVE_WITH_KNOTS('',3,(#1931,#1932,#1933,#1934,#1935,#1936,
#1937),.UNSPECIFIED.,.F.,.F.,(4,1,1,1,4),(0.E0,2.5E-1,5.E-1,7.5E-1,1.E0),
.UNSPECIFIED.);
#1949=B_SPLINE_CURVE_WITH_KNOTS('',3,(#1939,#1940,#1941,#1942,#1943,#1944,#1945,
#1946,#1947,#1948),.UNSPECIFIED.,.F.,.F.,(4,1,1,1,1,1,1,4),(0.E0,
1.428571428571E-1,2.857142857143E-1,4.285714285714E-1,5.714285714286E-1,
7.142857142857E-1,8.571428571429E-1,1.E0),.UNSPECIFIED.);
#1960=B_SPLINE_CURVE_WITH_KNOTS('',3,(#1950,#1951,#1952,#1953,#1954,#1955,#1956,
#1957,#1958,#1959),.UNSPECIFIED.,.F.,.F.,(4,1,1,1,1,1,1,4),(0.E0,
1.428571428571E-1,2.857142857143E-1,4.285714285714E-1,5.714285714286E-1,
7.142857142857E-1,8.571428571429E-1,1.E0),.UNSPECIFIED.);
#1969=CIRCLE('',#1968,7.E-1);
#1974=CIRCLE('',#1973,7.E-1);
#1981=B_SPLINE_CURVE_WITH_KNOTS('',3,(#1975,#1976,#1977,#1978,#1979,#1980),
.UNSPECIFIED.,.F.,.F.,(4,1,1,4),(0.E0,3.333333333333E-1,6.666666666667E-1,1.E0),
.UNSPECIFIED.);
#1989=B_SPLINE_CURVE_WITH_KNOTS('',3,(#1982,#1983,#1984,#1985,#1986,#1987,
#1988),.UNSPECIFIED.,.F.,.F.,(4,1,1,1,4),(0.E0,2.5E-1,5.E-1,7.5E-1,1.E0),
.UNSPECIFIED.);
#1995=B_SPLINE_CURVE_WITH_KNOTS('',3,(#1990,#1991,#1992,#1993,#1994),
.UNSPECIFIED.,.F.,.F.,(4,1,4),(0.E0,5.E-1,1.E0),.UNSPECIFIED.);
#2005=B_SPLINE_CURVE_WITH_KNOTS('',3,(#1996,#1997,#1998,#1999,#2000,#2001,#2002,
#2003,#2004),.UNSPECIFIED.,.F.,.F.,(4,1,1,1,1,1,4),(0.E0,1.666666666667E-1,
3.333333333333E-1,5.E-1,6.666666666667E-1,8.333333333333E-1,1.E0),
.UNSPECIFIED.);
#2014=CIRCLE('',#2013,7.E-1);
#2028=B_SPLINE_CURVE_WITH_KNOTS('',3,(#2019,#2020,#2021,#2022,#2023,#2024,#2025,
#2026,#2027),.UNSPECIFIED.,.F.,.F.,(4,1,1,1,1,1,4),(0.E0,1.666666666667E-1,
3.333333333333E-1,5.E-1,6.666666666667E-1,8.333333333333E-1,1.E0),
.UNSPECIFIED.);
#2034=B_SPLINE_CURVE_WITH_KNOTS('',3,(#2029,#2030,#2031,#2032,#2033),
.UNSPECIFIED.,.F.,.F.,(4,1,4),(0.E0,5.E-1,1.E0),.UNSPECIFIED.);
#2046=B_SPLINE_CURVE_WITH_KNOTS('',3,(#2039,#2040,#2041,#2042,#2043,#2044,
#2045),.UNSPECIFIED.,.F.,.F.,(4,1,1,1,4),(0.E0,2.5E-1,5.E-1,7.5E-1,1.E0),
.UNSPECIFIED.);
#2055=CIRCLE('',#2054,7.E-1);
#2060=CIRCLE('',#2059,7.E-1);
#2071=B_SPLINE_CURVE_WITH_KNOTS('',3,(#2061,#2062,#2063,#2064,#2065,#2066,#2067,
#2068,#2069,#2070),.UNSPECIFIED.,.F.,.F.,(4,1,1,1,1,1,1,4),(0.E0,
1.428571428571E-1,2.857142857143E-1,4.285714285714E-1,5.714285714286E-1,
7.142857142857E-1,8.571428571429E-1,1.E0),.UNSPECIFIED.);
#2079=B_SPLINE_CURVE_WITH_KNOTS('',3,(#2072,#2073,#2074,#2075,#2076,#2077,
#2078),.UNSPECIFIED.,.F.,.F.,(4,1,1,1,4),(0.E0,2.5E-1,5.E-1,7.5E-1,1.E0),
.UNSPECIFIED.);
#2090=B_SPLINE_CURVE_WITH_KNOTS('',3,(#2080,#2081,#2082,#2083,#2084,#2085,#2086,
#2087,#2088,#2089),.UNSPECIFIED.,.F.,.F.,(4,1,1,1,1,1,1,4),(0.E0,
1.428571428571E-1,2.857142857143E-1,4.285714285714E-1,5.714285714286E-1,
7.142857142857E-1,8.571428571429E-1,1.E0),.UNSPECIFIED.);
#2095=CIRCLE('',#2094,7.E-1);
#2100=CIRCLE('',#2099,7.E-1);
#2127=B_SPLINE_CURVE_WITH_KNOTS('',3,(#2121,#2122,#2123,#2124,#2125,#2126),
.UNSPECIFIED.,.F.,.F.,(4,1,1,4),(0.E0,3.333333333333E-1,6.666666666667E-1,1.E0),
.UNSPECIFIED.);
#2134=B_SPLINE_CURVE_WITH_KNOTS('',3,(#2128,#2129,#2130,#2131,#2132,#2133),
.UNSPECIFIED.,.F.,.F.,(4,1,1,4),(0.E0,3.333333333333E-1,6.666666666667E-1,1.E0),
.UNSPECIFIED.);
#2155=CIRCLE('',#2154,1.35E0);
#2164=B_SPLINE_CURVE_WITH_KNOTS('',3,(#2160,#2161,#2162,#2163),.UNSPECIFIED.,
.F.,.F.,(4,4),(0.E0,1.E0),.UNSPECIFIED.);
#2177=CIRCLE('',#2176,1.35E0);
#2182=B_SPLINE_CURVE_WITH_KNOTS('',3,(#2178,#2179,#2180,#2181),.UNSPECIFIED.,
.F.,.F.,(4,4),(0.E0,1.E0),.UNSPECIFIED.);
#2191=CIRCLE('',#2190,1.35E0);
#2200=B_SPLINE_CURVE_WITH_KNOTS('',3,(#2196,#2197,#2198,#2199),.UNSPECIFIED.,
.F.,.F.,(4,4),(0.E0,1.E0),.UNSPECIFIED.);
#2209=CIRCLE('',#2208,1.35E0);
#2218=B_SPLINE_CURVE_WITH_KNOTS('',3,(#2214,#2215,#2216,#2217),.UNSPECIFIED.,
.F.,.F.,(4,4),(0.E0,1.E0),.UNSPECIFIED.);
#2227=CIRCLE('',#2226,1.275E0);
#2232=B_SPLINE_CURVE_WITH_KNOTS('',3,(#2228,#2229,#2230,#2231),.UNSPECIFIED.,
.F.,.F.,(4,4),(0.E0,1.E0),.UNSPECIFIED.);
#2237=CIRCLE('',#2236,1.275E0);
#2242=B_SPLINE_CURVE_WITH_KNOTS('',3,(#2238,#2239,#2240,#2241),.UNSPECIFIED.,
.F.,.F.,(4,4),(0.E0,1.E0),.UNSPECIFIED.);
#2247=CIRCLE('',#2246,1.275E0);
#2252=B_SPLINE_CURVE_WITH_KNOTS('',3,(#2248,#2249,#2250,#2251),.UNSPECIFIED.,
.F.,.F.,(4,4),(0.E0,1.E0),.UNSPECIFIED.);
#2257=CIRCLE('',#2256,1.275E0);
#2262=B_SPLINE_CURVE_WITH_KNOTS('',3,(#2258,#2259,#2260,#2261),.UNSPECIFIED.,
.F.,.F.,(4,4),(0.E0,1.E0),.UNSPECIFIED.);
#2267=B_SPLINE_CURVE_WITH_KNOTS('',3,(#2263,#2264,#2265,#2266),.UNSPECIFIED.,
.F.,.F.,(4,4),(0.E0,1.E0),.UNSPECIFIED.);
#2272=B_SPLINE_CURVE_WITH_KNOTS('',3,(#2268,#2269,#2270,#2271),.UNSPECIFIED.,
.F.,.F.,(4,4),(0.E0,1.E0),.UNSPECIFIED.);
#2277=CIRCLE('',#2276,1.275E0);
#2282=CIRCLE('',#2281,1.275E0);
#2291=CIRCLE('',#2290,1.275E0);
#2300=B_SPLINE_CURVE_WITH_KNOTS('',3,(#2296,#2297,#2298,#2299),.UNSPECIFIED.,
.F.,.F.,(4,4),(0.E0,1.E0),.UNSPECIFIED.);
#2305=CIRCLE('',#2304,1.275E0);
#2310=B_SPLINE_CURVE_WITH_KNOTS('',3,(#2306,#2307,#2308,#2309),.UNSPECIFIED.,
.F.,.F.,(4,4),(0.E0,1.E0),.UNSPECIFIED.);
#2319=CIRCLE('',#2318,1.275E0);
#2328=CIRCLE('',#2327,1.275E0);
#2333=B_SPLINE_CURVE_WITH_KNOTS('',3,(#2329,#2330,#2331,#2332),.UNSPECIFIED.,
.F.,.F.,(4,4),(0.E0,1.E0),.UNSPECIFIED.);
#2338=B_SPLINE_CURVE_WITH_KNOTS('',3,(#2334,#2335,#2336,#2337),.UNSPECIFIED.,
.F.,.F.,(4,4),(0.E0,1.E0),.UNSPECIFIED.);
#2343=CIRCLE('',#2342,1.275E0);
#2352=CIRCLE('',#2351,1.275E0);
#2363=B_SPLINE_CURVE_WITH_KNOTS('',3,(#2353,#2354,#2355,#2356,#2357,#2358,#2359,
#2360,#2361,#2362),.UNSPECIFIED.,.F.,.F.,(4,1,1,1,1,1,1,4),(0.E0,
1.428571428571E-1,2.857142857143E-1,4.285714285714E-1,5.714285714286E-1,
7.142857142857E-1,8.571428571429E-1,1.E0),.UNSPECIFIED.);
#2374=B_SPLINE_CURVE_WITH_KNOTS('',3,(#2364,#2365,#2366,#2367,#2368,#2369,#2370,
#2371,#2372,#2373),.UNSPECIFIED.,.F.,.F.,(4,1,1,1,1,1,1,4),(0.E0,
1.428571428571E-1,2.857142857143E-1,4.285714285714E-1,5.714285714286E-1,
7.142857142857E-1,8.571428571429E-1,1.E0),.UNSPECIFIED.);
#2379=CIRCLE('',#2378,1.275E0);
#2392=CIRCLE('',#2391,1.275E0);
#2403=B_SPLINE_CURVE_WITH_KNOTS('',3,(#2393,#2394,#2395,#2396,#2397,#2398,#2399,
#2400,#2401,#2402),.UNSPECIFIED.,.F.,.F.,(4,1,1,1,1,1,1,4),(0.E0,
1.428571428571E-1,2.857142857143E-1,4.285714285714E-1,5.714285714286E-1,
7.142857142857E-1,8.571428571429E-1,1.E0),.UNSPECIFIED.);
#2408=CIRCLE('',#2407,1.275E0);
#2413=B_SPLINE_CURVE_WITH_KNOTS('',3,(#2409,#2410,#2411,#2412),.UNSPECIFIED.,
.F.,.F.,(4,4),(0.E0,1.E0),.UNSPECIFIED.);
#2422=B_SPLINE_CURVE_WITH_KNOTS('',3,(#2418,#2419,#2420,#2421),.UNSPECIFIED.,
.F.,.F.,(4,4),(0.E0,1.E0),.UNSPECIFIED.);
#2431=CIRCLE('',#2430,1.35E0);
#2444=CIRCLE('',#2443,1.35E0);
#2457=CIRCLE('',#2456,1.35E0);
#2474=B_SPLINE_CURVE_WITH_KNOTS('',3,(#2470,#2471,#2472,#2473),.UNSPECIFIED.,
.F.,.F.,(4,4),(0.E0,1.E0),.UNSPECIFIED.);
#2487=B_SPLINE_CURVE_WITH_KNOTS('',3,(#2483,#2484,#2485,#2486),.UNSPECIFIED.,
.F.,.F.,(4,4),(0.E0,1.E0),.UNSPECIFIED.);
#2504=CIRCLE('',#2503,1.35E0);
#2525=CIRCLE('',#2524,1.35E0);
#2530=B_SPLINE_CURVE_WITH_KNOTS('',3,(#2526,#2527,#2528,#2529),.UNSPECIFIED.,
.F.,.F.,(4,4),(0.E0,1.E0),.UNSPECIFIED.);
#2539=B_SPLINE_CURVE_WITH_KNOTS('',3,(#2535,#2536,#2537,#2538),.UNSPECIFIED.,
.F.,.F.,(4,4),(0.E0,1.E0),.UNSPECIFIED.);
#2548=CIRCLE('',#2547,1.35E0);
#2569=CIRCLE('',#2568,1.35E0);
#2582=CIRCLE('',#2581,1.35E0);
#2607=CIRCLE('',#2606,1.35E0);
#2620=CIRCLE('',#2619,1.35E0);
#2637=CIRCLE('',#2636,9.E-1);
#2642=CIRCLE('',#2641,9.E-1);
#2647=CIRCLE('',#2646,5.E-1);
#2660=CIRCLE('',#2659,5.E-1);
#2673=CIRCLE('',#2672,5.E-1);
#2678=CIRCLE('',#2677,5.E-1);
#2683=CIRCLE('',#2682,2.243231546563E-1);
#2688=CIRCLE('',#2687,2.5E-1);
#2693=CIRCLE('',#2692,2.5E-1);
#2698=CIRCLE('',#2697,2.243231546563E-1);
#2711=CIRCLE('',#2710,3.E-1);
#2716=CIRCLE('',#2715,3.E-1);
#2721=CIRCLE('',#2720,3.E-1);
#2734=CIRCLE('',#2733,3.E-1);
#2756=B_SPLINE_CURVE_WITH_KNOTS('',3,(#2747,#2748,#2749,#2750,#2751,#2752,#2753,
#2754,#2755),.UNSPECIFIED.,.F.,.F.,(4,1,1,1,1,1,4),(0.E0,1.666666666667E-1,
3.333333333333E-1,5.E-1,6.666666666667E-1,8.333333333333E-1,1.E0),
.UNSPECIFIED.);
#2768=B_SPLINE_CURVE_WITH_KNOTS('',3,(#2761,#2762,#2763,#2764,#2765,#2766,
#2767),.UNSPECIFIED.,.F.,.F.,(4,1,1,1,4),(0.E0,2.5E-1,5.E-1,7.5E-1,1.E0),
.UNSPECIFIED.);
#2773=CIRCLE('',#2772,9.E-1);
#2781=B_SPLINE_CURVE_WITH_KNOTS('',3,(#2774,#2775,#2776,#2777,#2778,#2779,
#2780),.UNSPECIFIED.,.F.,.F.,(4,1,1,1,4),(0.E0,2.5E-1,5.E-1,7.5E-1,1.E0),
.UNSPECIFIED.);
#2789=B_SPLINE_CURVE_WITH_KNOTS('',3,(#2782,#2783,#2784,#2785,#2786,#2787,
#2788),.UNSPECIFIED.,.F.,.F.,(4,1,1,1,4),(0.E0,2.5E-1,5.E-1,7.5E-1,1.E0),
.UNSPECIFIED.);
#2797=B_SPLINE_CURVE_WITH_KNOTS('',3,(#2790,#2791,#2792,#2793,#2794,#2795,
#2796),.UNSPECIFIED.,.F.,.F.,(4,1,1,1,4),(0.E0,2.5E-1,5.E-1,7.5E-1,1.E0),
.UNSPECIFIED.);
#3371=EDGE_CURVE('',#3052,#3053,#721,.T.);
#3373=EDGE_CURVE('',#2841,#3052,#461,.T.);
#3375=EDGE_CURVE('',#2841,#2853,#76,.T.);
#3377=EDGE_CURVE('',#2853,#2876,#452,.T.);
#3379=EDGE_CURVE('',#2989,#2876,#1930,.T.);
#3381=EDGE_CURVE('',#2987,#2989,#1925,.T.);
#3383=EDGE_CURVE('',#2985,#2987,#817,.T.);
#3385=EDGE_CURVE('',#2984,#2985,#808,.T.);
#3387=EDGE_CURVE('',#3033,#2984,#803,.T.);
#3389=EDGE_CURVE('',#2981,#3033,#768,.T.);
#3391=EDGE_CURVE('',#2980,#2981,#763,.T.);
#3393=EDGE_CURVE('',#3053,#2980,#738,.T.);
#3397=EDGE_CURVE('',#3114,#3159,#84,.T.);
#3399=EDGE_CURVE('',#3159,#3163,#404,.T.);
#3401=EDGE_CURVE('',#3163,#3118,#100,.T.);
#3403=EDGE_CURVE('',#3118,#3119,#588,.T.);
#3405=EDGE_CURVE('',#3170,#3119,#324,.T.);
#3407=EDGE_CURVE('',#3166,#3170,#424,.T.);
#3409=EDGE_CURVE('',#3115,#3166,#316,.T.);
#3411=EDGE_CURVE('',#3114,#3115,#254,.T.);
#3421=EDGE_CURVE('',#3158,#3159,#80,.T.);
#3424=EDGE_CURVE('',#3137,#3114,#249,.T.);
#3426=EDGE_CURVE('',#3137,#3158,#88,.T.);
#3436=EDGE_CURVE('',#3162,#3163,#92,.T.);
#3438=EDGE_CURVE('',#3162,#3122,#96,.T.);
#3440=EDGE_CURVE('',#3122,#3118,#592,.T.);
#3452=EDGE_CURVE('',#3158,#3146,#105,.T.);
#3454=EDGE_CURVE('',#3146,#3147,#109,.T.);
#3456=EDGE_CURVE('',#3147,#3149,#113,.T.);
#3458=EDGE_CURVE('',#3149,#3159,#117,.T.);
#3468=EDGE_CURVE('',#3166,#3167,#308,.T.);
#3470=EDGE_CURVE('',#3166,#3196,#121,.T.);
#3472=EDGE_CURVE('',#3196,#3197,#125,.T.);
#3474=EDGE_CURVE('',#3197,#3199,#129,.T.);
#3476=EDGE_CURVE('',#3199,#3167,#134,.T.);
#3486=EDGE_CURVE('',#3174,#3175,#428,.T.);
#3488=EDGE_CURVE('',#3174,#3202,#139,.T.);
#3490=EDGE_CURVE('',#3202,#3203,#143,.T.);
#3492=EDGE_CURVE('',#3203,#3205,#147,.T.);
#3494=EDGE_CURVE('',#3205,#3175,#151,.T.);
#3504=EDGE_CURVE('',#3182,#3183,#563,.T.);
#3506=EDGE_CURVE('',#3182,#3190,#155,.T.);
#3508=EDGE_CURVE('',#3190,#3191,#159,.T.);
#3510=EDGE_CURVE('',#3191,#3193,#163,.T.);
#3512=EDGE_CURVE('',#3193,#3183,#168,.T.);
#3522=EDGE_CURVE('',#3054,#3055,#726,.T.);
#3524=EDGE_CURVE('',#3055,#2867,#177,.T.);
#3526=EDGE_CURVE('',#2867,#2868,#183,.T.);
#3528=EDGE_CURVE('',#2868,#2874,#190,.T.);
#3530=EDGE_CURVE('',#2874,#3078,#199,.T.);
#3532=EDGE_CURVE('',#3078,#3079,#206,.T.);
#3534=EDGE_CURVE('',#3079,#3080,#212,.T.);
#3536=EDGE_CURVE('',#3080,#3082,#217,.T.);
#3538=EDGE_CURVE('',#3082,#3084,#222,.T.);
#3540=EDGE_CURVE('',#3084,#3085,#228,.T.);
#3542=EDGE_CURVE('',#3085,#3086,#235,.T.);
#3544=EDGE_CURVE('',#3086,#2869,#240,.T.);
#3546=EDGE_CURVE('',#2869,#2844,#489,.T.);
#3548=EDGE_CURVE('',#2832,#2844,#2642,.T.);
#3550=EDGE_CURVE('',#3054,#2832,#485,.T.);
#3554=EDGE_CURVE('',#3237,#3139,#263,.T.);
#3556=EDGE_CURVE('',#3139,#3167,#312,.T.);
#3559=EDGE_CURVE('',#3199,#3217,#172,.T.);
#3561=EDGE_CURVE('',#3217,#3171,#350,.T.);
#3563=EDGE_CURVE('',#3171,#3123,#328,.T.);
#3565=EDGE_CURVE('',#3122,#3123,#597,.T.);
#3568=EDGE_CURVE('',#3162,#3152,#345,.T.);
#3570=EDGE_CURVE('',#3146,#3152,#412,.T.);
#3574=EDGE_CURVE('',#3137,#3236,#245,.T.);
#3576=EDGE_CURVE('',#3236,#3237,#2773,.T.);
#3589=EDGE_CURVE('',#3115,#3139,#258,.T.);
#3592=EDGE_CURVE('',#3236,#3237,#272,.T.);
#3602=EDGE_CURVE('',#3141,#3250,#277,.T.);
#3604=EDGE_CURVE('',#3141,#3126,#281,.T.);
#3606=EDGE_CURVE('',#3126,#3127,#286,.T.);
#3608=EDGE_CURVE('',#3127,#3143,#290,.T.);
#3610=EDGE_CURVE('',#3251,#3143,#295,.T.);
#3612=EDGE_CURVE('',#3250,#3251,#304,.T.);
#3634=EDGE_CURVE('',#3170,#3171,#320,.T.);
#3637=EDGE_CURVE('',#3119,#3123,#601,.T.);
#3649=EDGE_CURVE('',#3155,#3163,#332,.T.);
#3651=EDGE_CURVE('',#3153,#3155,#336,.T.);
#3653=EDGE_CURVE('',#3152,#3153,#340,.T.);
#3666=EDGE_CURVE('',#3215,#3217,#354,.T.);
#3668=EDGE_CURVE('',#3214,#3215,#358,.T.);
#3670=EDGE_CURVE('',#3170,#3214,#362,.T.);
#3680=EDGE_CURVE('',#3178,#3179,#440,.T.);
#3682=EDGE_CURVE('',#3223,#3179,#366,.T.);
#3684=EDGE_CURVE('',#3221,#3223,#370,.T.);
#3686=EDGE_CURVE('',#3220,#3221,#374,.T.);
#3688=EDGE_CURVE('',#3178,#3220,#379,.T.);
#3698=EDGE_CURVE('',#3186,#3187,#575,.T.);
#3700=EDGE_CURVE('',#3211,#3187,#384,.T.);
#3702=EDGE_CURVE('',#3209,#3211,#388,.T.);
#3704=EDGE_CURVE('',#3208,#3209,#392,.T.);
#3706=EDGE_CURVE('',#3186,#3208,#396,.T.);
#3717=EDGE_CURVE('',#3149,#3155,#400,.T.);
#3730=EDGE_CURVE('',#3147,#3153,#408,.T.);
#3755=EDGE_CURVE('',#3197,#3215,#416,.T.);
#3768=EDGE_CURVE('',#3196,#3214,#420,.T.);
#3793=EDGE_CURVE('',#3126,#3175,#432,.T.);
#3796=EDGE_CURVE('',#3141,#3174,#436,.T.);
#3807=EDGE_CURVE('',#3178,#3134,#444,.T.);
#3809=EDGE_CURVE('',#3134,#3130,#610,.T.);
#3811=EDGE_CURVE('',#3179,#3130,#448,.T.);
#3821=EDGE_CURVE('',#3056,#3052,#707,.T.);
#3823=EDGE_CURVE('',#3001,#3056,#754,.T.);
#3825=EDGE_CURVE('',#3000,#3001,#2100,.T.);
#3827=EDGE_CURVE('',#3030,#3000,#2095,.T.);
#3829=EDGE_CURVE('',#2997,#3030,#2060,.T.);
#3831=EDGE_CURVE('',#2995,#2997,#2055,.T.);
#3833=EDGE_CURVE('',#2993,#2995,#2014,.T.);
#3835=EDGE_CURVE('',#2992,#2993,#1974,.T.);
#3837=EDGE_CURVE('',#2876,#2992,#1969,.T.);
#3840=EDGE_CURVE('',#2841,#2853,#457,.T.);
#3846=EDGE_CURVE('',#3175,#3179,#465,.T.);
#3849=EDGE_CURVE('',#3130,#3131,#606,.T.);
#3851=EDGE_CURVE('',#3186,#3131,#579,.T.);
#3853=EDGE_CURVE('',#3182,#3186,#631,.T.);
#3855=EDGE_CURVE('',#3127,#3182,#571,.T.);
#3868=EDGE_CURVE('',#3205,#3223,#469,.T.);
#3880=EDGE_CURVE('',#3203,#3221,#473,.T.);
#3893=EDGE_CURVE('',#3202,#3220,#477,.T.);
#3905=EDGE_CURVE('',#3057,#3054,#716,.T.);
#3908=EDGE_CURVE('',#2832,#2844,#2637,.T.);
#3911=EDGE_CURVE('',#2869,#2870,#496,.T.);
#3913=EDGE_CURVE('',#2870,#2871,#503,.T.);
#3915=EDGE_CURVE('',#2871,#2873,#509,.T.);
#3917=EDGE_CURVE('',#2873,#2973,#514,.T.);
#3919=EDGE_CURVE('',#2973,#2975,#519,.T.);
#3921=EDGE_CURVE('',#2975,#3087,#525,.T.);
#3923=EDGE_CURVE('',#3087,#2872,#532,.T.);
#3925=EDGE_CURVE('',#2872,#2865,#541,.T.);
#3927=EDGE_CURVE('',#2865,#2866,#548,.T.);
#3929=EDGE_CURVE('',#2866,#2977,#554,.T.);
#3931=EDGE_CURVE('',#2977,#3057,#559,.T.);
#3936=EDGE_CURVE('',#3143,#3183,#567,.T.);
#3939=EDGE_CURVE('',#3193,#3211,#481,.T.);
#3942=EDGE_CURVE('',#3187,#3135,#583,.T.);
#3944=EDGE_CURVE('',#3134,#3135,#615,.T.);
#3952=EDGE_CURVE('',#3250,#3251,#636,.T.);
#3976=EDGE_CURVE('',#3131,#3135,#619,.T.);
#4012=EDGE_CURVE('',#3191,#3209,#623,.T.);
#4025=EDGE_CURVE('',#3190,#3208,#627,.T.);
#4078=EDGE_CURVE('',#3250,#3243,#652,.T.);
#4080=EDGE_CURVE('',#3242,#3243,#682,.T.);
#4082=EDGE_CURVE('',#3251,#3242,#644,.T.);
#4104=EDGE_CURVE('',#3250,#3238,#670,.T.);
#4106=EDGE_CURVE('',#3238,#3245,#702,.T.);
#4108=EDGE_CURVE('',#3243,#3245,#686,.T.);
#4120=EDGE_CURVE('',#3239,#3251,#656,.T.);
#4122=EDGE_CURVE('',#3238,#3239,#666,.T.);
#4147=EDGE_CURVE('',#3247,#3242,#694,.T.);
#4149=EDGE_CURVE('',#3239,#3247,#678,.T.);
#4161=EDGE_CURVE('',#3245,#3247,#690,.T.);
#4221=EDGE_CURVE('',#3052,#3054,#711,.T.);
#4224=EDGE_CURVE('',#3057,#3064,#2134,.T.);
#4226=EDGE_CURVE('',#3064,#3065,#945,.T.);
#4228=EDGE_CURVE('',#3065,#3056,#745,.T.);
#4239=EDGE_CURVE('',#3053,#3061,#733,.T.);
#4241=EDGE_CURVE('',#3060,#3061,#893,.T.);
#4243=EDGE_CURVE('',#3060,#3055,#2127,.T.);
#4289=EDGE_CURVE('',#2980,#3009,#758,.T.);
#4291=EDGE_CURVE('',#3009,#3061,#898,.T.);
#4334=EDGE_CURVE('',#3065,#3007,#993,.T.);
#4336=EDGE_CURVE('',#3001,#3007,#749,.T.);
#4367=EDGE_CURVE('',#3034,#3033,#798,.T.);
#4369=EDGE_CURVE('',#3034,#3009,#902,.T.);
#4422=EDGE_CURVE('',#3032,#3033,#779,.T.);
#4424=EDGE_CURVE('',#3032,#3034,#787,.T.);
#4458=EDGE_CURVE('',#2985,#3003,#812,.T.);
#4460=EDGE_CURVE('',#3003,#3032,#906,.T.);
#4502=EDGE_CURVE('',#3049,#3003,#911,.T.);
#4506=EDGE_CURVE('',#2987,#3018,#1920,.T.);
#4508=EDGE_CURVE('',#3018,#3019,#826,.T.);
#4510=EDGE_CURVE('',#3019,#3020,#832,.T.);
#4512=EDGE_CURVE('',#3020,#3111,#840,.T.);
#4514=EDGE_CURVE('',#3103,#3111,#846,.T.);
#4516=EDGE_CURVE('',#3103,#3049,#853,.T.);
#4526=EDGE_CURVE('',#2863,#2878,#857,.T.);
#4528=EDGE_CURVE('',#2862,#2863,#865,.T.);
#4530=EDGE_CURVE('',#3012,#2862,#869,.T.);
#4532=EDGE_CURVE('',#3012,#3013,#875,.T.);
#4534=EDGE_CURVE('',#3013,#3014,#883,.T.);
#4536=EDGE_CURVE('',#3014,#2878,#889,.T.);
#4552=EDGE_CURVE('',#3091,#3049,#915,.T.);
#4554=EDGE_CURVE('',#3077,#3091,#920,.T.);
#4556=EDGE_CURVE('',#3076,#3077,#924,.T.);
#4558=EDGE_CURVE('',#2861,#3076,#932,.T.);
#4560=EDGE_CURVE('',#2860,#2861,#936,.T.);
#4562=EDGE_CURVE('',#3060,#2860,#941,.T.);
#4573=EDGE_CURVE('',#2857,#3064,#950,.T.);
#4575=EDGE_CURVE('',#2856,#2857,#954,.T.);
#4577=EDGE_CURVE('',#2864,#2856,#962,.T.);
#4579=EDGE_CURVE('',#3047,#2864,#966,.T.);
#4581=EDGE_CURVE('',#3046,#3047,#971,.T.);
#4583=EDGE_CURVE('',#3051,#3046,#975,.T.);
#4585=EDGE_CURVE('',#3005,#3051,#980,.T.);
#4587=EDGE_CURVE('',#3031,#3005,#984,.T.);
#4589=EDGE_CURVE('',#3029,#3031,#2079,.T.);
#4591=EDGE_CURVE('',#3007,#3029,#988,.T.);
#4627=EDGE_CURVE('',#2873,#2878,#1016,.T.);
#4631=EDGE_CURVE('',#2870,#2863,#997,.T.);
#4673=EDGE_CURVE('',#3028,#3043,#1005,.T.);
#4675=EDGE_CURVE('',#3046,#3043,#1012,.T.);
#4678=EDGE_CURVE('',#2975,#3047,#2150,.T.);
#4683=EDGE_CURVE('',#2878,#3015,#1022,.T.);
#4685=EDGE_CURVE('',#3015,#3028,#1031,.T.);
#4723=EDGE_CURVE('',#3036,#2923,#1085,.T.);
#4725=EDGE_CURVE('',#3106,#3036,#1042,.T.);
#4727=EDGE_CURVE('',#3105,#3106,#1052,.T.);
#4729=EDGE_CURVE('',#3043,#3105,#1061,.T.);
#4732=EDGE_CURVE('',#3028,#2923,#1065,.T.);
#4742=EDGE_CURVE('',#2891,#2949,#1069,.T.);
#4744=EDGE_CURVE('',#2970,#2949,#1073,.T.);
#4746=EDGE_CURVE('',#2970,#2971,#1077,.T.);
#4748=EDGE_CURVE('',#2971,#3036,#1081,.T.);
#4751=EDGE_CURVE('',#2891,#2923,#1229,.T.);
#4793=EDGE_CURVE('',#2933,#2879,#1121,.T.);
#4795=EDGE_CURVE('',#3096,#2933,#1092,.T.);
#4797=EDGE_CURVE('',#3095,#3096,#1102,.T.);
#4799=EDGE_CURVE('',#2949,#3095,#1117,.T.);
#4802=EDGE_CURVE('',#2879,#2891,#1209,.T.);
#4813=EDGE_CURVE('',#2816,#2879,#1162,.T.);
#4815=EDGE_CURVE('',#2829,#2816,#1847,.T.);
#4817=EDGE_CURVE('',#2829,#2947,#1125,.T.);
#4819=EDGE_CURVE('',#2947,#2933,#1129,.T.);
#4829=EDGE_CURVE('',#2879,#2880,#1137,.T.);
#4831=EDGE_CURVE('',#2880,#2881,#1153,.T.);
#4833=EDGE_CURVE('',#2881,#2883,#1158,.T.);
#4835=EDGE_CURVE('',#2817,#2883,#1730,.T.);
#4837=EDGE_CURVE('',#2816,#2817,#1818,.T.);
#4842=EDGE_CURVE('',#3312,#3313,#2155,.T.);
#4844=EDGE_CURVE('',#3313,#3314,#2218,.T.);
#4846=EDGE_CURVE('',#3314,#3316,#2209,.T.);
#4848=EDGE_CURVE('',#3316,#3317,#2200,.T.);
#4850=EDGE_CURVE('',#3317,#3319,#2191,.T.);
#4852=EDGE_CURVE('',#3320,#3319,#2182,.T.);
#4854=EDGE_CURVE('',#3321,#3320,#2177,.T.);
#4856=EDGE_CURVE('',#3312,#3321,#2164,.T.);
#4860=EDGE_CURVE('',#3326,#3327,#2539,.T.);
#4862=EDGE_CURVE('',#3328,#3326,#2530,.T.);
#4864=EDGE_CURVE('',#3332,#3328,#2525,.T.);
#4866=EDGE_CURVE('',#3331,#3332,#2512,.T.);
#4868=EDGE_CURVE('',#3331,#3334,#2504,.T.);
#4870=EDGE_CURVE('',#3334,#3336,#2495,.T.);
#4872=EDGE_CURVE('',#3336,#3337,#2487,.T.);
#4874=EDGE_CURVE('',#3337,#3339,#1167,.T.);
#4876=EDGE_CURVE('',#3339,#3340,#2474,.T.);
#4878=EDGE_CURVE('',#3342,#3340,#2465,.T.);
#4880=EDGE_CURVE('',#3342,#3344,#2457,.T.);
#4882=EDGE_CURVE('',#3344,#3346,#2448,.T.);
#4884=EDGE_CURVE('',#3327,#3346,#2444,.T.);
#4888=EDGE_CURVE('',#3349,#3350,#2548,.T.);
#4890=EDGE_CURVE('',#3350,#3352,#2590,.T.);
#4892=EDGE_CURVE('',#3352,#3354,#2582,.T.);
#4894=EDGE_CURVE('',#3355,#3354,#1179,.T.);
#4896=EDGE_CURVE('',#3356,#3355,#1191,.T.);
#4898=EDGE_CURVE('',#3358,#3356,#2569,.T.);
#4900=EDGE_CURVE('',#3349,#3358,#2556,.T.);
#4910=EDGE_CURVE('',#3322,#3323,#2413,.T.);
#4912=EDGE_CURVE('',#3325,#3323,#2431,.T.);
#4914=EDGE_CURVE('',#3325,#3322,#2422,.T.);
#4924=EDGE_CURVE('',#3361,#3362,#2598,.T.);
#4926=EDGE_CURVE('',#3362,#3364,#2620,.T.);
#4928=EDGE_CURVE('',#3365,#3364,#1202,.T.);
#4930=EDGE_CURVE('',#3361,#3365,#2607,.T.);
#4980=EDGE_CURVE('',#2891,#2899,#1225,.T.);
#4982=EDGE_CURVE('',#2892,#2899,#1215,.T.);
#4984=EDGE_CURVE('',#2880,#2892,#1274,.T.);
#4997=EDGE_CURVE('',#2923,#2925,#1239,.T.);
#4999=EDGE_CURVE('',#2892,#2925,#1263,.T.);
#5054=EDGE_CURVE('',#3014,#2925,#1243,.T.);
#5096=EDGE_CURVE('',#2925,#2927,#1267,.T.);
#5100=EDGE_CURVE('',#3013,#2927,#1247,.T.);
#5110=EDGE_CURVE('',#2893,#2901,#1251,.T.);
#5112=EDGE_CURVE('',#2901,#2903,#1255,.T.);
#5114=EDGE_CURVE('',#2903,#2892,#1259,.T.);
#5118=EDGE_CURVE('',#2893,#2927,#1290,.T.);
#5195=EDGE_CURVE('',#2881,#2893,#1281,.T.);
#5245=EDGE_CURVE('',#2905,#2893,#1286,.T.);
#5247=EDGE_CURVE('',#2907,#2905,#1310,.T.);
#5249=EDGE_CURVE('',#2907,#2894,#1305,.T.);
#5251=EDGE_CURVE('',#2883,#2894,#1737,.T.);
#5263=EDGE_CURVE('',#2927,#2929,#1300,.T.);
#5265=EDGE_CURVE('',#2894,#2929,#1405,.T.);
#5320=EDGE_CURVE('',#3088,#3012,#1342,.T.);
#5322=EDGE_CURVE('',#3026,#3088,#1336,.T.);
#5324=EDGE_CURVE('',#3026,#2929,#1314,.T.);
#5366=EDGE_CURVE('',#3092,#3091,#1321,.T.);
#5368=EDGE_CURVE('',#3092,#3026,#1328,.T.);
#5372=EDGE_CURVE('',#3084,#3012,#2104,.T.);
#5376=EDGE_CURVE('',#3080,#3077,#1346,.T.);
#5389=B_SPLINE_CURVE_WITH_KNOTS('',3,(#5382,#5383,#5384,#5385,#5386,#5387,
#5388),.UNSPECIFIED.,.F.,.F.,(4,1,1,1,4),(0.E0,1.923076922823E-2,
4.053818204828E-1,7.918535436967E-1,1.E0),.UNSPECIFIED.);
#5395=EDGE_CURVE('',#3092,#3103,#1350,.T.);
#5408=B_SPLINE_CURVE_WITH_KNOTS('',3,(#5401,#5402,#5403,#5404,#5405,#5406,
#5407),.UNSPECIFIED.,.F.,.F.,(4,1,1,1,4),(0.E0,1.923076922823E-2,
4.053818204828E-1,7.918535436967E-1,1.E0),.UNSPECIFIED.);
#5414=EDGE_CURVE('',#3104,#3043,#1355,.T.);
#5416=EDGE_CURVE('',#3051,#3104,#1981,.T.);
#5426=EDGE_CURVE('',#3093,#3092,#1364,.T.);
#5430=EDGE_CURVE('',#3111,#3109,#1590,.T.);
#5432=EDGE_CURVE('',#3093,#3109,#1606,.T.);
#5443=EDGE_CURVE('',#3107,#3105,#1610,.T.);
#5445=EDGE_CURVE('',#3107,#3104,#1618,.T.);
#5484=EDGE_CURVE('',#2929,#2931,#1389,.T.);
#5489=EDGE_CURVE('',#3094,#3093,#1374,.T.);
#5491=EDGE_CURVE('',#2931,#3094,#1385,.T.);
#5502=EDGE_CURVE('',#2959,#2931,#1393,.T.);
#5504=EDGE_CURVE('',#2958,#2959,#1417,.T.);
#5506=EDGE_CURVE('',#2958,#2951,#1397,.T.);
#5508=EDGE_CURVE('',#2951,#2894,#1401,.T.);
#5519=EDGE_CURVE('',#2959,#2963,#1421,.T.);
#5522=EDGE_CURVE('',#2931,#3041,#1409,.T.);
#5524=EDGE_CURVE('',#2963,#3041,#1441,.T.);
#5534=EDGE_CURVE('',#2967,#3038,#1656,.T.);
#5536=EDGE_CURVE('',#3038,#3036,#1413,.T.);
#5539=EDGE_CURVE('',#2967,#2971,#1801,.T.);
#5551=EDGE_CURVE('',#2962,#2963,#1437,.T.);
#5553=EDGE_CURVE('',#2962,#2958,#1425,.T.);
#5563=EDGE_CURVE('',#2895,#2953,#1429,.T.);
#5565=EDGE_CURVE('',#2962,#2953,#1433,.T.);
#5569=EDGE_CURVE('',#3041,#3042,#1445,.T.);
#5571=EDGE_CURVE('',#3042,#2915,#1449,.T.);
#5573=EDGE_CURVE('',#2895,#2915,#1549,.T.);
#5609=EDGE_CURVE('',#2937,#2886,#1485,.T.);
#5611=EDGE_CURVE('',#3100,#2937,#1456,.T.);
#5613=EDGE_CURVE('',#3099,#3100,#1466,.T.);
#5615=EDGE_CURVE('',#2953,#3099,#1481,.T.);
#5618=EDGE_CURVE('',#2886,#2895,#1529,.T.);
#5629=EDGE_CURVE('',#2823,#2886,#1522,.T.);
#5631=EDGE_CURVE('',#2821,#2823,#1830,.T.);
#5633=EDGE_CURVE('',#2821,#2943,#1489,.T.);
#5635=EDGE_CURVE('',#2943,#2937,#1493,.T.);
#5645=EDGE_CURVE('',#2886,#2887,#1498,.T.);
#5647=EDGE_CURVE('',#2887,#2888,#1513,.T.);
#5649=EDGE_CURVE('',#2888,#2890,#1518,.T.);
#5651=EDGE_CURVE('',#2825,#2890,#1710,.T.);
#5653=EDGE_CURVE('',#2823,#2825,#1835,.T.);
#5704=EDGE_CURVE('',#2908,#2895,#1545,.T.);
#5706=EDGE_CURVE('',#2896,#2908,#1535,.T.);
#5708=EDGE_CURVE('',#2887,#2896,#1869,.T.);
#5721=EDGE_CURVE('',#2915,#2917,#1557,.T.);
#5723=EDGE_CURVE('',#2896,#2917,#1885,.T.);
#5766=EDGE_CURVE('',#3019,#2915,#1594,.T.);
#5769=EDGE_CURVE('',#3011,#3018,#1912,.T.);
#5771=EDGE_CURVE('',#3011,#2917,#1561,.T.);
#5810=EDGE_CURVE('',#3110,#3041,#1572,.T.);
#5812=EDGE_CURVE('',#3109,#3110,#1582,.T.);
#5828=EDGE_CURVE('',#3094,#3110,#1598,.T.);
#5842=EDGE_CURVE('',#3038,#3108,#1640,.T.);
#5844=EDGE_CURVE('',#3108,#3106,#1602,.T.);
#5868=EDGE_CURVE('',#3108,#3107,#1629,.T.);
#5907=EDGE_CURVE('',#2921,#3038,#1652,.T.);
#5909=EDGE_CURVE('',#3016,#2921,#2018,.T.);
#5911=EDGE_CURVE('',#3089,#3016,#1995,.T.);
#5913=EDGE_CURVE('',#3104,#3089,#1989,.T.);
#5926=EDGE_CURVE('',#2955,#2898,#1644,.T.);
#5928=EDGE_CURVE('',#2898,#2921,#1648,.T.);
#5932=EDGE_CURVE('',#2966,#2967,#1797,.T.);
#5934=EDGE_CURVE('',#2966,#2955,#1660,.T.);
#5970=EDGE_CURVE('',#2890,#2939,#1702,.T.);
#5972=EDGE_CURVE('',#2890,#2898,#1667,.T.);
#5975=EDGE_CURVE('',#3101,#2955,#1681,.T.);
#5977=EDGE_CURVE('',#3102,#3101,#1691,.T.);
#5979=EDGE_CURVE('',#2939,#3102,#1698,.T.);
#5990=EDGE_CURVE('',#2945,#2939,#1706,.T.);
#5992=EDGE_CURVE('',#2827,#2945,#1851,.T.);
#5994=EDGE_CURVE('',#2825,#2827,#1839,.T.);
#6005=EDGE_CURVE('',#2941,#2935,#1726,.T.);
#6007=EDGE_CURVE('',#2935,#2937,#1714,.T.);
#6010=EDGE_CURVE('',#2943,#2941,#1813,.T.);
#6021=EDGE_CURVE('',#2939,#2933,#1718,.T.);
#6024=EDGE_CURVE('',#2947,#2945,#1855,.T.);
#6034=EDGE_CURVE('',#2883,#2935,#1722,.T.);
#6037=EDGE_CURVE('',#2819,#2941,#1809,.T.);
#6039=EDGE_CURVE('',#2817,#2819,#1822,.T.);
#6085=EDGE_CURVE('',#3097,#2951,#1752,.T.);
#6087=EDGE_CURVE('',#3098,#3097,#1762,.T.);
#6089=EDGE_CURVE('',#2935,#3098,#1769,.T.);
#6100=EDGE_CURVE('',#3101,#3095,#1781,.T.);
#6103=EDGE_CURVE('',#2955,#2949,#1773,.T.);
#6114=EDGE_CURVE('',#2951,#2953,#1777,.T.);
#6117=EDGE_CURVE('',#3097,#3099,#1785,.T.);
#6128=EDGE_CURVE('',#3102,#3096,#1789,.T.);
#6143=EDGE_CURVE('',#3098,#3100,#1793,.T.);
#6190=EDGE_CURVE('',#2970,#2966,#1805,.T.);
#6217=EDGE_CURVE('',#2819,#2821,#1826,.T.);
#6233=EDGE_CURVE('',#2827,#2829,#1843,.T.);
#6295=EDGE_CURVE('',#2888,#2897,#1862,.T.);
#6297=EDGE_CURVE('',#2913,#2897,#2034,.T.);
#6299=EDGE_CURVE('',#2898,#2913,#2028,.T.);
#6374=EDGE_CURVE('',#2912,#2896,#1881,.T.);
#6376=EDGE_CURVE('',#2910,#2912,#1877,.T.);
#6378=EDGE_CURVE('',#2897,#2910,#1873,.T.);
#6393=EDGE_CURVE('',#2917,#2919,#1889,.T.);
#6395=EDGE_CURVE('',#2897,#2919,#2038,.T.);
#6439=EDGE_CURVE('',#3010,#3011,#1906,.T.);
#6441=EDGE_CURVE('',#3010,#2919,#1893,.T.);
#6451=EDGE_CURVE('',#3022,#3018,#1916,.T.);
#6453=EDGE_CURVE('',#3024,#3022,#1938,.T.);
#6455=EDGE_CURVE('',#3017,#3024,#1964,.T.);
#6457=EDGE_CURVE('',#3017,#3010,#1898,.T.);
#6493=EDGE_CURVE('',#3022,#2876,#1949,.T.);
#6545=EDGE_CURVE('',#3024,#2876,#1960,.T.);
#6579=EDGE_CURVE('',#2993,#3017,#2009,.T.);
#6625=EDGE_CURVE('',#3016,#3017,#2005,.T.);
#6629=EDGE_CURVE('',#2995,#3005,#2050,.T.);
#6675=EDGE_CURVE('',#2919,#2921,#2046,.T.);
#6722=EDGE_CURVE('',#3031,#3030,#2090,.T.);
#6776=EDGE_CURVE('',#3029,#3030,#2071,.T.);
#6846=EDGE_CURVE('',#3086,#2862,#2108,.T.);
#6929=EDGE_CURVE('',#3078,#3076,#2112,.T.);
#6975=EDGE_CURVE('',#2874,#2861,#2116,.T.);
#7012=EDGE_CURVE('',#2867,#2860,#2120,.T.);
#7103=EDGE_CURVE('',#2977,#2857,#2138,.T.);
#7139=EDGE_CURVE('',#2865,#2856,#2142,.T.);
#7185=EDGE_CURVE('',#2872,#2864,#2146,.T.);
#7235=EDGE_CURVE('',#3312,#3254,#2159,.T.);
#7237=EDGE_CURVE('',#3254,#3255,#2227,.T.);
#7239=EDGE_CURVE('',#3313,#3255,#2222,.T.);
#7250=EDGE_CURVE('',#3321,#3264,#2168,.T.);
#7252=EDGE_CURVE('',#3264,#3254,#2232,.T.);
#7263=EDGE_CURVE('',#3320,#3262,#2172,.T.);
#7265=EDGE_CURVE('',#3262,#3264,#2237,.T.);
#7278=EDGE_CURVE('',#3319,#3261,#2186,.T.);
#7280=EDGE_CURVE('',#3261,#3262,#2242,.T.);
#7292=EDGE_CURVE('',#3317,#3259,#2195,.T.);
#7294=EDGE_CURVE('',#3259,#3261,#2247,.T.);
#7306=EDGE_CURVE('',#3316,#3258,#2204,.T.);
#7308=EDGE_CURVE('',#3258,#3259,#2252,.T.);
#7320=EDGE_CURVE('',#3314,#3256,#2213,.T.);
#7322=EDGE_CURVE('',#3256,#3258,#2257,.T.);
#7335=EDGE_CURVE('',#3255,#3256,#2262,.T.);
#7356=EDGE_CURVE('',#3265,#3266,#2267,.T.);
#7358=EDGE_CURVE('',#3268,#3265,#2272,.T.);
#7360=EDGE_CURVE('',#3266,#3268,#2277,.T.);
#7370=EDGE_CURVE('',#3271,#3272,#2282,.T.);
#7372=EDGE_CURVE('',#3290,#3271,#2286,.T.);
#7374=EDGE_CURVE('',#3288,#3290,#2291,.T.);
#7376=EDGE_CURVE('',#3286,#3288,#2295,.T.);
#7378=EDGE_CURVE('',#3285,#3286,#2300,.T.);
#7380=EDGE_CURVE('',#3283,#3285,#2305,.T.);
#7382=EDGE_CURVE('',#3282,#3283,#2310,.T.);
#7384=EDGE_CURVE('',#3280,#3282,#2314,.T.);
#7386=EDGE_CURVE('',#3278,#3280,#2319,.T.);
#7388=EDGE_CURVE('',#3276,#3278,#2323,.T.);
#7390=EDGE_CURVE('',#3274,#3276,#2328,.T.);
#7392=EDGE_CURVE('',#3273,#3274,#2333,.T.);
#7394=EDGE_CURVE('',#3272,#3273,#2338,.T.);
#7404=EDGE_CURVE('',#3293,#3294,#2343,.T.);
#7406=EDGE_CURVE('',#3302,#3293,#2347,.T.);
#7408=EDGE_CURVE('',#3300,#3302,#2352,.T.);
#7410=EDGE_CURVE('',#3299,#3300,#2363,.T.);
#7412=EDGE_CURVE('',#3298,#3299,#2374,.T.);
#7414=EDGE_CURVE('',#3296,#3298,#2379,.T.);
#7416=EDGE_CURVE('',#3294,#3296,#2383,.T.);
#7420=EDGE_CURVE('',#3305,#3306,#2387,.T.);
#7422=EDGE_CURVE('',#3309,#3305,#2392,.T.);
#7424=EDGE_CURVE('',#3308,#3309,#2403,.T.);
#7426=EDGE_CURVE('',#3306,#3308,#2408,.T.);
#7437=EDGE_CURVE('',#3322,#3265,#2417,.T.);
#7440=EDGE_CURVE('',#3323,#3266,#2435,.T.);
#7451=EDGE_CURVE('',#3325,#3268,#2426,.T.);
#7475=EDGE_CURVE('',#3346,#3271,#2439,.T.);
#7478=EDGE_CURVE('',#3327,#3272,#2543,.T.);
#7490=EDGE_CURVE('',#3344,#3290,#2452,.T.);
#7503=EDGE_CURVE('',#3342,#3288,#2461,.T.);
#7516=EDGE_CURVE('',#3340,#3286,#2469,.T.);
#7529=EDGE_CURVE('',#3339,#3285,#2478,.T.);
#7542=EDGE_CURVE('',#3337,#3283,#2482,.T.);
#7555=EDGE_CURVE('',#3336,#3282,#2491,.T.);
#7568=EDGE_CURVE('',#3334,#3280,#2499,.T.);
#7581=EDGE_CURVE('',#3331,#3278,#2508,.T.);
#7594=EDGE_CURVE('',#3332,#3276,#2516,.T.);
#7606=EDGE_CURVE('',#3328,#3274,#2520,.T.);
#7620=EDGE_CURVE('',#3326,#3273,#2534,.T.);
#7645=EDGE_CURVE('',#3349,#3293,#2552,.T.);
#7648=EDGE_CURVE('',#3350,#3294,#2594,.T.);
#7659=EDGE_CURVE('',#3358,#3302,#2560,.T.);
#7671=EDGE_CURVE('',#3356,#3300,#2564,.T.);
#7685=B_SPLINE_CURVE_WITH_KNOTS('',3,(#7679,#7680,#7681,#7682,#7683,#7684),
.UNSPECIFIED.,.F.,.F.,(4,1,1,4),(0.E0,5.E-1,7.5E-1,1.E0),.UNSPECIFIED.);
#7690=EDGE_CURVE('',#3355,#3299,#2573,.T.);
#7703=B_SPLINE_CURVE_WITH_KNOTS('',3,(#7697,#7698,#7699,#7700,#7701,#7702),
.UNSPECIFIED.,.F.,.F.,(4,1,1,4),(0.E0,2.5E-1,5.E-1,1.E0),.UNSPECIFIED.);
#7708=EDGE_CURVE('',#3354,#3298,#2577,.T.);
#7721=EDGE_CURVE('',#3352,#3296,#2586,.T.);
#7746=EDGE_CURVE('',#3361,#3305,#2602,.T.);
#7749=EDGE_CURVE('',#3362,#3306,#2624,.T.);
#7760=EDGE_CURVE('',#3365,#3309,#2611,.T.);
#7773=EDGE_CURVE('',#3364,#3308,#2615,.T.);
#7797=EDGE_CURVE('',#2832,#2833,#2628,.T.);
#7799=EDGE_CURVE('',#2833,#2845,#2660,.T.);
#7801=EDGE_CURVE('',#2844,#2845,#2632,.T.);
#7815=EDGE_CURVE('',#2833,#2845,#2647,.T.);
#7825=EDGE_CURVE('',#2833,#2835,#2651,.T.);
#7828=EDGE_CURVE('',#2845,#2847,#2655,.T.);
#7830=EDGE_CURVE('',#2835,#2847,#2678,.T.);
#7841=EDGE_CURVE('',#2835,#2847,#2673,.T.);
#7853=EDGE_CURVE('',#2835,#3067,#2664,.T.);
#7855=EDGE_CURVE('',#3067,#3073,#2698,.T.);
#7857=EDGE_CURVE('',#2847,#3073,#2668,.T.);
#7871=EDGE_CURVE('',#3067,#3073,#2683,.T.);
#7881=EDGE_CURVE('',#3067,#3069,#2688,.T.);
#7884=EDGE_CURVE('',#3073,#3069,#2693,.T.);
#7905=EDGE_CURVE('',#2839,#2841,#2702,.T.);
#7908=EDGE_CURVE('',#2851,#2853,#2706,.T.);
#7910=EDGE_CURVE('',#2839,#2851,#2711,.T.);
#7921=EDGE_CURVE('',#2839,#2851,#2716,.T.);
#7933=EDGE_CURVE('',#2838,#2839,#2725,.T.);
#7935=EDGE_CURVE('',#2838,#2850,#2721,.T.);
#7937=EDGE_CURVE('',#2850,#2851,#2729,.T.);
#7951=EDGE_CURVE('',#2838,#2850,#2734,.T.);
#7961=EDGE_CURVE('',#3071,#2838,#2738,.T.);
#7964=EDGE_CURVE('',#3071,#2850,#2742,.T.);
#7986=EDGE_CURVE('',#3237,#3224,#2746,.T.);
#7988=EDGE_CURVE('',#3224,#3225,#2756,.T.);
#7990=EDGE_CURVE('',#3225,#3236,#2760,.T.);
#8013=EDGE_CURVE('',#3237,#3229,#2768,.T.);
#8015=EDGE_CURVE('',#3229,#3231,#2813,.T.);
#8017=EDGE_CURVE('',#3224,#3231,#2797,.T.);
#8056=EDGE_CURVE('',#3236,#3228,#2781,.T.);
#8058=EDGE_CURVE('',#3228,#3229,#2801,.T.);
#8082=EDGE_CURVE('',#3225,#3233,#2789,.T.);
#8084=EDGE_CURVE('',#3233,#3228,#2805,.T.);
#8133=EDGE_CURVE('',#3231,#3233,#2809,.T.);
#8156=CIRCLE('',#8155,1.275E0);
#8165=CIRCLE('',#8164,1.275E0);
#8174=CIRCLE('',#8173,1.275E0);
#8188=B_SPLINE_CURVE_WITH_KNOTS('',3,(#8175,#8176,#8177,#8178,#8179,#8180,#8181,
#8182,#8183,#8184,#8185,#8186,#8187),.UNSPECIFIED.,.F.,.F.,(4,1,1,1,1,1,1,1,1,1,
4),(0.E0,1.E-1,2.E-1,3.E-1,4.E-1,5.E-1,6.E-1,7.E-1,8.E-1,9.E-1,1.E0),
.UNSPECIFIED.);
#8205=EDGE_CURVE('',#8196,#8195,#8156,.T.);
#8207=EDGE_CURVE('',#8195,#8191,#8160,.T.);
#8209=EDGE_CURVE('',#8191,#8192,#8165,.T.);
#8211=EDGE_CURVE('',#8192,#8199,#8169,.T.);
#8213=EDGE_CURVE('',#8199,#8197,#8174,.T.);
#8215=EDGE_CURVE('',#8197,#8196,#8188,.T.);
#8233=ADVANCED_BREP_SHAPE_REPRESENTATION('',(#8221),#8232);
#8234=MANIFOLD_SURFACE_SHAPE_REPRESENTATION('',(#8222),#8232);
#8238=AXIS2_PLACEMENT_3D('',#8235,#8236,#8237);
#8239=SHAPE_REPRESENTATION('',(#8238),#8232);
#8248=PRODUCT_DEFINITION('design','',#8247,#8244);
#8249=PRODUCT_DEFINITION_SHAPE('','SHAPE FOR C-0170360-01-3-UNCRIMPED.',#8248);
#8250=SHAPE_REPRESENTATION('',(#8221),#8232);
#8251=SHAPE_ASPECT('','solid data associated with C-0170360-01-3-UNCRIMPED',
#8249,.F.);
#8252=PROPERTY_DEFINITION('',
'shape for solid data with which properties are associated',#8251);
#8253=SHAPE_DEFINITION_REPRESENTATION(#8252,#8250);
#8258=PROPERTY_DEFINITION('geometric_validation_property',
'area of C-0170360-01-3-UNCRIMPED',#8251);
#8259=REPRESENTATION('surface area',(#8257),#8232);
#8260=PROPERTY_DEFINITION_REPRESENTATION(#8258,#8259);
#8265=PROPERTY_DEFINITION('geometric_validation_property',
'volume of C-0170360-01-3-UNCRIMPED',#8251);
#8266=REPRESENTATION('volume',(#8264),#8232);
#8267=PROPERTY_DEFINITION_REPRESENTATION(#8265,#8266);
#8269=PROPERTY_DEFINITION('geometric_validation_property',
'centroid of C-0170360-01-3-UNCRIMPED',#8251);
#8270=REPRESENTATION('centroid',(#8268),#8232);
#8271=PROPERTY_DEFINITION_REPRESENTATION(#8269,#8270);
#8272=SHAPE_REPRESENTATION('',(#8222),#8232);
#8273=SHAPE_ASPECT('','surface data associated with C-0170360-01-3-UNCRIMPED',
#8249,.F.);
#8274=PROPERTY_DEFINITION('',
'shape for surface data with which properties are associated',#8273);
#8275=SHAPE_DEFINITION_REPRESENTATION(#8274,#8272);
#8280=PROPERTY_DEFINITION('geometric_validation_property',
'area of C-0170360-01-3-UNCRIMPED',#8273);
#8281=REPRESENTATION('surface area',(#8279),#8232);
#8282=PROPERTY_DEFINITION_REPRESENTATION(#8280,#8281);
#8283=SHAPE_DEFINITION_REPRESENTATION(#8249,#8239);
ENDSEC;
END-ISO-10303-21;
