ISO-10303-21;
HEADER;
FILE_DESCRIPTION (( 'STEP AP214' ),
    '1' );
FILE_NAME ('02-09-1104.STEP',
    '2022-06-30T16:46:59',
    ( '' ),
    ( '' ),
    'SwSTEP 2.0',
    'SolidWorks 2016',
    '' );
FILE_SCHEMA (( 'AUTOMOTIVE_DESIGN' ));
ENDSEC;

DATA;
#1 = DIRECTION ( 'NONE',  ( -0.09273486341100847800, -0.6334321673880425300, -0.7682212795973751800 ) ) ;
#2 = PLANE ( 'NONE',  #3884 ) ;
#3 = VECTOR ( 'NONE', #4079, 999.9999999999998900 ) ;
#4 = PRESENTATION_STYLE_ASSIGNMENT (( #4749 ) ) ;
#5 = CARTESIAN_POINT ( 'NONE',  ( -1.069131691499643600, -0.2587613306332877700, -3.049999999999999800 ) ) ;
#6 = VERTEX_POINT ( 'NONE', #196 ) ;
#7 = B_SPLINE_CURVE_WITH_KNOTS ( 'NONE', 3,
 ( #4597, #1744, #2561, #57 ),
 .UNSPECIFIED., .F., .F.,
 ( 4, 4 ),
 ( 0.0004787634459189543200, 0.005505696561723756900 ),
 .UNSPECIFIED. ) ;
#8 = EDGE_LOOP ( 'NONE', ( #2710, #2231, #3434, #1196 ) ) ;
#9 = ADVANCED_FACE ( 'NONE', ( #4027 ), #4744, .T. ) ;
#10 = DIRECTION ( 'NONE',  ( -0.0000000000000000000, -0.0000000000000000000, 1.000000000000000000 ) ) ;
#11 = ORIENTED_EDGE ( 'NONE', *, *, #424, .F. ) ;
#12 = EDGE_LOOP ( 'NONE', ( #4778, #271, #2700, #2001 ) ) ;
#13 = CARTESIAN_POINT ( 'NONE',  ( 1.088397943611285200, -0.1593421361182367800, 1.307046315598958100E-016 ) ) ;
#14 = CARTESIAN_POINT ( 'NONE',  ( -1.014021581682147800, -2.375861802452217100, -2.160000000000001000 ) ) ;
#15 = CARTESIAN_POINT ( 'NONE',  ( 0.2305126330003931000, 1.106238638824022400, -16.17000000000000200 ) ) ;
#16 = ORIENTED_EDGE ( 'NONE', *, *, #2950, .T. ) ;
#17 = DIRECTION ( 'NONE',  ( 1.000000000000000000, 0.0000000000000000000, 0.0000000000000000000 ) ) ;
#18 = ORIENTED_EDGE ( 'NONE', *, *, #4014, .T. ) ;
#19 = FACE_OUTER_BOUND ( 'NONE', #4538, .T. ) ;
#20 = ORIENTED_EDGE ( 'NONE', *, *, #1349, .T. ) ;
#21 = CARTESIAN_POINT ( 'NONE',  ( 1.187343211212311900, -0.1738277848562584100, -5.799999999999999800 ) ) ;
#22 = CARTESIAN_POINT ( 'NONE',  ( 1.785632397961041300, -0.4837529734811965600, -2.160000000000000100 ) ) ;
#23 = FACE_OUTER_BOUND ( 'NONE', #2313, .T. ) ;
#24 = VERTEX_POINT ( 'NONE', #3945 ) ;
#25 = DIRECTION ( 'NONE',  ( 0.0000000000000000000, -1.251002506714043500E-016, 1.000000000000000000 ) ) ;
#26 = EDGE_CURVE ( 'NONE', #3326, #4115, #727, .T. ) ;
#27 = VERTEX_POINT ( 'NONE', #3957 ) ;
#28 = SURFACE_STYLE_FILL_AREA ( #5330 ) ;
#29 = DIRECTION ( 'NONE',  ( -0.008562074910471898600, 0.09786496404686199900, 0.9951628709338656800 ) ) ;
#30 = VERTEX_POINT ( 'NONE', #1453 ) ;
#31 = DIRECTION ( 'NONE',  ( -0.0000000000000000000, -0.0000000000000000000, 1.000000000000000000 ) ) ;
#32 = CARTESIAN_POINT ( 'NONE',  ( -1.117212541428617400, 0.8000000000000001600, -16.17000000000000500 ) ) ;
#33 = EDGE_CURVE ( 'NONE', #3582, #2753, #3917, .T. ) ;
#34 = ORIENTED_EDGE ( 'NONE', *, *, #3480, .T. ) ;
#35 = CARTESIAN_POINT ( 'NONE',  ( -0.1461519236508457000, 1.670524131478476900, -10.45592314019917200 ) ) ;
#37 = ADVANCED_FACE ( 'NONE', ( #5024 ), #3135, .F. ) ;
#36 = CARTESIAN_POINT ( 'NONE',  ( 1.129999999999999700, 0.0000000000000000000, -16.17000000000000200 ) ) ;
#38 = B_SPLINE_CURVE_WITH_KNOTS ( 'NONE', 3,
 ( #4584, #4188, #42, #2981, #458, #3375 ),
 .UNSPECIFIED., .F., .F.,
 ( 4, 2, 4 ),
 ( 0.0000000000000000000, 0.0002953140843550224000, 0.0005906281687100447900 ),
 .UNSPECIFIED. ) ;
#39 = DIRECTION ( 'NONE',  ( 1.000000000000000000, 0.0000000000000000000, 0.0000000000000000000 ) ) ;
#40 = EDGE_CURVE ( 'NONE', #3436, #2759, #1844, .T. ) ;
#41 = CARTESIAN_POINT ( 'NONE',  ( 0.0000000000000000000, 0.0000000000000000000, -2.160000000000000100 ) ) ;
#42 = CARTESIAN_POINT ( 'NONE',  ( 1.549204989480074600, -0.2511753750013425200, -2.211513106238297300 ) ) ;
#43 = EDGE_CURVE ( 'NONE', #4879, #3785, #1736, .T. ) ;
#44 = DIRECTION ( 'NONE',  ( 1.000000000000000000, 3.491481338843133400E-015, 0.0000000000000000000 ) ) ;
#45 = LINE ( 'NONE', #4036, #3209 ) ;
#46 = VECTOR ( 'NONE', #3206, 1000.000000000000000 ) ;
#47 = EDGE_CURVE ( 'NONE', #5199, #1292, #5135, .T. ) ;
#48 = CARTESIAN_POINT ( 'NONE',  ( -1.129999999999999900, 0.0000000000000000000, -11.14666666666666800 ) ) ;
#49 = CARTESIAN_POINT ( 'NONE',  ( -0.1202749249917591100, 1.374748683366609400, -20.87000000000000100 ) ) ;
#50 = LINE ( 'NONE', #5, #4212 ) ;
#51 = CARTESIAN_POINT ( 'NONE',  ( -1.234924400090500000, -0.2367169892406219800, -2.811328993259917000 ) ) ;
#52 = CARTESIAN_POINT ( 'NONE',  ( 1.939455406587652800, 0.8000000241223719200, -13.31000000000000000 ) ) ;
#53 = DIRECTION ( 'NONE',  ( 1.063145225417344800E-016, -2.573124296779028800E-017, -1.000000000000000000 ) ) ;
#54 = CARTESIAN_POINT ( 'NONE',  ( -1.129999999999999400, 0.02000000000000394900, -6.900000000000000400 ) ) ;
#55 = DIRECTION ( 'NONE',  ( 1.063145225417344800E-016, 2.573124296779023600E-017, 1.000000000000000000 ) ) ;
#56 = VERTEX_POINT ( 'NONE', #224 ) ;
#57 = CARTESIAN_POINT ( 'NONE',  ( 0.09848598930484628300, 1.108659117096004500, -16.17000000000000500 ) ) ;
#58 = EDGE_CURVE ( 'NONE', #2632, #5339, #1563, .T. ) ;
#59 = ADVANCED_FACE ( 'NONE', ( #2672 ), #4363, .T. ) ;
#60 = VECTOR ( 'NONE', #4516, 1000.000000000000000 ) ;
#61 = CARTESIAN_POINT ( 'NONE',  ( -1.209500632995882400, 0.6713482002385553500, -14.80000000000002200 ) ) ;
#62 = ORIENTED_EDGE ( 'NONE', *, *, #198, .T. ) ;
#63 = DIRECTION ( 'NONE',  ( 0.2740548814104436000, -3.645777856061657700E-017, 0.9617140541632465100 ) ) ;
#64 = VECTOR ( 'NONE', #2056, 1000.000000000000000 ) ;
#65 = DIRECTION ( 'NONE',  ( 0.0000000000000000000, 0.0000000000000000000, 1.000000000000000000 ) ) ;
#66 = SURFACE_STYLE_FILL_AREA ( #3397 ) ;
#67 = CARTESIAN_POINT ( 'NONE',  ( -1.379999999999999700, 5.071746135027025100E-015, -12.10999999999999900 ) ) ;
#68 = CARTESIAN_POINT ( 'NONE',  ( 1.141644903989800200, 0.2000000000000040900, -10.68999999999999600 ) ) ;
#69 = B_SPLINE_CURVE_WITH_KNOTS ( 'NONE', 3,
 ( #2925, #2491, #3744, #1250 ),
 .UNSPECIFIED., .F., .F.,
 ( 4, 4 ),
 ( 0.001346833128445437600, 0.002600965500829334800 ),
 .UNSPECIFIED. ) ;
#70 = ORIENTED_EDGE ( 'NONE', *, *, #2997, .F. ) ;
#71 = AXIS2_PLACEMENT_3D ( 'NONE', #743, #5284, #2830 ) ;
#72 = AXIS2_PLACEMENT_3D ( 'NONE', #1957, #284, #3198 ) ;
#73 = ORIENTED_EDGE ( 'NONE', *, *, #2393, .T. ) ;
#74 = EDGE_CURVE ( 'NONE', #4862, #3785, #3799, .T. ) ;
#75 = ORIENTED_EDGE ( 'NONE', *, *, #1850, .F. ) ;
#76 = LINE ( 'NONE', #4429, #1182 ) ;
#77 = EDGE_CURVE ( 'NONE', #4783, #1254, #3642, .T. ) ;
#78 = CARTESIAN_POINT ( 'NONE',  ( 0.0000000000000000000, 0.0000000000000000000, 0.0000000000000000000 ) ) ;
#79 = VECTOR ( 'NONE', #2262, 1000.000000000000000 ) ;
#80 = DIRECTION ( 'NONE',  ( 1.000000000000000000, 0.0000000000000000000, 0.0000000000000000000 ) ) ;
#81 = VERTEX_POINT ( 'NONE', #4001 ) ;
#82 = FACE_OUTER_BOUND ( 'NONE', #3451, .T. ) ;
#83 = PLANE ( 'NONE',  #2301 ) ;
#84 = ADVANCED_FACE ( 'NONE', ( #323 ), #1941, .F. ) ;
#85 = LINE ( 'NONE', #3390, #3271 ) ;
#86 = DIRECTION ( 'NONE',  ( -0.9719379013633127100, -0.2352375733029898100, 0.0000000000000000000 ) ) ;
#87 = DIRECTION ( 'NONE',  ( -0.0000000000000000000, -0.0000000000000000000, 1.000000000000000000 ) ) ;
#88 = CARTESIAN_POINT ( 'NONE',  ( 0.4152191137323137400, 1.763999696280984700, -10.89855894162132300 ) ) ;
#89 = ORIENTED_EDGE ( 'NONE', *, *, #2470, .F. ) ;
#90 = ORIENTED_EDGE ( 'NONE', *, *, #1247, .T. ) ;
#91 = ORIENTED_EDGE ( 'NONE', *, *, #3465, .T. ) ;
#92 = CARTESIAN_POINT ( 'NONE',  ( -1.022434431877268700, -0.1496850369595556200, -3.049999999999999800 ) ) ;
#93 = AXIS2_PLACEMENT_3D ( 'NONE', #4520, #2915, #4954 ) ;
#95 = ORIENTED_EDGE ( 'NONE', *, *, #2475, .F. ) ;
#94 = CARTESIAN_POINT ( 'NONE',  ( -1.379390917877692900, 0.7081943250417926900, -16.17000000000000200 ) ) ;
#96 = B_SPLINE_CURVE_WITH_KNOTS ( 'NONE', 3,
 ( #3625, #4412, #4050, #1565 ),
 .UNSPECIFIED., .F., .F.,
 ( 4, 4 ),
 ( 1.734723475976807100E-018, 0.0007502756664209599800 ),
 .UNSPECIFIED. ) ;
#97 = DIRECTION ( 'NONE',  ( 1.000000000000000000, -0.0000000000000000000, -0.0000000000000000000 ) ) ;
#98 = CARTESIAN_POINT ( 'NONE',  ( 0.0000000000000000000, 0.0000000000000000000, 0.0000000000000000000 ) ) ;
#99 = DIRECTION ( 'NONE',  ( -0.0000000000000000000, -0.0000000000000000000, 1.000000000000000000 ) ) ;
#100 = CARTESIAN_POINT ( 'NONE',  ( -1.187343211212311700, -0.1738277848562581300, -3.049999999999999800 ) ) ;
#101 = VECTOR ( 'NONE', #4526, 1000.000000000000000 ) ;
#102 = AXIS2_PLACEMENT_3D ( 'NONE', #3398, #3421, #944 ) ;
#103 = VECTOR ( 'NONE', #2864, 1000.000000000000200 ) ;
#104 = VERTEX_POINT ( 'NONE', #5232 ) ;
#105 = AXIS2_PLACEMENT_3D ( 'NONE', #3768, #2969, #449 ) ;
#106 = VERTEX_POINT ( 'NONE', #2771 ) ;
#107 = ORIENTED_EDGE ( 'NONE', *, *, #2315, .F. ) ;
#108 = CIRCLE ( 'NONE', #566, 1.099999999999999600 ) ;
#109 = TOROIDAL_SURFACE ( 'NONE', #5223, 1.579999999999999800, 0.2000000000000000100 ) ;
#110 = DIRECTION ( 'NONE',  ( 0.08715574274765154600, -0.9961946980917461000, 0.0000000000000000000 ) ) ;
#111 = CARTESIAN_POINT ( 'NONE',  ( -1.387248956643641200, 0.7980121191337178300, -13.42999999999999100 ) ) ;
#112 = ORIENTED_EDGE ( 'NONE', *, *, #4569, .T. ) ;
#113 = DIRECTION ( 'NONE',  ( -0.1448564873802154500, -0.9894526760102604300, 0.0000000000000000000 ) ) ;
#114 = CARTESIAN_POINT ( 'NONE',  ( 0.7661801655938750300, 1.504486955172909000, -10.53394876014005300 ) ) ;
#115 = EDGE_CURVE ( 'NONE', #5177, #3772, #4608, .T. ) ;
#116 = AXIS2_PLACEMENT_3D ( 'NONE', #1972, #4846, #2367 ) ;
#117 = EDGE_CURVE ( 'NONE', #145, #3840, #4721, .T. ) ;
#118 = FACE_OUTER_BOUND ( 'NONE', #234, .T. ) ;
#119 = EDGE_CURVE ( 'NONE', #5149, #4177, #598, .T. ) ;
#120 = CARTESIAN_POINT ( 'NONE',  ( -0.8629236962458591800, 1.657766211915448800, -10.69000000000000000 ) ) ;
#121 = EDGE_LOOP ( 'NONE', ( #849, #1832, #3919, #4127 ) ) ;
#122 = VERTEX_POINT ( 'NONE', #4836 ) ;
#123 = EDGE_CURVE ( 'NONE', #785, #3608, #3402, .T. ) ;
#124 = CARTESIAN_POINT ( 'NONE',  ( 1.355977003925752200, -0.2936944297768800900, -16.17000000000000200 ) ) ;
#125 = CARTESIAN_POINT ( 'NONE',  ( -1.443317834428720700, 1.574625325617178300, -3.056738107679467300 ) ) ;
#126 = B_SPLINE_CURVE_WITH_KNOTS ( 'NONE', 3,
 ( #1841, #594, #4719, #2255 ),
 .UNSPECIFIED., .F., .F.,
 ( 4, 4 ),
 ( 0.0000000000000000000, 0.001346833128797530100 ),
 .UNSPECIFIED. ) ;
#127 = ORIENTED_EDGE ( 'NONE', *, *, #5317, .F. ) ;
#128 = ORIENTED_EDGE ( 'NONE', *, *, #40, .T. ) ;
#129 = CARTESIAN_POINT ( 'NONE',  ( 0.1402089790432074800, 1.602595963780753000, -11.14666666666666700 ) ) ;
#130 = CARTESIAN_POINT ( 'NONE',  ( 1.130000000916808300, 0.1562883390082115700, -16.17000000000000500 ) ) ;
#131 = DIRECTION ( 'NONE',  ( -1.000000000000000000, 3.491481338843133400E-015, 0.0000000000000000000 ) ) ;
#132 = ORIENTED_EDGE ( 'NONE', *, *, #4020, .F. ) ;
#133 = EDGE_CURVE ( 'NONE', #892, #1742, #4457, .T. ) ;
#134 = CIRCLE ( 'NONE', #1471, 1.129999999999998600 ) ;
#135 = VERTEX_POINT ( 'NONE', #3614 ) ;
#136 = ORIENTED_EDGE ( 'NONE', *, *, #1338, .T. ) ;
#137 = VECTOR ( 'NONE', #1449, 1000.000000000000000 ) ;
#138 = ORIENTED_EDGE ( 'NONE', *, *, #5098, .T. ) ;
#139 = VECTOR ( 'NONE', #1693, 1000.000000000000000 ) ;
#140 = AXIS2_PLACEMENT_3D ( 'NONE', #4258, #1800, #4655 ) ;
#141 = ORIENTED_EDGE ( 'NONE', *, *, #5007, .T. ) ;
#142 = AXIS2_PLACEMENT_3D ( 'NONE', #3667, #1177, #4086 ) ;
#143 = EDGE_CURVE ( 'NONE', #4728, #5104, #1314, .T. ) ;
#144 = CARTESIAN_POINT ( 'NONE',  ( -0.1676098355566599000, 1.915789186869997400, -10.45592324347367200 ) ) ;
#145 = VERTEX_POINT ( 'NONE', #4044 ) ;
#146 = COLOUR_RGB ( '',1.000000000000000000, 1.000000000000000000, 1.000000000000000000 ) ;
#147 = ORIENTED_EDGE ( 'NONE', *, *, #4252, .T. ) ;
#148 = CARTESIAN_POINT ( 'NONE',  ( -0.7337510739191150900, 1.295124931173518700, -10.69584463644791200 ) ) ;
#149 = CARTESIAN_POINT ( 'NONE',  ( 1.129999999999999700, -0.0000000000000000000, -15.71333333333333300 ) ) ;
#150 = VERTEX_POINT ( 'NONE', #1528 ) ;
#151 = CARTESIAN_POINT ( 'NONE',  ( 1.284275118319469400, 0.4882725919547156200, -5.799999999999999800 ) ) ;
#152 = B_SPLINE_CURVE_WITH_KNOTS ( 'NONE', 3,
 ( #1973, #3207, #742, #3626 ),
 .UNSPECIFIED., .F., .F.,
 ( 4, 4 ),
 ( 0.0003452197022320911800, 0.002601756724932626300 ),
 .UNSPECIFIED. ) ;
#153 = VECTOR ( 'NONE', #3749, 1000.000000000000000 ) ;
#154 = EDGE_CURVE ( 'NONE', #1244, #4637, #4409, .T. ) ;
#155 = EDGE_LOOP ( 'NONE', ( #4562, #5076, #3482, #4170 ) ) ;
#156 = ORIENTED_EDGE ( 'NONE', *, *, #5226, .T. ) ;
#157 = LINE ( 'NONE', #699, #3370 ) ;
#158 = DIRECTION ( 'NONE',  ( 0.0000000000000000000, 0.0000000000000000000, -1.000000000000000000 ) ) ;
#159 = EDGE_LOOP ( 'NONE', ( #194, #5184, #1892, #467, #3253 ) ) ;
#160 = CARTESIAN_POINT ( 'NONE',  ( 1.613060155066333900, -0.7999999999999998200, -13.31000000000000000 ) ) ;
#161 = LINE ( 'NONE', #2452, #1141 ) ;
#162 = AXIS2_PLACEMENT_3D ( 'NONE', #4012, #1954, #4827 ) ;
#163 = EDGE_CURVE ( 'NONE', #3930, #1566, #1506, .T. ) ;
#164 = EDGE_CURVE ( 'NONE', #4858, #2053, #76, .T. ) ;
#165 = ORIENTED_EDGE ( 'NONE', *, *, #4718, .T. ) ;
#166 = ADVANCED_FACE ( 'NONE', ( #4323 ), #3281, .T. ) ;
#167 = CARTESIAN_POINT ( 'NONE',  ( -1.129999999999999400, 0.0000000000000000000, -12.82000000000000000 ) ) ;
#168 = CYLINDRICAL_SURFACE ( 'NONE', #1388, 1.849999999999999200 ) ;
#169 = ORIENTED_EDGE ( 'NONE', *, *, #884, .T. ) ;
#170 = EDGE_CURVE ( 'NONE', #1998, #1748, #1040, .T. ) ;
#171 = CARTESIAN_POINT ( 'NONE',  ( 1.636581280715015300, -0.07786503716479649400, -2.159999999994015200 ) ) ;
#172 = VERTEX_POINT ( 'NONE', #811 ) ;
#173 = LINE ( 'NONE', #3435, #4447 ) ;
#174 = VECTOR ( 'NONE', #63, 999.9999999999998900 ) ;
#175 = ORIENTED_EDGE ( 'NONE', *, *, #4658, .T. ) ;
#176 = CARTESIAN_POINT ( 'NONE',  ( 0.1202749249917591500, 1.374748683366609400, -16.17000000000000200 ) ) ;
#177 = ORIENTED_EDGE ( 'NONE', *, *, #3698, .F. ) ;
#178 = VECTOR ( 'NONE', #4403, 1000.000000000000000 ) ;
#179 = CIRCLE ( 'NONE', #3013, 1.379999999999999700 ) ;
#180 = ORIENTED_EDGE ( 'NONE', *, *, #3870, .F. ) ;
#181 = EDGE_CURVE ( 'NONE', #3821, #892, #5316, .T. ) ;
#182 = AXIS2_PLACEMENT_3D ( 'NONE', #2136, #1798, #3038 ) ;
#183 = FILL_AREA_STYLE_COLOUR ( '', #2213 ) ;
#184 = LINE ( 'NONE', #608, #1426 ) ;
#185 = VERTEX_POINT ( 'NONE', #1356 ) ;
#186 = CARTESIAN_POINT ( 'NONE',  ( 1.785632397961041100, -0.4837529734811960600, -2.160000000000000100 ) ) ;
#187 = ADVANCED_FACE ( 'NONE', ( #948 ), #964, .F. ) ;
#188 = ORIENTED_EDGE ( 'NONE', *, *, #808, .F. ) ;
#189 = VECTOR ( 'NONE', #4104, 1000.000000000000000 ) ;
#190 = CARTESIAN_POINT ( 'NONE',  ( -1.105621504979913600, -0.2145668387635223100, -2.806067285669653800 ) ) ;
#191 = CARTESIAN_POINT ( 'NONE',  ( 1.575080908612272600, -0.3048756457467928200, -2.160000000000000100 ) ) ;
#192 = VECTOR ( 'NONE', #1760, 1000.000000000000000 ) ;
#193 = ORIENTED_EDGE ( 'NONE', *, *, #1987, .T. ) ;
#194 = ORIENTED_EDGE ( 'NONE', *, *, #463, .F. ) ;
#195 = VERTEX_POINT ( 'NONE', #1810 ) ;
#196 = CARTESIAN_POINT ( 'NONE',  ( 1.257758094408550900, 0.9974845786978674400, -3.799999999999999800 ) ) ;
#197 = ORIENTED_EDGE ( 'NONE', *, *, #2640, .F. ) ;
#198 = EDGE_CURVE ( 'NONE', #3566, #1130, #5300, .T. ) ;
#199 = CARTESIAN_POINT ( 'NONE',  ( 1.124455423749646700, -0.7999999999999997100, -16.17000000000000200 ) ) ;
#200 = CARTESIAN_POINT ( 'NONE',  ( -1.356703362009577000, 0.9829989299598460600, -4.800000000000000700 ) ) ;
#201 = EDGE_CURVE ( 'NONE', #4500, #2728, #3610, .T. ) ;
#202 = CARTESIAN_POINT ( 'NONE',  ( -0.09848598930484624100, 1.125700008843672800, -16.17000000000000200 ) ) ;
#203 = VERTEX_POINT ( 'NONE', #504 ) ;
#204 = EDGE_CURVE ( 'NONE', #4177, #2113, #4235, .T. ) ;
#205 = FACE_OUTER_BOUND ( 'NONE', #3002, .T. ) ;
#206 = LINE ( 'NONE', #1726, #3433 ) ;
#207 = ORIENTED_EDGE ( 'NONE', *, *, #3634, .T. ) ;
#208 = DIRECTION ( 'NONE',  ( 0.0000000000000000000, 0.0000000000000000000, 1.000000000000000000 ) ) ;
#209 = ORIENTED_EDGE ( 'NONE', *, *, #4411, .T. ) ;
#210 = ORIENTED_EDGE ( 'NONE', *, *, #4304, .F. ) ;
#211 = ADVANCED_FACE ( 'NONE', ( #3120 ), #4015, .F. ) ;
#212 = CARTESIAN_POINT ( 'NONE',  ( -1.129999999999999900, -3.017001845232445300E-015, -10.55666874765416600 ) ) ;
#213 = VECTOR ( 'NONE', #5039, 1000.000000000000000 ) ;
#214 = CARTESIAN_POINT ( 'NONE',  ( -1.601279667320275800, -0.1707328841873240200, -2.172815397617708000 ) ) ;
#215 = ORIENTED_EDGE ( 'NONE', *, *, #1714, .T. ) ;
#216 = VERTEX_POINT ( 'NONE', #355 ) ;
#217 = AXIS2_PLACEMENT_3D ( 'NONE', #1181, #4088, #1600 ) ;
#218 = EDGE_CURVE ( 'NONE', #1742, #2525, #3909, .T. ) ;
#219 = EDGE_CURVE ( 'NONE', #367, #625, #2787, .T. ) ;
#220 = VECTOR ( 'NONE', #5360, 1000.000000000000000 ) ;
#221 = CARTESIAN_POINT ( 'NONE',  ( 1.435608391817940500, -0.2693834187916711000, -6.867652001231995500 ) ) ;
#222 = CARTESIAN_POINT ( 'NONE',  ( -1.138690304245387100, 0.09549196449191339800, -10.66830781929614600 ) ) ;
#223 = DIRECTION ( 'NONE',  ( -1.000000000000000000, 0.0000000000000000000, 0.0000000000000000000 ) ) ;
#224 = CARTESIAN_POINT ( 'NONE',  ( 1.036747628919040700, -0.4495201126636930700, -16.17000000000000200 ) ) ;
#225 = LINE ( 'NONE', #515, #2471 ) ;
#226 = PRODUCT ( '02-09-1104', '02-09-1104', '', ( #1050 ) ) ;
#227 = CARTESIAN_POINT ( 'NONE',  ( 1.803216605586003700, -0.5023136142050739200, -2.159999999999994800 ) ) ;
#228 = CARTESIAN_POINT ( 'NONE',  ( -1.036740239990503700, 0.4495169127647188900, -16.17000000000000200 ) ) ;
#229 = ORIENTED_EDGE ( 'NONE', *, *, #2542, .F. ) ;
#230 = ADVANCED_FACE ( 'NONE', ( #4844 ), #4250, .T. ) ;
#231 = CARTESIAN_POINT ( 'NONE',  ( 1.594208267448137500, -0.5300000000000054700, -6.900000000000001200 ) ) ;
#232 = CARTESIAN_POINT ( 'NONE',  ( 1.151620312390816200, 0.9000000000000000200, -12.82000000000000000 ) ) ;
#233 = AXIS2_PLACEMENT_3D ( 'NONE', #3802, #4204, #1747 ) ;
#234 = EDGE_LOOP ( 'NONE', ( #3977, #648, #5107, #945 ) ) ;
#235 = EDGE_LOOP ( 'NONE', ( #1352, #2226, #1634, #887 ) ) ;
#236 = PLANE ( 'NONE',  #5020 ) ;
#237 = ORIENTED_EDGE ( 'NONE', *, *, #4357, .T. ) ;
#238 = ORIENTED_EDGE ( 'NONE', *, *, #3040, .T. ) ;
#239 = FACE_OUTER_BOUND ( 'NONE', #3766, .T. ) ;
#240 = CARTESIAN_POINT ( 'NONE',  ( 0.0000000000000000000, 0.0000000000000000000, -5.200000000000001100 ) ) ;
#241 = DIRECTION ( 'NONE',  ( 0.09273486341100840900, 0.6334321673880419800, -0.7682212795973755200 ) ) ;
#242 = CARTESIAN_POINT ( 'NONE',  ( 0.9759816596205895800, 0.1082979791395277400, -3.049999999999999800 ) ) ;
#243 = ORIENTED_EDGE ( 'NONE', *, *, #3385, .T. ) ;
#244 = ORIENTED_EDGE ( 'NONE', *, *, #982, .T. ) ;
#245 = VECTOR ( 'NONE', #5165, 1000.000000000000000 ) ;
#246 = ORIENTED_EDGE ( 'NONE', *, *, #4620, .T. ) ;
#247 = LINE ( 'NONE', #437, #3463 ) ;
#248 = DIRECTION ( 'NONE',  ( 1.000000000000000000, 0.0000000000000000000, 0.0000000000000000000 ) ) ;
#249 = ORIENTED_EDGE ( 'NONE', *, *, #4662, .T. ) ;
#250 = LINE ( 'NONE', #3684, #3349 ) ;
#251 = CARTESIAN_POINT ( 'NONE',  ( -1.635651952691520300, -0.4564084435428857300, -2.159999999997672700 ) ) ;
#252 = ORIENTED_EDGE ( 'NONE', *, *, #3372, .F. ) ;
#253 = ORIENTED_EDGE ( 'NONE', *, *, #1878, .T. ) ;
#254 = AXIS2_PLACEMENT_3D ( 'NONE', #862, #4559, #2106 ) ;
#255 = CARTESIAN_POINT ( 'NONE',  ( 1.449999999999999700, 1.620268339096389000, -6.079921653030095500 ) ) ;
#256 = CARTESIAN_POINT ( 'NONE',  ( 1.249999999999999600, 1.980000000000000000, -3.549999999999999800 ) ) ;
#257 = EDGE_LOOP ( 'NONE', ( #1489, #3555, #4803, #4939, #1511, #1408, #180, #3579, #2874, #3591, #4276, #4614, #4421 ) ) ;
#258 = DIRECTION ( 'NONE',  ( 0.0000000000000000000, -1.000000000000000000, 0.0000000000000000000 ) ) ;
#259 = CARTESIAN_POINT ( 'NONE',  ( -1.450000000000000200, 1.980000000000000000, -3.549999999999999800 ) ) ;
#260 = DIRECTION ( 'NONE',  ( -0.1448564873802154200, 0.9894526760102604300, 0.0000000000000000000 ) ) ;
#261 = ADVANCED_FACE ( 'NONE', ( #459 ), #2613, .T. ) ;
#262 = PLANE ( 'NONE',  #4768 ) ;
#263 = CARTESIAN_POINT ( 'NONE',  ( -1.129999999999999900, 3.945373912892740100E-015, -16.17000000000000200 ) ) ;
#264 = DIRECTION ( 'NONE',  ( 0.0000000000000000000, 0.0000000000000000000, 1.000000000000000000 ) ) ;
#265 = DIRECTION ( 'NONE',  ( 0.0000000000000000000, -0.0000000000000000000, -1.000000000000000000 ) ) ;
#266 = EDGE_CURVE ( 'NONE', #2586, #27, #4712, .T. ) ;
#267 = LINE ( 'NONE', #2989, #3303 ) ;
#268 = CARTESIAN_POINT ( 'NONE',  ( -1.201750109619605000, 0.6913569641015875300, -16.17000000000000500 ) ) ;
#269 = ORIENTED_EDGE ( 'NONE', *, *, #2280, .F. ) ;
#270 = EDGE_LOOP ( 'NONE', ( #95, #3685, #3513, #3692, #5251 ) ) ;
#271 = ORIENTED_EDGE ( 'NONE', *, *, #4190, .F. ) ;
#272 = CARTESIAN_POINT ( 'NONE',  ( -5.200000000000001100, -0.9000000000000000200, -13.57000000000000000 ) ) ;
#273 = CARTESIAN_POINT ( 'NONE',  ( 1.129999999999999700, 1.478761009970428400E-016, -20.87000000000000100 ) ) ;
#274 = CARTESIAN_POINT ( 'NONE',  ( -1.129999999999999700, 4.152951545348216100E-015, -11.39999999999999900 ) ) ;
#275 = FACE_OUTER_BOUND ( 'NONE', #3367, .T. ) ;
#276 = LINE ( 'NONE', #5220, #1136 ) ;
#277 = CARTESIAN_POINT ( 'NONE',  ( 0.9376972083717507500, 0.9000000000000000200, -12.82000000000000000 ) ) ;
#278 = B_SPLINE_CURVE_WITH_KNOTS ( 'NONE', 3,
 ( #1628, #4476, #2050, #4934 ),
 .UNSPECIFIED., .F., .F.,
 ( 4, 4 ),
 ( 0.0000000000000000000, 0.0002402861999098785400 ),
 .UNSPECIFIED. ) ;
#279 = CARTESIAN_POINT ( 'NONE',  ( -2.665000000000000500, 2.980000000000000000, 0.0000000000000000000 ) ) ;
#280 = EDGE_CURVE ( 'NONE', #3852, #1825, #1548, .T. ) ;
#281 = ORIENTED_EDGE ( 'NONE', *, *, #2579, .T. ) ;
#282 = CARTESIAN_POINT ( 'NONE',  ( 1.436426353334338000, 1.527552567373270800, -3.049999999999999800 ) ) ;
#283 = CARTESIAN_POINT ( 'NONE',  ( -1.450000000000000200, 1.620268339096388300, -6.099999999999999600 ) ) ;
#284 = DIRECTION ( 'NONE',  ( 0.0000000000000000000, 0.0000000000000000000, 1.000000000000000000 ) ) ;
#285 = FACE_OUTER_BOUND ( 'NONE', #159, .T. ) ;
#286 = CARTESIAN_POINT ( 'NONE',  ( -1.443317834428720700, 1.574625325617178700, -6.093261892320530400 ) ) ;
#287 = CARTESIAN_POINT ( 'NONE',  ( 1.129999999999999000, 0.0000000000000000000, -12.82000000000000000 ) ) ;
#288 = CARTESIAN_POINT ( 'NONE',  ( -0.8924554277927442300, -0.7058336113936316500, -16.17000000000000200 ) ) ;
#289 = EDGE_CURVE ( 'NONE', #2831, #172, #3622, .T. ) ;
#290 = DIRECTION ( 'NONE',  ( 0.0000000000000000000, 0.0000000000000000000, 1.000000000000000000 ) ) ;
#291 = ORIENTED_EDGE ( 'NONE', *, *, #4134, .T. ) ;
#292 = DIRECTION ( 'NONE',  ( -2.933728240325675600E-008, -0.9999999999999995600, 2.815208314736420500E-016 ) ) ;
#293 = CARTESIAN_POINT ( 'NONE',  ( -2.081715904838712400, -0.5660043024585974500, -13.31000000000000400 ) ) ;
#294 = EDGE_CURVE ( 'NONE', #5052, #1861, #2665, .T. ) ;
#295 = ADVANCED_FACE ( 'NONE', ( #308 ), #1782, .T. ) ;
#296 = CARTESIAN_POINT ( 'NONE',  ( 1.308209824139148700, -0.3086846657188339600, -2.507724601672086400 ) ) ;
#297 = DIRECTION ( 'NONE',  ( 0.04584845260309467600, 0.0000000000000000000, 0.9989484067727930600 ) ) ;
#298 = VERTEX_POINT ( 'NONE', #3842 ) ;
#299 = VECTOR ( 'NONE', #4468, 1000.000000000000000 ) ;
#300 = CARTESIAN_POINT ( 'NONE',  ( -1.172462453819982800, -2.747090209085375700, -2.159999999999999700 ) ) ;
#301 = CARTESIAN_POINT ( 'NONE',  ( 1.473586570199062500, -0.3440204939042845200, -2.514619557769324200 ) ) ;
#302 = DIRECTION ( 'NONE',  ( 0.2740548739561974900, 8.040025501984445400E-009, 0.9617140562874460000 ) ) ;
#303 = DIRECTION ( 'NONE',  ( -0.0000000000000000000, -0.0000000000000000000, -1.000000000000000000 ) ) ;
#304 = EDGE_CURVE ( 'NONE', #1861, #1337, #3500, .T. ) ;
#305 = ORIENTED_EDGE ( 'NONE', *, *, #2950, .F. ) ;
#306 = CARTESIAN_POINT ( 'NONE',  ( 1.387248956643641200, 0.7980121191337178300, -13.42999999999999100 ) ) ;
#307 = DIRECTION ( 'NONE',  ( 0.0000000000000000000, 0.0000000000000000000, -1.000000000000000000 ) ) ;
#308 = FACE_OUTER_BOUND ( 'NONE', #2247, .T. ) ;
#309 = PLANE ( 'NONE',  #5044 ) ;
#310 = LINE ( 'NONE', #4195, #3623 ) ;
#311 = CARTESIAN_POINT ( 'NONE',  ( -1.792135522745433600, 0.5869905953992689000, -13.31000000000000200 ) ) ;
#312 = CARTESIAN_POINT ( 'NONE',  ( 0.9376972083717507500, 0.9000000000000000200, -12.82000000000000000 ) ) ;
#313 = CARTESIAN_POINT ( 'NONE',  ( 1.211220115905895100, -0.01073692915530833500, -3.049999609483037100 ) ) ;
#314 = DIRECTION ( 'NONE',  ( -1.000000000000000000, 0.0000000000000000000, 0.0000000000000000000 ) ) ;
#315 = VERTEX_POINT ( 'NONE', #527 ) ;
#316 = CARTESIAN_POINT ( 'NONE',  ( 1.166489533543769900, 0.07392836691189365300, -3.049999999999999800 ) ) ;
#317 = CARTESIAN_POINT ( 'NONE',  ( -1.380000014936148700, 8.518999245182153800E-007, -10.54285011322339800 ) ) ;
#318 = B_SPLINE_CURVE_WITH_KNOTS ( 'NONE', 3,
 ( #3227, #1988, #1156, #4066, #1580, #4452, #2009, #4889, #2411, #5295 ),
 .UNSPECIFIED., .F., .F.,
 ( 4, 2, 2, 2, 4 ),
 ( 7.355666236916303300E-013, 0.0002197089675199819300, 0.0004394179343043971900, 0.0006591269010888125100, 0.0008788358678732278300 ),
 .UNSPECIFIED. ) ;
#319 = CARTESIAN_POINT ( 'NONE',  ( -1.881069143160203800, -0.1314761844472547600, -2.159999999993758000 ) ) ;
#320 = B_SPLINE_CURVE_WITH_KNOTS ( 'NONE', 3,
 ( #3504, #1014, #1431, #4310 ),
 .UNSPECIFIED., .F., .F.,
 ( 4, 4 ),
 ( 0.0000000000000000000, 0.0002485322000609665300 ),
 .UNSPECIFIED. ) ;
#321 = EDGE_CURVE ( 'NONE', #5339, #2940, #173, .T. ) ;
#322 = ORIENTED_EDGE ( 'NONE', *, *, #4577, .T. ) ;
#323 = FACE_OUTER_BOUND ( 'NONE', #528, .T. ) ;
#324 = VECTOR ( 'NONE', #1261, 1000.000000000000000 ) ;
#325 = EDGE_LOOP ( 'NONE', ( #4904, #4184, #5358, #3806 ) ) ;
#326 = DIRECTION ( 'NONE',  ( -1.000000000000000000, 3.321745982590990000E-016, 0.0000000000000000000 ) ) ;
#327 = DIRECTION ( 'NONE',  ( -0.0000000000000000000, -0.0000000000000000000, -1.000000000000000000 ) ) ;
#328 = CIRCLE ( 'NONE', #4171, 1.534999999999999900 ) ;
#329 = CARTESIAN_POINT ( 'NONE',  ( 1.379999999999999400, 2.851276342861322500E-016, -10.55666881608560500 ) ) ;
#330 = CARTESIAN_POINT ( 'NONE',  ( -1.473601407536414300, -0.3440236495577602700, -2.514620172032482800 ) ) ;
#331 = ORIENTED_EDGE ( 'NONE', *, *, #1647, .F. ) ;
#332 = DIRECTION ( 'NONE',  ( -0.0000000000000000000, -0.0000000000000000000, -1.000000000000000000 ) ) ;
#333 = CARTESIAN_POINT ( 'NONE',  ( -1.062887913039819400, -0.2073197285865885100, -2.804347924014666000 ) ) ;
#334 = CARTESIAN_POINT ( 'NONE',  ( 2.664999999999999600, 2.980000000000000900, 0.0000000000000000000 ) ) ;
#335 = EDGE_LOOP ( 'NONE', ( #3867, #1161, #3563, #2994, #1144, #2397 ) ) ;
#336 = VECTOR ( 'NONE', #750, 1000.000000000000000 ) ;
#337 = CARTESIAN_POINT ( 'NONE',  ( 0.8629236962458591800, 1.657766211915448800, -10.69000000000000000 ) ) ;
#338 = PLANE ( 'NONE',  #2031 ) ;
#339 = LINE ( 'NONE', #885, #1324 ) ;
#340 = CARTESIAN_POINT ( 'NONE',  ( -1.785632397961040900, -0.4837529734811967200, 0.0000000000000000000 ) ) ;
#341 = ADVANCED_FACE ( 'NONE', ( #3392 ), #1163, .F. ) ;
#342 = CARTESIAN_POINT ( 'NONE',  ( -1.027019070572582100, -0.1563825050507645600, -2.927432890004567000 ) ) ;
#343 = VERTEX_POINT ( 'NONE', #3299 ) ;
#344 = CARTESIAN_POINT ( 'NONE',  ( -1.379999999999999700, 1.690012582823347100E-016, 0.0000000000000000000 ) ) ;
#345 = ORIENTED_EDGE ( 'NONE', *, *, #3875, .F. ) ;
#346 = AXIS2_PLACEMENT_3D ( 'NONE', #793, #3680, #1194 ) ;
#347 = AXIS2_PLACEMENT_3D ( 'NONE', #2814, #307, #3218 ) ;
#348 = EDGE_CURVE ( 'NONE', #2646, #1725, #2552, .T. ) ;
#349 = EDGE_CURVE ( 'NONE', #1369, #2726, #2259, .T. ) ;
#350 = CARTESIAN_POINT ( 'NONE',  ( 0.9280677110538555500, -0.1420742408524886500, -3.049999999999998900 ) ) ;
#351 = CARTESIAN_POINT ( 'NONE',  ( -0.7980601574949718300, 0.7999999906369361600, -16.17000000000000200 ) ) ;
#352 = ORIENTED_EDGE ( 'NONE', *, *, #170, .T. ) ;
#353 = DIRECTION ( 'NONE',  ( -1.000000000000000000, 3.488520879062149700E-015, -0.0000000000000000000 ) ) ;
#354 = DIRECTION ( 'NONE',  ( 0.0000000000000000000, 0.0000000000000000000, 1.000000000000000000 ) ) ;
#355 = CARTESIAN_POINT ( 'NONE',  ( 1.069131691499643800, -0.2587613306332873200, -5.200000000000001100 ) ) ;
#356 = DIRECTION ( 'NONE',  ( -1.000000000000000000, 0.0000000000000000000, 0.0000000000000000000 ) ) ;
#357 = CARTESIAN_POINT ( 'NONE',  ( 0.1676098355567646500, 1.915789186871194900, -10.45592324346150000 ) ) ;
#358 = DIRECTION ( 'NONE',  ( 0.1448564873802151400, -0.9894526760102604300, 0.0000000000000000000 ) ) ;
#359 = DIRECTION ( 'NONE',  ( 1.000000000000000000, -3.491481338843133400E-015, 0.0000000000000000000 ) ) ;
#360 = CARTESIAN_POINT ( 'NONE',  ( 0.6833008122342603100, -0.9000000000000000200, -13.57000000000000000 ) ) ;
#361 = CARTESIAN_POINT ( 'NONE',  ( 1.379999999999999700, 4.818244247603522600E-015, -10.48999999999999800 ) ) ;
#362 = ORIENTED_EDGE ( 'NONE', *, *, #4772, .F. ) ;
#363 = LINE ( 'NONE', #3234, #3526 ) ;
#364 = CIRCLE ( 'NONE', #2941, 1.379999999999999700 ) ;
#365 = CARTESIAN_POINT ( 'NONE',  ( 1.222725312415344100, -0.08446528225195541800, -3.020489193890611100 ) ) ;
#366 = DIRECTION ( 'NONE',  ( 0.0000000000000000000, 0.0000000000000000000, -1.000000000000000000 ) ) ;
#367 = VERTEX_POINT ( 'NONE', #4959 ) ;
#368 = CARTESIAN_POINT ( 'NONE',  ( -1.072411882491595600, -0.2685360786181955100, -5.200000000000001100 ) ) ;
#369 = ORIENTED_EDGE ( 'NONE', *, *, #1761, .T. ) ;
#370 = ORIENTED_EDGE ( 'NONE', *, *, #5206, .T. ) ;
#371 = FACE_OUTER_BOUND ( 'NONE', #3965, .T. ) ;
#372 = CARTESIAN_POINT ( 'NONE',  ( -1.379999999999999700, 4.818244247603522600E-015, -16.17000000000000200 ) ) ;
#373 = CARTESIAN_POINT ( 'NONE',  ( 0.0000000000000000000, 0.0000000000000000000, -6.900000000000000400 ) ) ;
#374 = DIRECTION ( 'NONE',  ( -1.000000000000000000, 0.0000000000000000000, 0.0000000000000000000 ) ) ;
#375 = ORIENTED_EDGE ( 'NONE', *, *, #3165, .F. ) ;
#376 = ORIENTED_EDGE ( 'NONE', *, *, #3412, .F. ) ;
#377 = CARTESIAN_POINT ( 'NONE',  ( 1.205092171467978500, -0.2317291993081347400, -2.810160078602837300 ) ) ;
#378 = SURFACE_STYLE_USAGE ( .BOTH. , #2886 ) ;
#379 = CARTESIAN_POINT ( 'NONE',  ( -0.9752535514619695700, 0.8000000000000000400, -13.57000000000000000 ) ) ;
#380 = DIRECTION ( 'NONE',  ( -0.0000000000000000000, 0.0000000000000000000, 1.000000000000000000 ) ) ;
#381 = DIRECTION ( 'NONE',  ( -1.000000000000000000, 0.0000000000000000000, 0.0000000000000000000 ) ) ;
#382 = DIRECTION ( 'NONE',  ( -0.9719379013633128200, -0.2352375733029890300, 0.0000000000000000000 ) ) ;
#383 = DIRECTION ( 'NONE',  ( -0.08715574274765156000, -0.9961946980917461000, 0.0000000000000000000 ) ) ;
#384 = AXIS2_PLACEMENT_3D ( 'NONE', #2029, #4918, #2434 ) ;
#386 = VECTOR ( 'NONE', #2435, 1000.000000000000000 ) ;
#385 = CARTESIAN_POINT ( 'NONE',  ( -1.166485061963566500, 0.07392917120187082700, -3.049999999999999800 ) ) ;
#387 = CARTESIAN_POINT ( 'NONE',  ( 1.534999999999999900, 1.879832836691187100E-016, -21.96999999999999900 ) ) ;
#388 = CARTESIAN_POINT ( 'NONE',  ( 1.130000000000000300, 0.01999999999999605600, -6.900000000000001200 ) ) ;
#389 = CONICAL_SURFACE ( 'NONE', #5183, 1.284999999999999300, 0.1399874452130806800 ) ;
#390 = VECTOR ( 'NONE', #3895, 1000.000000000000000 ) ;
#391 = CARTESIAN_POINT ( 'NONE',  ( 1.355977003925752200, -0.2936944297768800900, -16.17000000000000200 ) ) ;
#392 = CARTESIAN_POINT ( 'NONE',  ( 1.745415452061016100, -0.4728576362406286000, -2.159999999999999700 ) ) ;
#393 = CARTESIAN_POINT ( 'NONE',  ( -5.200000000000001100, 0.9000000000000000200, -13.57000000000000000 ) ) ;
#394 = CARTESIAN_POINT ( 'NONE',  ( -1.613060155066333900, -0.7999999999999998200, -13.31000000000000000 ) ) ;
#395 = ORIENTED_EDGE ( 'NONE', *, *, #1561, .F. ) ;
#396 = CARTESIAN_POINT ( 'NONE',  ( -1.069131691499643600, -0.2587613306332887100, -5.200000000000001100 ) ) ;
#397 = ORIENTED_EDGE ( 'NONE', *, *, #1908, .F. ) ;
#398 = VERTEX_POINT ( 'NONE', #3713 ) ;
#399 = EDGE_LOOP ( 'NONE', ( #2619, #3483, #502, #5156 ) ) ;
#400 = EDGE_CURVE ( 'NONE', #759, #509, #2159, .T. ) ;
#401 = ORIENTED_EDGE ( 'NONE', *, *, #4316, .T. ) ;
#402 = LINE ( 'NONE', #897, #2623 ) ;
#403 = CARTESIAN_POINT ( 'NONE',  ( 1.188075341996936300, 0.8000000000000000400, -13.57000000000000000 ) ) ;
#404 = CARTESIAN_POINT ( 'NONE',  ( -0.8275779926601049000, 1.460106257069149400, -10.69000000000000000 ) ) ;
#405 = DIRECTION ( 'NONE',  ( 1.000000000000000000, -0.0000000000000000000, -0.0000000000000000000 ) ) ;
#406 = ORIENTED_EDGE ( 'NONE', *, *, #1822, .T. ) ;
#407 = VERTEX_POINT ( 'NONE', #5361 ) ;
#408 = LINE ( 'NONE', #615, #1376 ) ;
#409 = ORIENTED_EDGE ( 'NONE', *, *, #1017, .F. ) ;
#410 = EDGE_CURVE ( 'NONE', #4753, #1790, #3244, .T. ) ;
#411 = VECTOR ( 'NONE', #2179, 1000.000000000000000 ) ;
#412 = EDGE_CURVE ( 'NONE', #3436, #4479, #1304, .T. ) ;
#413 = DIRECTION ( 'NONE',  ( 0.0000000000000000000, 0.0000000000000000000, 1.000000000000000000 ) ) ;
#414 = LINE ( 'NONE', #1952, #1382 ) ;
#415 = ORIENTED_EDGE ( 'NONE', *, *, #1905, .F. ) ;
#416 = DIRECTION ( 'NONE',  ( 1.000000000000000000, 0.0000000000000000000, -0.0000000000000000000 ) ) ;
#417 = ADVANCED_FACE ( 'NONE', ( #3113 ), #5168, .T. ) ;
#418 = ORIENTED_EDGE ( 'NONE', *, *, #5055, .F. ) ;
#419 = CARTESIAN_POINT ( 'NONE',  ( 1.111426757893643200, -0.2155652345788692000, -2.806304830871122900 ) ) ;
#420 = CARTESIAN_POINT ( 'NONE',  ( -1.046135746449761600, -0.9000000000000000200, -13.57000000000000000 ) ) ;
#421 = EDGE_CURVE ( 'NONE', #3907, #104, #936, .T. ) ;
#422 = CARTESIAN_POINT ( 'NONE',  ( 1.166325481635974900, -0.2822850879635868100, -4.500000000000000900 ) ) ;
#423 = ORIENTED_EDGE ( 'NONE', *, *, #1902, .T. ) ;
#424 = EDGE_CURVE ( 'NONE', #2980, #2109, #2025, .T. ) ;
#425 = CARTESIAN_POINT ( 'NONE',  ( 0.0000000000000000000, 0.0000000000000000000, -21.96999999999999900 ) ) ;
#426 = PLANE ( 'NONE',  #739 ) ;
#427 = VERTEX_POINT ( 'NONE', #52 ) ;
#428 = AXIS2_PLACEMENT_3D ( 'NONE', #1328, #4627, #4245 ) ;
#429 = DIRECTION ( 'NONE',  ( -0.2614880937736198700, -0.9652067016005632100, -0.0000000000000000000 ) ) ;
#430 = CIRCLE ( 'NONE', #4272, 1.199999999999999700 ) ;
#431 = CARTESIAN_POINT ( 'NONE',  ( 0.0000000000000000000, 0.0000000000000000000, -20.87000000000000100 ) ) ;
#432 = CARTESIAN_POINT ( 'NONE',  ( 1.014021581682149400, -2.375861802452216700, -2.160000000000001000 ) ) ;
#433 = ORIENTED_EDGE ( 'NONE', *, *, #2146, .F. ) ;
#434 = ORIENTED_EDGE ( 'NONE', *, *, #1133, .F. ) ;
#435 = EDGE_LOOP ( 'NONE', ( #1723, #5134, #614, #3146, #3944, #4687, #994, #2320 ) ) ;
#436 = B_SPLINE_CURVE_WITH_KNOTS ( 'NONE', 3,
 ( #5340, #2456, #2476, #5359 ),
 .UNSPECIFIED., .F., .F.,
 ( 4, 4 ),
 ( 0.0000000000000000000, 0.0001999967758710818200 ),
 .UNSPECIFIED. ) ;
#437 = CARTESIAN_POINT ( 'NONE',  ( 1.166325481635975200, -0.2822850879635865300, -3.800000000000000700 ) ) ;
#438 = DIRECTION ( 'NONE',  ( -0.0000000000000000000, 0.0000000000000000000, 1.000000000000000000 ) ) ;
#439 = CARTESIAN_POINT ( 'NONE',  ( 0.0000000000000000000, 0.0000000000000000000, -10.30000000000000200 ) ) ;
#440 = LINE ( 'NONE', #5249, #1280 ) ;
#441 = VECTOR ( 'NONE', #4341, 1000.000000000000100 ) ;
#442 = VERTEX_POINT ( 'NONE', #4214 ) ;
#443 = CARTESIAN_POINT ( 'NONE',  ( 0.9752535514619695700, 0.7999999999999999300, -13.56999999999999900 ) ) ;
#444 = LINE ( 'NONE', #4814, #1522 ) ;
#445 = ADVANCED_FACE ( 'NONE', ( #5302 ), #1305, .T. ) ;
#446 = CARTESIAN_POINT ( 'NONE',  ( -1.187343211212311900, -0.1738277848562581100, -4.200000000000000200 ) ) ;
#447 = ORIENTED_EDGE ( 'NONE', *, *, #4231, .F. ) ;
#448 = CARTESIAN_POINT ( 'NONE',  ( -1.221735230083618800, 0.8111902848546119800, -10.53394876013278200 ) ) ;
#449 = DIRECTION ( 'NONE',  ( -0.9894526760102604300, -0.1448564873802154800, 0.0000000000000000000 ) ) ;
#450 = EDGE_CURVE ( 'NONE', #30, #4003, #1886, .T. ) ;
#451 = DIRECTION ( 'NONE',  ( 1.000000000000000000, 0.0000000000000000000, 0.0000000000000000000 ) ) ;
#452 = DIRECTION ( 'NONE',  ( 1.000000000000000000, 0.0000000000000000000, 0.0000000000000000000 ) ) ;
#453 = ORIENTED_EDGE ( 'NONE', *, *, #3205, .T. ) ;
#454 = LINE ( 'NONE', #779, #2546 ) ;
#455 = DIRECTION ( 'NONE',  ( 0.1448564873802154500, 0.9894526760102604300, 0.0000000000000000000 ) ) ;
#456 = ORIENTED_EDGE ( 'NONE', *, *, #2798, .T. ) ;
#457 = VERTEX_POINT ( 'NONE', #1325 ) ;
#458 = CARTESIAN_POINT ( 'NONE',  ( 1.362333603424416200, -0.3338293162795326600, -2.428018952071595100 ) ) ;
#459 = FACE_OUTER_BOUND ( 'NONE', #3171, .T. ) ;
#460 = AXIS2_PLACEMENT_3D ( 'NONE', #2524, #31, #2959 ) ;
#461 = FACE_OUTER_BOUND ( 'NONE', #1716, .T. ) ;
#462 = EDGE_CURVE ( 'NONE', #3047, #3900, #5080, .T. ) ;
#463 = EDGE_CURVE ( 'NONE', #1840, #1372, #3021, .T. ) ;
#464 = CARTESIAN_POINT ( 'NONE',  ( 1.131283753600889500, 0.9000000000000000200, -13.57000000000000000 ) ) ;
#465 = ORIENTED_EDGE ( 'NONE', *, *, #2741, .T. ) ;
#466 = ORIENTED_EDGE ( 'NONE', *, *, #5343, .T. ) ;
#467 = ORIENTED_EDGE ( 'NONE', *, *, #181, .T. ) ;
#468 = CARTESIAN_POINT ( 'NONE',  ( -0.7626657414609723200, 1.464316903519738800, -11.14666666666666700 ) ) ;
#469 = CARTESIAN_POINT ( 'NONE',  ( -0.8150000000000010600, 0.0000000000000000000, -13.31000000000000000 ) ) ;
#471 = ADVANCED_FACE ( 'NONE', ( #1786 ), #3958, .F. ) ;
#470 = CARTESIAN_POINT ( 'NONE',  ( -1.247319233075006500, -0.2388305958849098500, -2.811830029155456300 ) ) ;
#472 = ORIENTED_EDGE ( 'NONE', *, *, #494, .F. ) ;
#473 = DIRECTION ( 'NONE',  ( -1.000000000000000000, 0.0000000000000000000, 0.0000000000000000000 ) ) ;
#474 = VECTOR ( 'NONE', #3986, 1000.000000000000000 ) ;
#475 = LINE ( 'NONE', #1235, #324 ) ;
#476 = ORIENTED_EDGE ( 'NONE', *, *, #218, .F. ) ;
#477 = DIRECTION ( 'NONE',  ( -0.09273486341100847800, -0.6334321673880425300, -0.7682212795973751800 ) ) ;
#478 = LINE ( 'NONE', #4700, #4864 ) ;
#479 = B_SPLINE_CURVE_WITH_KNOTS ( 'NONE', 3,
 ( #2575, #5054, #493, #3401 ),
 .UNSPECIFIED., .F., .F.,
 ( 4, 4 ),
 ( 0.0000000000000000000, 0.004488159335083326800 ),
 .UNSPECIFIED. ) ;
#480 = ORIENTED_EDGE ( 'NONE', *, *, #26, .F. ) ;
#481 = EDGE_CURVE ( 'NONE', #1074, #4979, #800, .T. ) ;
#482 = ORIENTED_EDGE ( 'NONE', *, *, #2315, .T. ) ;
#483 = VECTOR ( 'NONE', #701, 1000.000000000000000 ) ;
#484 = CARTESIAN_POINT ( 'NONE',  ( 0.0000000000000000000, 0.0000000000000000000, -3.049999999999999800 ) ) ;
#485 = AXIS2_PLACEMENT_3D ( 'NONE', #2026, #5312, #2868 ) ;
#486 = CIRCLE ( 'NONE', #4629, 1.130000004913494800 ) ;
#487 = CARTESIAN_POINT ( 'NONE',  ( -0.1230529426754854600, 1.406501570789600000, -15.63473397605560100 ) ) ;
#488 = STYLED_ITEM ( 'NONE', ( #4 ), #1872 ) ;
#489 = ORIENTED_EDGE ( 'NONE', *, *, #1727, .F. ) ;
#490 = CARTESIAN_POINT ( 'NONE',  ( -0.1087768239794132700, 1.243324787413053300, -14.80000000000001000 ) ) ;
#491 = CARTESIAN_POINT ( 'NONE',  ( 0.0000000000000000000, 0.0000000000000000000, -3.049999999999999800 ) ) ;
#492 = CARTESIAN_POINT ( 'NONE',  ( -1.257758094408550900, 0.9974845786978674400, -3.799999999999999800 ) ) ;
#493 = CARTESIAN_POINT ( 'NONE',  ( 0.2596937848045580100, 1.673096109181204900, -12.65759638917625200 ) ) ;
#494 = EDGE_CURVE ( 'NONE', #4013, #4610, #4932, .T. ) ;
#495 = CARTESIAN_POINT ( 'NONE',  ( 1.249999999999999600, 1.980000000000000000, -5.599999999999998800 ) ) ;
#496 = CARTESIAN_POINT ( 'NONE',  ( 0.0000000000000000000, 0.0000000000000000000, -6.700000000000001100 ) ) ;
#497 = ORIENTED_EDGE ( 'NONE', *, *, #2250, .T. ) ;
#498 = ORIENTED_EDGE ( 'NONE', *, *, #1285, .F. ) ;
#499 = DIRECTION ( 'NONE',  ( -0.0000000000000000000, -0.0000000000000000000, 1.000000000000000000 ) ) ;
#500 = ADVANCED_FACE ( 'NONE', ( #531 ), #389, .F. ) ;
#501 = ORIENTED_EDGE ( 'NONE', *, *, #1842, .F. ) ;
#502 = ORIENTED_EDGE ( 'NONE', *, *, #1857, .T. ) ;
#503 = DIRECTION ( 'NONE',  ( -0.0000000000000000000, -0.0000000000000000000, -1.000000000000000000 ) ) ;
#504 = CARTESIAN_POINT ( 'NONE',  ( 1.073681690390445400, -0.2598625642574753400, -4.800000000000000700 ) ) ;
#505 = LINE ( 'NONE', #876, #2591 ) ;
#506 = LINE ( 'NONE', #2920, #4748 ) ;
#507 = ORIENTED_EDGE ( 'NONE', *, *, #163, .T. ) ;
#508 = CARTESIAN_POINT ( 'NONE',  ( -1.166325481635974900, -0.2822850879635867000, -4.500000000000000900 ) ) ;
#509 = VERTEX_POINT ( 'NONE', #5277 ) ;
#510 = ORIENTED_EDGE ( 'NONE', *, *, #1727, .T. ) ;
#511 = CARTESIAN_POINT ( 'NONE',  ( 2.664999999999999600, 2.980000000000000900, -2.160000000000000100 ) ) ;
#512 =( BOUNDED_CURVE ( )  B_SPLINE_CURVE ( 3, ( #4136, #1225, #4964, #2488 ),
 .UNSPECIFIED., .F., .F. ) 
 B_SPLINE_CURVE_WITH_KNOTS ( ( 4, 4 ),
 ( 3.141592653589793100, 4.712388980384689700 ),
 .UNSPECIFIED. ) 
 CURVE ( )  GEOMETRIC_REPRESENTATION_ITEM ( )  RATIONAL_B_SPLINE_CURVE ( ( 1.000000000000000000, 0.8047378541243649400, 0.8047378541243649400, 1.000000000000000000 ) ) 
 REPRESENTATION_ITEM ( '' )  );
#513 = FACE_OUTER_BOUND ( 'NONE', #4169, .T. ) ;
#514 = CARTESIAN_POINT ( 'NONE',  ( -0.9376972083724541800, 0.9000000000000000200, -12.82000000000000000 ) ) ;
#515 = CARTESIAN_POINT ( 'NONE',  ( -1.805000000000001300, 0.02000000000000630400, -10.10000000000000100 ) ) ;
#516 = DIRECTION ( 'NONE',  ( 1.000000000000000000, 0.0000000000000000000, -0.0000000000000000000 ) ) ;
#517 = EDGE_CURVE ( 'NONE', #625, #2876, #3708, .T. ) ;
#518 = CARTESIAN_POINT ( 'NONE',  ( 0.0000000000000000000, 0.0000000000000000000, -20.87000000000000100 ) ) ;
#519 = CARTESIAN_POINT ( 'NONE',  ( 0.5625564887546548000, 1.685449868508690700, -10.76094534820712500 ) ) ;
#520 = ORIENTED_EDGE ( 'NONE', *, *, #4706, .F. ) ;
#521 = VERTEX_POINT ( 'NONE', #1158 ) ;
#522 = CARTESIAN_POINT ( 'NONE',  ( -0.9812072370435081000, -0.1436493499853800100, -3.049999999999999800 ) ) ;
#523 = EDGE_CURVE ( 'NONE', #3907, #4679, #1550, .T. ) ;
#524 = EDGE_CURVE ( 'NONE', #3573, #2636, #2720, .T. ) ;
#525 = CARTESIAN_POINT ( 'NONE',  ( -0.8314915411820649200, 1.298495035547747100, -16.17000000000000200 ) ) ;
#526 = CIRCLE ( 'NONE', #5018, 0.2999999999999999300 ) ;
#527 = CARTESIAN_POINT ( 'NONE',  ( -1.069131691499643600, -0.2587613306332877700, -3.200000000000000200 ) ) ;
#528 = EDGE_LOOP ( 'NONE', ( #2823, #597, #661, #3992 ) ) ;
#529 = DIRECTION ( 'NONE',  ( 0.0000000000000000000, 0.0000000000000000000, 1.000000000000000000 ) ) ;
#530 = PLANE ( 'NONE',  #2805 ) ;
#531 = FACE_OUTER_BOUND ( 'NONE', #3322, .T. ) ;
#532 = FACE_OUTER_BOUND ( 'NONE', #4576, .T. ) ;
#533 = CARTESIAN_POINT ( 'NONE',  ( 2.464999999999999400, 2.980000000000001300, 0.0000000000000000000 ) ) ;
#534 = CARTESIAN_POINT ( 'NONE',  ( 1.188075341996936300, 0.8000000000000000400, -13.57000000000000000 ) ) ;
#535 = CARTESIAN_POINT ( 'NONE',  ( 1.073681690390445800, -0.2598625642574753900, -4.500000000000000900 ) ) ;
#536 = VERTEX_POINT ( 'NONE', #1607 ) ;
#537 = AXIS2_PLACEMENT_3D ( 'NONE', #4126, #1652, #4519 ) ;
#538 = EDGE_LOOP ( 'NONE', ( #1715, #2044, #1544, #1704 ) ) ;
#539 = EDGE_CURVE ( 'NONE', #2980, #4740, #4652, .T. ) ;
#540 = ORIENTED_EDGE ( 'NONE', *, *, #4577, .F. ) ;
#541 = EDGE_CURVE ( 'NONE', #3133, #1474, #2611, .T. ) ;
#542 = CARTESIAN_POINT ( 'NONE',  ( -0.1420217949226923700, 1.623316544098540600, -13.42999999999999400 ) ) ;
#543 = LINE ( 'NONE', #3362, #4665 ) ;
#544 = ORIENTED_EDGE ( 'NONE', *, *, #1400, .F. ) ;
#545 = VECTOR ( 'NONE', #4124, 1000.000000000000000 ) ;
#546 = ORIENTED_EDGE ( 'NONE', *, *, #1073, .T. ) ;
#547 = CARTESIAN_POINT ( 'NONE',  ( 1.124455423598471800, 0.8000000002124864100, -16.17000000000000200 ) ) ;
#548 = CARTESIAN_POINT ( 'NONE',  ( 1.379999999999998800, 0.2000000000000048400, -10.69000000000000000 ) ) ;
#549 = FACE_OUTER_BOUND ( 'NONE', #4554, .T. ) ;
#550 = CARTESIAN_POINT ( 'NONE',  ( 1.129999999999999900, 0.0000000000000000000, -10.61197438007002700 ) ) ;
#551 = FACE_OUTER_BOUND ( 'NONE', #1321, .T. ) ;
#552 = CARTESIAN_POINT ( 'NONE',  ( 0.0000000000000000000, 0.0000000000000000000, -6.099999999999999600 ) ) ;
#553 = ORIENTED_EDGE ( 'NONE', *, *, #4670, .T. ) ;
#554 = ORIENTED_EDGE ( 'NONE', *, *, #3506, .F. ) ;
#555 = AXIS2_PLACEMENT_3D ( 'NONE', #4621, #2160, #5064 ) ;
#557 = EDGE_LOOP ( 'NONE', ( #4279, #5225, #4537, #2241, #2438 ) ) ;
#556 = CARTESIAN_POINT ( 'NONE',  ( -1.379999999999999400, 0.0000000000000000000, -10.61197441449122400 ) ) ;
#558 = VERTEX_POINT ( 'NONE', #3276 ) ;
#559 = EDGE_LOOP ( 'NONE', ( #375, #4186, #3327, #4246 ) ) ;
#560 = CARTESIAN_POINT ( 'NONE',  ( 1.266715902832221500, -0.5660043063169885000, -16.17000000000000500 ) ) ;
#561 = CARTESIAN_POINT ( 'NONE',  ( 1.217358671761831000, 0.7611659943304806000, -12.06000000000000900 ) ) ;
#562 = FACE_OUTER_BOUND ( 'NONE', #2545, .T. ) ;
#563 = CARTESIAN_POINT ( 'NONE',  ( 1.096348505117454000, 0.3120444396349393900, -16.17000000000000500 ) ) ;
#564 = FACE_OUTER_BOUND ( 'NONE', #1401, .T. ) ;
#565 = AXIS2_PLACEMENT_3D ( 'NONE', #1542, #4038, #1956 ) ;
#566 = AXIS2_PLACEMENT_3D ( 'NONE', #901, #3791, #1290 ) ;
#567 = VERTEX_POINT ( 'NONE', #806 ) ;
#568 = EDGE_LOOP ( 'NONE', ( #2265, #2074, #4157, #889, #1056, #2704, #1260 ) ) ;
#569 = VECTOR ( 'NONE', #3966, 1000.000000000000000 ) ;
#570 = CIRCLE ( 'NONE', #2345, 0.2999999999999999300 ) ;
#571 = B_SPLINE_CURVE_WITH_KNOTS ( 'NONE', 3,
 ( #3251, #2851, #760, #789 ),
 .UNSPECIFIED., .F., .F.,
 ( 4, 4 ),
 ( 0.08383484639031389700, 0.5666047082036255200 ),
 .UNSPECIFIED. ) ;
#572 = B_SPLINE_CURVE_WITH_KNOTS ( 'NONE', 3,
 ( #4887, #1961, #2028, #4914, #2432, #5315 ),
 .UNSPECIFIED., .F., .F.,
 ( 4, 2, 4 ),
 ( 1.084202172485504400E-019, 0.0002221030996666855200, 0.0004442061993333709300 ),
 .UNSPECIFIED. ) ;
#573 = ORIENTED_EDGE ( 'NONE', *, *, #906, .F. ) ;
#574 = VERTEX_POINT ( 'NONE', #1205 ) ;
#575 = CARTESIAN_POINT ( 'NONE',  ( -0.8275779853652182000, 1.180770713494844900, -10.68999999999999800 ) ) ;
#576 = CARTESIAN_POINT ( 'NONE',  ( 0.7364722789078102000, 1.164924256546654400, -15.71333333333333300 ) ) ;
#577 = EDGE_CURVE ( 'NONE', #1005, #398, #642, .T. ) ;
#578 = CARTESIAN_POINT ( 'NONE',  ( 1.124455423598471800, 0.8000000002124864100, -16.17000000000000200 ) ) ;
#579 = AXIS2_PLACEMENT_3D ( 'NONE', #36, #2970, #451 ) ;
#580 = ORIENTED_EDGE ( 'NONE', *, *, #1190, .F. ) ;
#581 = CYLINDRICAL_SURFACE ( 'NONE', #565, 1.379999999999999700 ) ;
#582 = EDGE_CURVE ( 'NONE', #4613, #558, #225, .T. ) ;
#583 = ORIENTED_EDGE ( 'NONE', *, *, #2819, .T. ) ;
#584 = ORIENTED_EDGE ( 'NONE', *, *, #5072, .T. ) ;
#585 = VECTOR ( 'NONE', #4007, 1000.000000000000000 ) ;
#586 = LINE ( 'NONE', #4161, #2554 ) ;
#587 = EDGE_CURVE ( 'NONE', #785, #3582, #1358, .T. ) ;
#588 = CARTESIAN_POINT ( 'NONE',  ( -0.8798276833061962100, 0.7999999930357736300, -16.17000000000000500 ) ) ;
#589 = VERTEX_POINT ( 'NONE', #2778 ) ;
#590 = ORIENTED_EDGE ( 'NONE', *, *, #5202, .T. ) ;
#591 = ORIENTED_EDGE ( 'NONE', *, *, #2281, .F. ) ;
#592 = CARTESIAN_POINT ( 'NONE',  ( -0.1202749249917591100, 1.374748683366609400, -16.17000000000000200 ) ) ;
#593 = ADVANCED_FACE ( 'NONE', ( #118 ), #712, .T. ) ;
#594 = CARTESIAN_POINT ( 'NONE',  ( -1.178256966543798700, 0.8000000000000000400, -14.01884349110659900 ) ) ;
#595 = EDGE_CURVE ( 'NONE', #983, #1244, #986, .T. ) ;
#596 = B_SPLINE_CURVE_WITH_KNOTS ( 'NONE', 3,
 ( #772, #3237, #329, #1170 ),
 .UNSPECIFIED., .F., .F.,
 ( 4, 4 ),
 ( 0.0000000000000000000, 0.0001999967758715883600 ),
 .UNSPECIFIED. ) ;
#597 = ORIENTED_EDGE ( 'NONE', *, *, #3471, .F. ) ;
#598 = LINE ( 'NONE', #263, #178 ) ;
#599 = VECTOR ( 'NONE', #4474, 1000.000000000000000 ) ;
#600 = EDGE_LOOP ( 'NONE', ( #1554, #725, #1594, #1919 ) ) ;
#601 = LINE ( 'NONE', #1788, #3803 ) ;
#602 = VERTEX_POINT ( 'NONE', #296 ) ;
#603 = EDGE_CURVE ( 'NONE', #4039, #4742, #152, .T. ) ;
#604 = ORIENTED_EDGE ( 'NONE', *, *, #1361, .T. ) ;
#605 = LINE ( 'NONE', #4529, #483 ) ;
#606 = FACE_OUTER_BOUND ( 'NONE', #684, .T. ) ;
#607 = ORIENTED_EDGE ( 'NONE', *, *, #1778, .T. ) ;
#608 = CARTESIAN_POINT ( 'NONE',  ( 1.379999999999999700, 4.818244247603522600E-015, -16.17000000000000200 ) ) ;
#609 = ORIENTED_EDGE ( 'NONE', *, *, #4128, .F. ) ;
#610 = DIRECTION ( 'NONE',  ( 0.1448564873802144800, 0.9894526760102605500, -0.0000000000000000000 ) ) ;
#611 = EDGE_CURVE ( 'NONE', #1000, #298, #3320, .T. ) ;
#612 = ORIENTED_EDGE ( 'NONE', *, *, #3548, .T. ) ;
#613 = ORIENTED_EDGE ( 'NONE', *, *, #349, .F. ) ;
#614 = ORIENTED_EDGE ( 'NONE', *, *, #3819, .F. ) ;
#615 = CARTESIAN_POINT ( 'NONE',  ( 1.257758094408550900, 0.9974845786978674400, -5.200000000000001100 ) ) ;
#616 = ADVANCED_FACE ( 'NONE', ( #2304 ), #4436, .F. ) ;
#617 = ORIENTED_EDGE ( 'NONE', *, *, #900, .T. ) ;
#618 = VERTEX_POINT ( 'NONE', #273 ) ;
#619 = CIRCLE ( 'NONE', #2144, 0.2000000000000000900 ) ;
#620 = FACE_OUTER_BOUND ( 'NONE', #5247, .T. ) ;
#621 =( NAMED_UNIT ( * ) SI_UNIT ( $, .STERADIAN. ) SOLID_ANGLE_UNIT ( ) );
#622 = ORIENTED_EDGE ( 'NONE', *, *, #631, .T. ) ;
#623 = CARTESIAN_POINT ( 'NONE',  ( 0.0000000000000000000, 0.0000000000000000000, -12.82000000000000000 ) ) ;
#624 = ORIENTED_EDGE ( 'NONE', *, *, #119, .F. ) ;
#625 = VERTEX_POINT ( 'NONE', #3233 ) ;
#626 = CARTESIAN_POINT ( 'NONE',  ( -1.176799688912705300, 1.480000000000000000, -3.049999999999999800 ) ) ;
#627 = VECTOR ( 'NONE', #4973, 1000.000000000000000 ) ;
#628 = AXIS2_PLACEMENT_3D ( 'NONE', #3657, #2017, #767 ) ;
#629 = DIRECTION ( 'NONE',  ( 0.0000000000000000000, -0.6441855083154288700, -0.7648692900596758500 ) ) ;
#630 = EDGE_CURVE ( 'NONE', #24, #1381, #2426, .T. ) ;
#631 = EDGE_CURVE ( 'NONE', #2424, #1920, #1080, .T. ) ;
#632 = ORIENTED_EDGE ( 'NONE', *, *, #2809, .F. ) ;
#633 = ORIENTED_EDGE ( 'NONE', *, *, #4362, .F. ) ;
#634 = CARTESIAN_POINT ( 'NONE',  ( 1.379999999999999700, 4.818244247603522600E-015, -6.700000000000001100 ) ) ;
#635 = CARTESIAN_POINT ( 'NONE',  ( -1.141644903989800200, 0.2000000000000040900, -10.68999999999999600 ) ) ;
#636 = DIRECTION ( 'NONE',  ( 0.9894526760102604300, -0.1448564873802154800, 0.0000000000000000000 ) ) ;
#637 = DIRECTION ( 'NONE',  ( 0.0000000000000000000, 0.0000000000000000000, 1.000000000000000000 ) ) ;
#638 = LINE ( 'NONE', #4913, #2872 ) ;
#639 = EDGE_LOOP ( 'NONE', ( #4823, #1543, #5091, #1910 ) ) ;
#640 = ADVANCED_FACE ( 'NONE', ( #3448 ), #792, .T. ) ;
#641 = VERTEX_POINT ( 'NONE', #3259 ) ;
#642 = LINE ( 'NONE', #4498, #4523 ) ;
#643 = LINE ( 'NONE', #548, #3855 ) ;
#644 = CARTESIAN_POINT ( 'NONE',  ( -1.185329850718443300, 0.5027582406927372200, -5.799999999999999800 ) ) ;
#645 = DIRECTION ( 'NONE',  ( -0.0000000000000000000, -0.0000000000000000000, 1.000000000000000000 ) ) ;
#646 = DIRECTION ( 'NONE',  ( 0.1448564873802154200, -0.9894526760102604300, -0.0000000000000000000 ) ) ;
#647 = EDGE_LOOP ( 'NONE', ( #5167, #2224, #1596, #5158, #3249, #497, #489, #4720, #554, #3891, #2565, #2749, #4091 ) ) ;
#648 = ORIENTED_EDGE ( 'NONE', *, *, #123, .F. ) ;
#649 = CARTESIAN_POINT ( 'NONE',  ( -1.636581776783945900, -0.07786320607164852500, -2.160000000000000100 ) ) ;
#650 = DIRECTION ( 'NONE',  ( 0.2614880937736200900, 0.9652067016005631000, 0.0000000000000000000 ) ) ;
#651 = CIRCLE ( 'NONE', #3851, 1.129999999999999700 ) ;
#652 = AXIS2_PLACEMENT_3D ( 'NONE', #3396, #926, #3824 ) ;
#653 = ORIENTED_EDGE ( 'NONE', *, *, #1992, .F. ) ;
#654 = VECTOR ( 'NONE', #2888, 1000.000000000000000 ) ;
#655 = CARTESIAN_POINT ( 'NONE',  ( 1.594208267448137500, -0.5300000000000054700, -10.10000000000000100 ) ) ;
#656 = ORIENTED_EDGE ( 'NONE', *, *, #5212, .T. ) ;
#657 = B_SPLINE_CURVE_WITH_KNOTS ( 'NONE', 3,
 ( #4032, #1125, #4415, #1974 ),
 .UNSPECIFIED., .F., .F.,
 ( 4, 4 ),
 ( 0.5007351642904662700, 0.9287245450964991500 ),
 .UNSPECIFIED. ) ;
#658 = LINE ( 'NONE', #2962, #3869 ) ;
#659 = CARTESIAN_POINT ( 'NONE',  ( -1.309528219689544600, -0.4353571428571383400, 0.0000000000000000000 ) ) ;
#660 = VERTEX_POINT ( 'NONE', #1617 ) ;
#661 = ORIENTED_EDGE ( 'NONE', *, *, #219, .F. ) ;
#662 = CARTESIAN_POINT ( 'NONE',  ( 1.562928387984998000, -0.2316351744243833100, -6.900000000000001200 ) ) ;
#663 =( BOUNDED_SURFACE ( )  B_SPLINE_SURFACE ( 3, 2, ( 
 ( #2861, #350, #4489 ),
 ( #2040, #4924, #2442 ),
 ( #5329, #2885, #377 ),
 ( #3286, #815, #3702 ) ),
 .UNSPECIFIED., .F., .F., .F. ) 
 B_SPLINE_SURFACE_WITH_KNOTS ( ( 4, 4 ),
 ( 3, 3 ),
 ( 0.0007802918260675466300, 0.001212440881506717000 ),
 ( 0.0000000000000000000, 1.000000000000000000 ),
 .UNSPECIFIED. ) 
 GEOMETRIC_REPRESENTATION_ITEM ( )  RATIONAL_B_SPLINE_SURFACE ( (
 ( 1.000000000000000000, 0.7620611855113075300, 1.000000000000000000),
 ( 1.000000000000000000, 0.7685192043977310300, 1.000000000000000000),
 ( 1.000000000000000000, 0.7747928045504980400, 1.000000000000000000),
 ( 1.000000000000000000, 0.7808671791668083700, 1.000000000000000000) ) ) 
 REPRESENTATION_ITEM ( '' )  SURFACE ( )  );
#664 = CARTESIAN_POINT ( 'NONE',  ( -1.379999999999999700, 4.818244247603522600E-015, -6.099999999999999600 ) ) ;
#665 = ADVANCED_FACE ( 'NONE', ( #4273 ), #4487, .F. ) ;
#666 = CARTESIAN_POINT ( 'NONE',  ( -0.09848598930484615800, 1.108659117096004700, -16.17000000000000500 ) ) ;
#667 = DIRECTION ( 'NONE',  ( -0.0000000000000000000, -0.0000000000000000000, 1.000000000000000000 ) ) ;
#668 = ORIENTED_EDGE ( 'NONE', *, *, #133, .F. ) ;
#669 = EDGE_CURVE ( 'NONE', #5149, #4115, #4364, .T. ) ;
#670 = ORIENTED_EDGE ( 'NONE', *, *, #3302, .F. ) ;
#671 = CARTESIAN_POINT ( 'NONE',  ( 1.821773652085710000, -0.4174097864864834100, -2.528808986055464100 ) ) ;
#672 = CARTESIAN_POINT ( 'NONE',  ( -0.9794976335335630100, 0.5815426982919715800, -16.16999999835897100 ) ) ;
#673 = DIRECTION ( 'NONE',  ( 1.000000000000000000, 0.0000000000000000000, 0.0000000000000000000 ) ) ;
#674 = EDGE_LOOP ( 'NONE', ( #3043, #5088, #3632, #1037 ) ) ;
#675 = CARTESIAN_POINT ( 'NONE',  ( 0.0000000000000000000, 0.0000000000000000000, -10.30000000000000200 ) ) ;
#676 = AXIS2_PLACEMENT_3D ( 'NONE', #4435, #4875, #2392 ) ;
#677 = EDGE_CURVE ( 'NONE', #4013, #2586, #4822, .T. ) ;
#678 = PLANE ( 'NONE',  #162 ) ;
#679 = EDGE_CURVE ( 'NONE', #2734, #5120, #4582, .T. ) ;
#680 = VECTOR ( 'NONE', #2350, 1000.000000000000000 ) ;
#681 = LINE ( 'NONE', #5176, #3890 ) ;
#682 = DIRECTION ( 'NONE',  ( -1.000000000000000000, 0.0000000000000000000, 0.0000000000000000000 ) ) ;
#683 = ORIENTED_EDGE ( 'NONE', *, *, #1639, .T. ) ;
#684 = EDGE_LOOP ( 'NONE', ( #2073, #2853, #1498, #1660 ) ) ;
#685 = PLANE ( 'NONE',  #2234 ) ;
#686 = DIRECTION ( 'NONE',  ( 0.0000000000000000000, 0.0000000000000000000, -1.000000000000000000 ) ) ;
#687 = EDGE_CURVE ( 'NONE', #874, #3515, #2254, .T. ) ;
#688 = CARTESIAN_POINT ( 'NONE',  ( 0.0000000000000000000, 0.0000000000000000000, -4.800000000000000700 ) ) ;
#689 = LINE ( 'NONE', #3143, #3762 ) ;
#690 = LINE ( 'NONE', #4736, #4981 ) ;
#691 = CARTESIAN_POINT ( 'NONE',  ( -0.7262691588735960000, 1.560446273493165000, -10.69708853223953900 ) ) ;
#692 = DIRECTION ( 'NONE',  ( 0.9719379013633129300, 0.2352375733029890000, -0.0000000000000000000 ) ) ;
#693 = CARTESIAN_POINT ( 'NONE',  ( -1.477260739012411100, -0.3449698211527976700, -2.514819122636445100 ) ) ;
#694 = EDGE_CURVE ( 'NONE', #203, #3267, #5222, .T. ) ;
#695 = ADVANCED_FACE ( 'NONE', ( #1942 ), #2487, .T. ) ;
#696 = ORIENTED_EDGE ( 'NONE', *, *, #3091, .T. ) ;
#697 = EDGE_LOOP ( 'NONE', ( #2931, #3903, #3801, #2913 ) ) ;
#698 =( BOUNDED_CURVE ( )  B_SPLINE_CURVE ( 3, ( #1931, #4372, #2762, #255 ),
 .UNSPECIFIED., .F., .F. ) 
 B_SPLINE_CURVE_WITH_KNOTS ( ( 4, 4 ),
 ( 1.570796326794896600, 1.855149521400564000 ),
 .UNSPECIFIED. ) 
 CURVE ( )  GEOMETRIC_REPRESENTATION_ITEM ( )  RATIONAL_B_SPLINE_CURVE ( ( 1.000000000000000000, 0.9932732811164954900, 0.9932732811164954900, 1.000000000000000000 ) ) 
 REPRESENTATION_ITEM ( '' )  );
#699 = CARTESIAN_POINT ( 'NONE',  ( 1.187343211212313000, -0.1738277848562579900, -3.049999999999999800 ) ) ;
#700 = CARTESIAN_POINT ( 'NONE',  ( 1.201750109750250100, -0.6913569638744945200, -16.17000000000000200 ) ) ;
#701 = DIRECTION ( 'NONE',  ( 3.491998357141312700E-015, 1.000000000000000000, 0.0000000000000000000 ) ) ;
#702 = CARTESIAN_POINT ( 'NONE',  ( 0.0000000000000000000, 0.0000000000000000000, -16.17000000000000200 ) ) ;
#703 = CARTESIAN_POINT ( 'NONE',  ( 2.664999999999999600, 2.980000000000000900, -2.160000000000000100 ) ) ;
#704 = ORIENTED_EDGE ( 'NONE', *, *, #4662, .F. ) ;
#705 = VECTOR ( 'NONE', #1519, 1000.000000000000000 ) ;
#706 = PLANE ( 'NONE',  #4262 ) ;
#707 = CARTESIAN_POINT ( 'NONE',  ( -1.266715902725264800, 0.5660043065563580300, -16.17000000000000200 ) ) ;
#708 = ORIENTED_EDGE ( 'NONE', *, *, #204, .F. ) ;
#709 = VERTEX_POINT ( 'NONE', #2922 ) ;
#710 = CYLINDRICAL_SURFACE ( 'NONE', #4287, 0.2000000000000000100 ) ;
#711 = DIRECTION ( 'NONE',  ( 0.0000000000000000000, 0.0000000000000000000, -1.000000000000000000 ) ) ;
#712 = PLANE ( 'NONE',  #1221 ) ;
#713 = CARTESIAN_POINT ( 'NONE',  ( -1.187343211212311900, -0.1738277848562580500, -5.200000000000001100 ) ) ;
#714 = AXIS2_PLACEMENT_3D ( 'NONE', #1195, #4098, #1621 ) ;
#715 = CARTESIAN_POINT ( 'NONE',  ( 1.309528219689541700, -0.4353571428571474400, -6.700000000000002000 ) ) ;
#716 = ORIENTED_EDGE ( 'NONE', *, *, #5132, .F. ) ;
#717 = ORIENTED_EDGE ( 'NONE', *, *, #4899, .F. ) ;
#718 = VERTEX_POINT ( 'NONE', #2060 ) ;
#719 = CARTESIAN_POINT ( 'NONE',  ( 0.8314915411820649200, 1.298495035547747100, -16.17000000000000200 ) ) ;
#720 = CARTESIAN_POINT ( 'NONE',  ( -1.130000000000000800, -0.2299999999999960400, -10.10000000000000100 ) ) ;
#721 = EDGE_CURVE ( 'NONE', #892, #1372, #3071, .T. ) ;
#722 = CARTESIAN_POINT ( 'NONE',  ( -1.785632397961040900, -0.4837529734811968400, -2.160000000000000100 ) ) ;
#723 = CARTESIAN_POINT ( 'NONE',  ( 1.129999999999999900, -2.709433789506056400E-015, -10.55666874765413100 ) ) ;
#724 = ADVANCED_FACE ( 'NONE', ( #2095 ), #1936, .F. ) ;
#725 = ORIENTED_EDGE ( 'NONE', *, *, #4370, .T. ) ;
#726 = CARTESIAN_POINT ( 'NONE',  ( -0.9771355247266246800, -0.5869905819496450400, -16.17000000000000500 ) ) ;
#727 = CIRCLE ( 'NONE', #2207, 1.579999999999999800 ) ;
#728 = VECTOR ( 'NONE', #3222, 1000.000000000000100 ) ;
#729 = ORIENTED_EDGE ( 'NONE', *, *, #4843, .F. ) ;
#730 = CARTESIAN_POINT ( 'NONE',  ( -2.464999999999999900, 2.980000000000000000, -2.160000000000000100 ) ) ;
#731 = CYLINDRICAL_SURFACE ( 'NONE', #3583, 0.5000000000000004400 ) ;
#732 = DIRECTION ( 'NONE',  ( -0.0000000000000000000, -0.0000000000000000000, 1.000000000000000000 ) ) ;
#733 = CARTESIAN_POINT ( 'NONE',  ( -1.187343211212311700, -0.1738277848562581300, -3.049999999999999800 ) ) ;
#734 = B_SPLINE_CURVE_WITH_KNOTS ( 'NONE', 3,
 ( #1469, #1060, #1912, #4781, #2299, #5197 ),
 .UNSPECIFIED., .F., .F.,
 ( 4, 2, 4 ),
 ( 0.0000000000000000000, 0.0001563441579974458800, 0.0003126883159948917500 ),
 .UNSPECIFIED. ) ;
#735 = ORIENTED_EDGE ( 'NONE', *, *, #201, .F. ) ;
#736 = LINE ( 'NONE', #2465, #2812 ) ;
#737 = CARTESIAN_POINT ( 'NONE',  ( -2.016750110905317900, -0.6913569622509678800, -13.31000000000000200 ) ) ;
#738 = AXIS2_PLACEMENT_3D ( 'NONE', #2782, #4419, #1977 ) ;
#739 = AXIS2_PLACEMENT_3D ( 'NONE', #3338, #3757, #1266 ) ;
#740 = EDGE_CURVE ( 'NONE', #3400, #4311, #870, .T. ) ;
#741 = EDGE_CURVE ( 'NONE', #1964, #1063, #2953, .T. ) ;
#742 = CARTESIAN_POINT ( 'NONE',  ( -0.9549548745005277400, 0.7999999999996235700, -14.32193029491669200 ) ) ;
#743 = CARTESIAN_POINT ( 'NONE',  ( -8.032291717040851900E-016, -0.2300000000000000100, -9.455654789600560800E-033 ) ) ;
#744 = CARTESIAN_POINT ( 'NONE',  ( -1.785632397961040700, -0.4837529734811974500, -2.160000000000000100 ) ) ;
#745 = CARTESIAN_POINT ( 'NONE',  ( 1.512141668678947100, -0.3522119273113723500, -2.516213018692176300 ) ) ;
#746 = CARTESIAN_POINT ( 'NONE',  ( -1.785632397961040900, -0.4837529734811968400, -2.160000000000000100 ) ) ;
#747 = CARTESIAN_POINT ( 'NONE',  ( 1.756416061064785000, -0.1041831061377020300, -2.160000000000000100 ) ) ;
#748 = ORIENTED_EDGE ( 'NONE', *, *, #2945, .T. ) ;
#749 = CARTESIAN_POINT ( 'NONE',  ( 0.1420217949226923700, 1.623316544098540600, -13.42999999999999400 ) ) ;
#750 = DIRECTION ( 'NONE',  ( 3.491998357141312700E-015, 1.000000000000000000, 0.0000000000000000000 ) ) ;
#751 = DIRECTION ( 'NONE',  ( 2.933728240325675600E-008, -0.9999999999999995600, 2.815208314736420500E-016 ) ) ;
#752 = DIRECTION ( 'NONE',  ( 3.488520879062148900E-015, 1.000000000000000000, -4.727827394800279900E-031 ) ) ;
#753 = CARTESIAN_POINT ( 'NONE',  ( -1.707455422884348600, 0.7058336258424227100, -13.31000000000000200 ) ) ;
#754 = CARTESIAN_POINT ( 'NONE',  ( 0.9115495949992749000, 0.9000000000000000200, -13.57000000000000000 ) ) ;
#755 = ORIENTED_EDGE ( 'NONE', *, *, #984, .T. ) ;
#756 = CARTESIAN_POINT ( 'NONE',  ( 0.0000000000000000000, 0.0000000000000000000, -21.96999999999999900 ) ) ;
#757 = VERTEX_POINT ( 'NONE', #2348 ) ;
#758 = CARTESIAN_POINT ( 'NONE',  ( 1.203596303891554000, 0.06725701130343160500, -3.049999999999999800 ) ) ;
#759 = VERTEX_POINT ( 'NONE', #4829 ) ;
#760 = CARTESIAN_POINT ( 'NONE',  ( 1.023689913217467100, 0.9207556100920505400, -10.68999999999999600 ) ) ;
#761 = EDGE_CURVE ( 'NONE', #2109, #1790, #3489, .T. ) ;
#762 = CARTESIAN_POINT ( 'NONE',  ( -1.545256470341154400, -0.3592336668339651300, -2.517577205672526300 ) ) ;
#763 = AXIS2_PLACEMENT_3D ( 'NONE', #5337, #2892, #382 ) ;
#764 = ORIENTED_EDGE ( 'NONE', *, *, #4732, .T. ) ;
#765 = ADVANCED_FACE ( 'NONE', ( #4166 ), #581, .T. ) ;
#766 = CARTESIAN_POINT ( 'NONE',  ( -0.1572342652148283900, 1.233264211466345000, -14.88998958985647500 ) ) ;
#767 = DIRECTION ( 'NONE',  ( 0.0000000000000000000, 0.0000000000000000000, -1.000000000000000000 ) ) ;
#768 = PRESENTATION_LAYER_ASSIGNMENT (  '', '', ( #488 ) ) ;
#769 = LINE ( 'NONE', #2908, #3938 ) ;
#770 = CIRCLE ( 'NONE', #2093, 1.849999999999999200 ) ;
#771 = CARTESIAN_POINT ( 'NONE',  ( -5.200000000000001100, -0.7999999999999997100, -16.17000000000000200 ) ) ;
#772 = CARTESIAN_POINT ( 'NONE',  ( 1.379999999999999400, 0.0000000000000000000, -10.69000000000000000 ) ) ;
#773 = ORIENTED_EDGE ( 'NONE', *, *, #4358, .F. ) ;
#774 = CARTESIAN_POINT ( 'NONE',  ( -1.429611295932371700, -0.3346528898477104100, -2.512794448584523700 ) ) ;
#775 = CARTESIAN_POINT ( 'NONE',  ( 1.379999999999999700, 1.690012582823347100E-016, -20.87000000000000100 ) ) ;
#776 = CARTESIAN_POINT ( 'NONE',  ( -1.115207806228428700, 0.08310202735396458900, -3.050000000000000700 ) ) ;
#777 = ORIENTED_EDGE ( 'NONE', *, *, #2239, .F. ) ;
#778 = ORIENTED_EDGE ( 'NONE', *, *, #2741, .F. ) ;
#779 = CARTESIAN_POINT ( 'NONE',  ( 0.0000000000000000000, 1.480000000000000000, -6.099999999999999600 ) ) ;
#780 = CARTESIAN_POINT ( 'NONE',  ( 1.379999999999999400, 0.0000000000000000000, -10.61197441448716600 ) ) ;
#781 = DIRECTION ( 'NONE',  ( 0.0000000000000000000, 1.000000000000000000, -0.0000000000000000000 ) ) ;
#782 = LINE ( 'NONE', #3776, #2855 ) ;
#783 = CARTESIAN_POINT ( 'NONE',  ( 2.657396786072799400E-016, -0.8000000000000020400, -1.060538509484523900E-016 ) ) ;
#784 = EDGE_CURVE ( 'NONE', #4233, #574, #5001, .T. ) ;
#785 = VERTEX_POINT ( 'NONE', #2810 ) ;
#786 = DIRECTION ( 'NONE',  ( 3.491998357141312700E-015, 1.000000000000000000, 0.0000000000000000000 ) ) ;
#787 = CARTESIAN_POINT ( 'NONE',  ( -1.105621504979913600, -0.2145668387635223100, -2.806067285669653800 ) ) ;
#788 = DIRECTION ( 'NONE',  ( 0.9894526760102605500, -0.1448564873802148700, 0.0000000000000000000 ) ) ;
#789 = CARTESIAN_POINT ( 'NONE',  ( 0.8275779853652182000, 1.180770713494844900, -10.68999999999999800 ) ) ;
#790 = CARTESIAN_POINT ( 'NONE',  ( -1.545256470341154400, -0.3592336668339651300, -2.517577205672526300 ) ) ;
#791 = CARTESIAN_POINT ( 'NONE',  ( -1.073681690390445400, -0.2598625642574751700, -3.200000000000000200 ) ) ;
#792 = PLANE ( 'NONE',  #3152 ) ;
#793 = CARTESIAN_POINT ( 'NONE',  ( 0.0000000000000000000, 0.0000000000000000000, -6.700000000000001100 ) ) ;
#794 = CIRCLE ( 'NONE', #3357, 1.130000004913494800 ) ;
#795 = EDGE_LOOP ( 'NONE', ( #3915, #3481, #1064, #3156, #4181 ) ) ;
#796 = CARTESIAN_POINT ( 'NONE',  ( 0.0000000000000000000, 0.0000000000000000000, -2.160000000000000100 ) ) ;
#797 = ORIENTED_EDGE ( 'NONE', *, *, #3054, .T. ) ;
#798 = DIRECTION ( 'NONE',  ( 0.1448564873802154200, 0.9894526760102604300, 0.0000000000000000000 ) ) ;
#799 = CARTESIAN_POINT ( 'NONE',  ( 1.130902076305456700, 1.140057386559597800, -10.69000000000000000 ) ) ;
#800 = LINE ( 'NONE', #1553, #3854 ) ;
#801 = CARTESIAN_POINT ( 'NONE',  ( -1.379999999999998800, 0.2000000000000048400, -10.48999999999999800 ) ) ;
#802 = VECTOR ( 'NONE', #97, 1000.000000000000000 ) ;
#803 = DIRECTION ( 'NONE',  ( -0.1112818360932102100, 0.7601186008656498600, 0.6401843996644801500 ) ) ;
#804 = EDGE_CURVE ( 'NONE', #509, #3133, #2780, .T. ) ;
#805 = CARTESIAN_POINT ( 'NONE',  ( 1.304558834308564300, -0.2345477091044512700, -2.875632976717197800 ) ) ;
#806 = CARTESIAN_POINT ( 'NONE',  ( 1.176799688912704800, 1.480000000000000000, -3.049999999999999800 ) ) ;
#807 = DIRECTION ( 'NONE',  ( -0.0000000000000000000, -0.0000000000000000000, 1.000000000000000000 ) ) ;
#808 = EDGE_CURVE ( 'NONE', #1240, #4746, #1728, .T. ) ;
#809 = EDGE_LOOP ( 'NONE', ( #3334, #3164, #2482, #156 ) ) ;
#810 = ORIENTED_EDGE ( 'NONE', *, *, #3294, .T. ) ;
#811 = CARTESIAN_POINT ( 'NONE',  ( 1.257758094408550900, 0.9974845786978674400, -5.200000000000001100 ) ) ;
#812 = DIRECTION ( 'NONE',  ( 0.0000000000000000000, -1.000000000000000000, 0.0000000000000000000 ) ) ;
#813 = EDGE_CURVE ( 'NONE', #4039, #1914, #1712, .T. ) ;
#814 = VECTOR ( 'NONE', #3683, 1000.000000000000000 ) ;
#815 = CARTESIAN_POINT ( 'NONE',  ( 1.356604430050716700, -0.2039674999266879200, -3.050000000000034000 ) ) ;
#816 =( NAMED_UNIT ( * ) PLANE_ANGLE_UNIT ( ) SI_UNIT ( $, .RADIAN. ) );
#817 = CARTESIAN_POINT ( 'NONE',  ( -0.9555718437645842600, 0.8345654856632273000, -13.57000000000000200 ) ) ;
#818 = DIRECTION ( 'NONE',  ( 1.000000000000000000, 3.491481338843133400E-015, -0.0000000000000000000 ) ) ;
#819 = CARTESIAN_POINT ( 'NONE',  ( -1.166325481635975200, -0.2822850879635867600, -3.200000000000000200 ) ) ;
#820 = ORIENTED_EDGE ( 'NONE', *, *, #4705, .T. ) ;
#821 = LINE ( 'NONE', #4764, #2900 ) ;
#822 = ORIENTED_EDGE ( 'NONE', *, *, #4378, .F. ) ;
#823 = EDGE_CURVE ( 'NONE', #1457, #3608, #3781, .T. ) ;
#824 = FACE_OUTER_BOUND ( 'NONE', #3195, .T. ) ;
#825 = CARTESIAN_POINT ( 'NONE',  ( -1.205502052615694100, -0.6860833482436833300, -16.17000000000000200 ) ) ;
#826 = CARTESIAN_POINT ( 'NONE',  ( -1.122291146827167900, 0.08188235701544044300, -3.049999999999999800 ) ) ;
#827 = B_SPLINE_CURVE_WITH_KNOTS ( 'NONE', 3,
 ( #2828, #5282, #766, #3655, #1166, #4077, #1585, #4459, #2015, #4897 ),
 .UNSPECIFIED., .F., .F.,
 ( 4, 3, 3, 4 ),
 ( 0.0000000000000000000, 0.001931085207774612500, 0.003718306613711411300, 0.005026946634018221600 ),
 .UNSPECIFIED. ) ;
#828 = ORIENTED_EDGE ( 'NONE', *, *, #3882, .T. ) ;
#829 = CARTESIAN_POINT ( 'NONE',  ( -1.151292874688198700, 0.8674435728305118800, -13.56999999999999900 ) ) ;
#830 = CARTESIAN_POINT ( 'NONE',  ( 1.129999999999999000, -0.2300000000000039500, -10.10000000000000100 ) ) ;
#831 = EDGE_CURVE ( 'NONE', #4852, #24, #454, .T. ) ;
#832 = CARTESIAN_POINT ( 'NONE',  ( 1.379999999999998800, 1.303884842977776100E-010, -16.17000000000000500 ) ) ;
#833 = EDGE_CURVE ( 'NONE', #2220, #4624, #4839, .T. ) ;
#834 = ORIENTED_EDGE ( 'NONE', *, *, #2364, .F. ) ;
#835 = CARTESIAN_POINT ( 'NONE',  ( 1.494596370403639600, -0.2387989453859715700, -10.10000000000000100 ) ) ;
#836 = CARTESIAN_POINT ( 'NONE',  ( 1.785632397961041100, -0.4837529734811964500, -2.160000000000000100 ) ) ;
#837 = ORIENTED_EDGE ( 'NONE', *, *, #2664, .T. ) ;
#838 = CARTESIAN_POINT ( 'NONE',  ( -1.187343211212311900, -0.1738277848562581100, -4.800000000000000700 ) ) ;
#839 = CARTESIAN_POINT ( 'NONE',  ( 1.324167677986523700, -0.2519004674435518800, -2.814923899878797500 ) ) ;
#840 = CARTESIAN_POINT ( 'NONE',  ( 0.0000000000000000000, 0.0000000000000000000, -3.800000000000000300 ) ) ;
#841 = VERTEX_POINT ( 'NONE', #2427 ) ;
#842 = DIRECTION ( 'NONE',  ( -1.000000000000000000, -0.0000000000000000000, 0.0000000000000000000 ) ) ;
#843 = DIRECTION ( 'NONE',  ( 1.000000000000000000, 0.0000000000000000000, 0.0000000000000000000 ) ) ;
#844 = VECTOR ( 'NONE', #4255, 1000.000000000000000 ) ;
#845 = VECTOR ( 'NONE', #429, 999.9999999999998900 ) ;
#846 = ADVANCED_FACE ( 'NONE', ( #1410 ), #3663, .F. ) ;
#847 = CARTESIAN_POINT ( 'NONE',  ( 1.379999999999999700, 0.0000000000000000000, 0.0000000000000000000 ) ) ;
#848 = ORIENTED_EDGE ( 'NONE', *, *, #3506, .T. ) ;
#849 = ORIENTED_EDGE ( 'NONE', *, *, #1969, .F. ) ;
#850 = AXIS2_PLACEMENT_3D ( 'NONE', #2566, #2148, #5045 ) ;
#851 = LINE ( 'NONE', #2188, #5114 ) ;
#852 = VECTOR ( 'NONE', #2661, 1000.000000000000000 ) ;
#853 = CARTESIAN_POINT ( 'NONE',  ( -1.805000000000001700, -0.2299999999999936800, -6.900000000000000400 ) ) ;
#854 = DIRECTION ( 'NONE',  ( -1.000000000000000000, 0.0000000000000000000, 0.0000000000000000000 ) ) ;
#855 = CARTESIAN_POINT ( 'NONE',  ( 0.1202749249917591500, 1.374748683366609400, -16.17000000000000200 ) ) ;
#856 = DIRECTION ( 'NONE',  ( 0.01216090028527168500, -0.1389997263093313600, 0.9902177480686673600 ) ) ;
#857 = DIRECTION ( 'NONE',  ( 0.0000000000000000000, 0.0000000000000000000, 1.000000000000000000 ) ) ;
#858 = CARTESIAN_POINT ( 'NONE',  ( 1.105621504979913600, -0.2145668387635223100, -2.806067285669653800 ) ) ;
#859 = B_SPLINE_CURVE_WITH_KNOTS ( 'NONE', 3,
 ( #5083, #3073, #3901, #4533, #2083, #4969 ),
 .UNSPECIFIED., .F., .F.,
 ( 4, 2, 4 ),
 ( 1.115951657832856900E-017, 0.0001562914364664307600, 0.0003125828729328503500 ),
 .UNSPECIFIED. ) ;
#860 = CARTESIAN_POINT ( 'NONE',  ( 1.849256894747816100, -0.2489017808386573000, -2.160000000000000100 ) ) ;
#861 = ORIENTED_EDGE ( 'NONE', *, *, #304, .F. ) ;
#862 = CARTESIAN_POINT ( 'NONE',  ( 1.166325481635974900, -0.2822850879635872600, -5.500000000000000000 ) ) ;
#863 =( BOUNDED_CURVE ( )  B_SPLINE_CURVE ( 3, ( #4804, #1933, #2763, #256 ),
 .UNSPECIFIED., .F., .F. ) 
 B_SPLINE_CURVE_WITH_KNOTS ( ( 4, 4 ),
 ( 4.712388980384689700, 6.283185307179586200 ),
 .UNSPECIFIED. ) 
 CURVE ( )  GEOMETRIC_REPRESENTATION_ITEM ( )  RATIONAL_B_SPLINE_CURVE ( ( 1.000000000000000000, 0.8047378541243649400, 0.8047378541243649400, 1.000000000000000000 ) ) 
 REPRESENTATION_ITEM ( '' )  );
#864 = CARTESIAN_POINT ( 'NONE',  ( -0.1184476786248464700, 1.353863161822765200, -16.17000000000000200 ) ) ;
#865 = ORIENTED_EDGE ( 'NONE', *, *, #5161, .F. ) ;
#866 = AXIS2_PLACEMENT_3D ( 'NONE', #4909, #356, #3266 ) ;
#867 = DIRECTION ( 'NONE',  ( 1.000000000000000000, 0.0000000000000000000, 0.0000000000000000000 ) ) ;
#868 = AXIS2_PLACEMENT_3D ( 'NONE', #2951, #438, #3355 ) ;
#869 = DIRECTION ( 'NONE',  ( 0.2614880937736205300, -0.9652067016005631000, 0.0000000000000000000 ) ) ;
#870 = LINE ( 'NONE', #2330, #4010 ) ;
#871 = ORIENTED_EDGE ( 'NONE', *, *, #5072, .F. ) ;
#872 = DIRECTION ( 'NONE',  ( -0.1448564873802154500, -0.9894526760102604300, 0.0000000000000000000 ) ) ;
#873 = EDGE_LOOP ( 'NONE', ( #2655, #3914, #238, #1953, #2223, #91, #1343, #2825, #2834, #5179 ) ) ;
#874 = VERTEX_POINT ( 'NONE', #3688 ) ;
#875 = DIRECTION ( 'NONE',  ( 1.000000000000000000, 0.0000000000000000000, 0.0000000000000000000 ) ) ;
#876 = CARTESIAN_POINT ( 'NONE',  ( 1.939455406587653000, 0.8000000241223718100, -13.31000000000000000 ) ) ;
#878 = ADVANCED_FACE ( 'NONE', ( #2383 ), #168, .T. ) ;
#877 = CARTESIAN_POINT ( 'NONE',  ( 1.544330722560901100, -0.4183809500377916300, -2.160000000000000100 ) ) ;
#879 = CARTESIAN_POINT ( 'NONE',  ( 1.130000000000000300, 0.01999999999999605600, -6.900000000000001200 ) ) ;
#880 = CARTESIAN_POINT ( 'NONE',  ( -0.8275779914797556400, 0.0000000000000000000, -10.69000000000000000 ) ) ;
#881 = DIRECTION ( 'NONE',  ( -1.000000000000000000, 0.0000000000000000000, 0.0000000000000000000 ) ) ;
#882 = ORIENTED_EDGE ( 'NONE', *, *, #2198, .T. ) ;
#883 = ORIENTED_EDGE ( 'NONE', *, *, #4299, .F. ) ;
#884 = EDGE_CURVE ( 'NONE', #946, #81, #3617, .T. ) ;
#885 = CARTESIAN_POINT ( 'NONE',  ( 0.7980601481091488300, -0.7999999999999997100, -16.17000000000000200 ) ) ;
#886 = ORIENTED_EDGE ( 'NONE', *, *, #1486, .T. ) ;
#887 = ORIENTED_EDGE ( 'NONE', *, *, #5206, .F. ) ;
#888 = CIRCLE ( 'NONE', #142, 1.379999999999998800 ) ;
#889 = ORIENTED_EDGE ( 'NONE', *, *, #669, .F. ) ;
#890 = CARTESIAN_POINT ( 'NONE',  ( 0.8275779914797556400, 0.0000000000000000000, -10.69000000000000000 ) ) ;
#891 = VECTOR ( 'NONE', #53, 1000.000000000000000 ) ;
#892 = VERTEX_POINT ( 'NONE', #4929 ) ;
#893 = DIRECTION ( 'NONE',  ( 0.0000000000000000000, -1.000000000000000000, 0.0000000000000000000 ) ) ;
#894 = EDGE_CURVE ( 'NONE', #1474, #2275, #4438, .T. ) ;
#895 = CARTESIAN_POINT ( 'NONE',  ( -0.1454806152426244000, 1.662851041261223200, -10.53394876013278000 ) ) ;
#896 = ORIENTED_EDGE ( 'NONE', *, *, #823, .T. ) ;
#897 = CARTESIAN_POINT ( 'NONE',  ( -5.200000000000001100, -0.8000000000000000400, -13.57000000000000000 ) ) ;
#898 = CARTESIAN_POINT ( 'NONE',  ( -1.126136647085334200, -0.2180955518299461900, -2.806906903000775600 ) ) ;
#899 = CARTESIAN_POINT ( 'NONE',  ( 0.0000000000000000000, 0.0000000000000000000, 0.0000000000000000000 ) ) ;
#900 = EDGE_CURVE ( 'NONE', #104, #4233, #1298, .T. ) ;
#901 = CARTESIAN_POINT ( 'NONE',  ( 0.0000000000000000000, 0.0000000000000000000, -3.800000000000000700 ) ) ;
#902 = CARTESIAN_POINT ( 'NONE',  ( -1.073681690390445100, -0.2598625642574751100, -5.500000000000000000 ) ) ;
#903 = B_SPLINE_CURVE_WITH_KNOTS ( 'NONE', 3,
 ( #2717, #2733, #3149, #666 ),
 .UNSPECIFIED., .F., .F.,
 ( 4, 4 ),
 ( 0.9287245450964991500, 0.9992167182441357200 ),
 .UNSPECIFIED. ) ;
#904 = ORIENTED_EDGE ( 'NONE', *, *, #761, .F. ) ;
#905 = CARTESIAN_POINT ( 'NONE',  ( 1.805000000000000200, -0.2300000000000062800, -10.10000000000000100 ) ) ;
#906 = EDGE_CURVE ( 'NONE', #4858, #315, #3497, .T. ) ;
#907 = ADVANCED_FACE ( 'NONE', ( #2256 ), #1029, .T. ) ;
#908 = DIRECTION ( 'NONE',  ( 0.0000000000000000000, -1.000000000000000000, 0.0000000000000000000 ) ) ;
#909 = VERTEX_POINT ( 'NONE', #3148 ) ;
#910 = EDGE_CURVE ( 'NONE', #1980, #3441, #2156, .T. ) ;
#911 = CARTESIAN_POINT ( 'NONE',  ( -1.130000000000001200, 0.0000000000000000000, -12.06000000000001500 ) ) ;
#912 = DIRECTION ( 'NONE',  ( 1.000000000000000000, 0.0000000000000000000, 0.0000000000000000000 ) ) ;
#913 = CARTESIAN_POINT ( 'NONE',  ( -1.291656469002364200, -0.2463810663792481700, -2.813618669642140800 ) ) ;
#914 = DIRECTION ( 'NONE',  ( -0.0000000000000000000, -0.0000000000000000000, -1.000000000000000000 ) ) ;
#915 = VECTOR ( 'NONE', #1229, 1000.000000000000000 ) ;
#916 = VECTOR ( 'NONE', #4507, 1000.000000000000000 ) ;
#917 = ORIENTED_EDGE ( 'NONE', *, *, #4505, .F. ) ;
#918 = VERTEX_POINT ( 'NONE', #4360 ) ;
#919 = CARTESIAN_POINT ( 'NONE',  ( -1.805000000000002200, -0.2299999999999936800, -10.10000000000000100 ) ) ;
#920 = EDGE_CURVE ( 'NONE', #195, #1313, #1928, .T. ) ;
#921 = LINE ( 'NONE', #4974, #2005 ) ;
#922 = CARTESIAN_POINT ( 'NONE',  ( 0.7980601481091488300, -0.7999999999999997100, -16.17000000000000200 ) ) ;
#923 = ORIENTED_EDGE ( 'NONE', *, *, #677, .T. ) ;
#924 = B_SPLINE_CURVE_WITH_KNOTS ( 'NONE', 3,
 ( #4917, #313, #365, #3275, #805, #3694 ),
 .UNSPECIFIED., .F., .F.,
 ( 4, 2, 4 ),
 ( 0.0000000000000000000, 0.0002226649097396041500, 0.0004453298194792082900 ),
 .UNSPECIFIED. ) ;
#925 = CARTESIAN_POINT ( 'NONE',  ( -1.206881286740565200, 0.6414089355412463400, -15.71333333333333300 ) ) ;
#926 = DIRECTION ( 'NONE',  ( -0.0000000000000000000, -0.0000000000000000000, -1.000000000000000000 ) ) ;
#928 = ADVANCED_FACE ( 'NONE', ( #1157 ), #685, .T. ) ;
#927 = PLANE ( 'NONE',  #1126 ) ;
#929 = CARTESIAN_POINT ( 'NONE',  ( 1.129999999999999900, 0.01999999999999605600, -10.10000000000000100 ) ) ;
#930 = CARTESIAN_POINT ( 'NONE',  ( -0.09848598930484624100, 1.125700008843672800, -20.87000000000000100 ) ) ;
#931 = DIRECTION ( 'NONE',  ( -1.000000000000000000, -0.0000000000000000000, 0.0000000000000000000 ) ) ;
#932 = CIRCLE ( 'NONE', #2776, 0.2000000000000000900 ) ;
#933 = EDGE_LOOP ( 'NONE', ( #4371, #5331, #3119, #591 ) ) ;
#934 = VERTEX_POINT ( 'NONE', #1075 ) ;
#935 = CARTESIAN_POINT ( 'NONE',  ( -1.785632397961040700, -0.4837529734811974500, -2.160000000000000100 ) ) ;
#936 = LINE ( 'NONE', #2553, #4312 ) ;
#937 = AXIS2_PLACEMENT_3D ( 'NONE', #1210, #4119, #1641 ) ;
#938 = AXIS2_PLACEMENT_3D ( 'NONE', #4911, #2430, #5311 ) ;
#939 = EDGE_CURVE ( 'NONE', #4113, #1005, #5147, .T. ) ;
#940 = EDGE_CURVE ( 'NONE', #1214, #4093, #3108, .T. ) ;
#941 = DIRECTION ( 'NONE',  ( -0.9961946980917461000, 0.08715574274765156000, 0.0000000000000000000 ) ) ;
#942 = CARTESIAN_POINT ( 'NONE',  ( 0.0000000000000000000, 0.0000000000000000000, -16.17000000000000200 ) ) ;
#943 = SURFACE_SIDE_STYLE ('',( #66 ) ) ;
#944 = DIRECTION ( 'NONE',  ( 1.000000000000000000, 0.0000000000000000000, 0.0000000000000000000 ) ) ;
#945 = ORIENTED_EDGE ( 'NONE', *, *, #33, .T. ) ;
#946 = VERTEX_POINT ( 'NONE', #3593 ) ;
#947 = CARTESIAN_POINT ( 'NONE',  ( -1.379999999999999400, 0.0000000000000000000, -12.82000000000000000 ) ) ;
#948 = FACE_OUTER_BOUND ( 'NONE', #809, .T. ) ;
#949 = DIRECTION ( 'NONE',  ( -0.0000000000000000000, 0.0000000000000000000, 1.000000000000000000 ) ) ;
#950 = CARTESIAN_POINT ( 'NONE',  ( 0.7262936908488710800, 1.560422379042738500, -10.69708705619150600 ) ) ;
#951 = LINE ( 'NONE', #4902, #2174 ) ;
#952 = ORIENTED_EDGE ( 'NONE', *, *, #2459, .F. ) ;
#953 = CIRCLE ( 'NONE', #3129, 1.129999999999999700 ) ;
#954 = ORIENTED_EDGE ( 'NONE', *, *, #4216, .F. ) ;
#955 = CARTESIAN_POINT ( 'NONE',  ( -0.9399800422097474000, -0.1376136630112044200, -3.049999999999999800 ) ) ;
#956 = AXIS2_PLACEMENT_3D ( 'NONE', #905, #1293, #4202 ) ;
#957 = FACE_OUTER_BOUND ( 'NONE', #5172, .T. ) ;
#958 = CARTESIAN_POINT ( 'NONE',  ( -1.379999999999999400, 0.0000000000000000000, -15.71333333333333300 ) ) ;
#959 = ORIENTED_EDGE ( 'NONE', *, *, #4962, .T. ) ;
#960 = CARTESIAN_POINT ( 'NONE',  ( 0.0000000000000000000, 0.0000000000000000000, -21.96999999999999900 ) ) ;
#961 = VERTEX_POINT ( 'NONE', #3177 ) ;
#962 = CARTESIAN_POINT ( 'NONE',  ( -1.257758094408550900, 0.9974845786978674400, -4.800000000000000700 ) ) ;
#963 = DIRECTION ( 'NONE',  ( -0.1448564873802154200, 0.9894526760102604300, 0.0000000000000000000 ) ) ;
#964 = PLANE ( 'NONE',  #182 ) ;
#965 = DIRECTION ( 'NONE',  ( 1.000000000000000000, 0.0000000000000000000, 0.0000000000000000000 ) ) ;
#966 = ORIENTED_EDGE ( 'NONE', *, *, #1414, .F. ) ;
#967 = DIRECTION ( 'NONE',  ( 3.491998357141312700E-015, 1.000000000000000000, 0.0000000000000000000 ) ) ;
#968 = AXIS2_PLACEMENT_3D ( 'NONE', #4876, #2394, #5283 ) ;
#969 = AXIS2_PLACEMENT_3D ( 'NONE', #2986, #1302, #4211 ) ;
#970 = DIRECTION ( 'NONE',  ( 1.000000000000000000, 0.0000000000000000000, -0.0000000000000000000 ) ) ;
#971 = CARTESIAN_POINT ( 'NONE',  ( -1.391177976026615400, 0.8429210161796811800, -12.06000000000000200 ) ) ;
#972 = LINE ( 'NONE', #2078, #101 ) ;
#973 = ORIENTED_EDGE ( 'NONE', *, *, #4351, .F. ) ;
#974 = ORIENTED_EDGE ( 'NONE', *, *, #587, .F. ) ;
#975 = CARTESIAN_POINT ( 'NONE',  ( 2.016750096073986600, 0.6913569880315039200, -13.30999999999999900 ) ) ;
#976 = CIRCLE ( 'NONE', #1389, 1.379999999999999700 ) ;
#977 = VECTOR ( 'NONE', #4642, 1000.000000000000000 ) ;
#978 = DIRECTION ( 'NONE',  ( 1.000000000000000000, 3.491481338843133400E-015, -0.0000000000000000000 ) ) ;
#979 = CARTESIAN_POINT ( 'NONE',  ( 0.7657326266550817900, 1.499371561694978300, -10.61197438007002500 ) ) ;
#980 = EDGE_CURVE ( 'NONE', #1112, #3011, #4307, .T. ) ;
#981 = DIRECTION ( 'NONE',  ( 1.000000000000000000, 0.0000000000000000000, 0.0000000000000000000 ) ) ;
#982 = EDGE_CURVE ( 'NONE', #1795, #145, #3235, .T. ) ;
#983 = VERTEX_POINT ( 'NONE', #287 ) ;
#984 = EDGE_CURVE ( 'NONE', #5239, #1084, #2018, .T. ) ;
#985 = CARTESIAN_POINT ( 'NONE',  ( -0.8633712349872195700, 1.662881603136711100, -10.61197441449122400 ) ) ;
#986 = B_SPLINE_CURVE_WITH_KNOTS ( 'NONE', 3,
 ( #4414, #1535, #2368, #5264 ),
 .UNSPECIFIED., .F., .F.,
 ( 4, 4 ),
 ( 0.0000000000000000000, 0.0009331175544233376600 ),
 .UNSPECIFIED. ) ;
#987 = B_SPLINE_CURVE_WITH_KNOTS ( 'NONE', 3,
 ( #232, #3154, #1492, #4373 ),
 .UNSPECIFIED., .F., .F.,
 ( 4, 4 ),
 ( 0.0000000000000000000, 0.0009307405443746094100 ),
 .UNSPECIFIED. ) ;
#988 = EDGE_CURVE ( 'NONE', #1496, #4067, #2511, .T. ) ;
#989 = VECTOR ( 'NONE', #4525, 1000.000000000000100 ) ;
#990 = CARTESIAN_POINT ( 'NONE',  ( 0.1323509402772590200, 1.512778169688829200, -12.06000000000000600 ) ) ;
#991 = EDGE_LOOP ( 'NONE', ( #4895, #3105, #1172, #4888 ) ) ;
#992 = CARTESIAN_POINT ( 'NONE',  ( 0.9771355316133613100, 0.5869905704856193100, -16.16999999999999800 ) ) ;
#993 = VERTEX_POINT ( 'NONE', #2379 ) ;
#994 = ORIENTED_EDGE ( 'NONE', *, *, #1192, .F. ) ;
#995 = ORIENTED_EDGE ( 'NONE', *, *, #5342, .T. ) ;
#996 = CARTESIAN_POINT ( 'NONE',  ( 1.613060155066333900, -0.7999999999999998200, -13.31000000000000000 ) ) ;
#997 = ORIENTED_EDGE ( 'NONE', *, *, #3951, .T. ) ;
#998 = ORIENTED_EDGE ( 'NONE', *, *, #1749, .F. ) ;
#999 = VECTOR ( 'NONE', #241, 1000.000000000000000 ) ;
#1000 = VERTEX_POINT ( 'NONE', #3999 ) ;
#1001 = PLANE ( 'NONE',  #4437 ) ;
#1002 = VECTOR ( 'NONE', #3008, 1000.000000000000000 ) ;
#1003 = ORIENTED_EDGE ( 'NONE', *, *, #2996, .F. ) ;
#1004 = CARTESIAN_POINT ( 'NONE',  ( 1.129999999999999700, 0.0000000000000000000, -16.17000000000000200 ) ) ;
#1005 = VERTEX_POINT ( 'NONE', #5271 ) ;
#1006 =( BOUNDED_CURVE ( )  B_SPLINE_CURVE ( 3, ( #3199, #286, #2788, #3612 ),
 .UNSPECIFIED., .F., .F. ) 
 B_SPLINE_CURVE_WITH_KNOTS ( ( 4, 4 ),
 ( 1.286443132189230500, 1.570796326794896600 ),
 .UNSPECIFIED. ) 
 CURVE ( )  GEOMETRIC_REPRESENTATION_ITEM ( )  RATIONAL_B_SPLINE_CURVE ( ( 1.000000000000000000, 0.9932732811164957100, 0.9932732811164957100, 1.000000000000000000 ) ) 
 REPRESENTATION_ITEM ( '' )  );
#1007 = ADVANCED_FACE ( 'NONE', ( #1881 ), #2817, .F. ) ;
#1008 = EDGE_LOOP ( 'NONE', ( #3466, #395, #3518, #177 ) ) ;
#1009 = EDGE_CURVE ( 'NONE', #1768, #3850, #932, .T. ) ;
#1010 = B_SPLINE_CURVE_WITH_KNOTS ( 'NONE', 3,
 ( #5073, #2172, #2590, #88, #3024, #519, #3425, #950, #3847, #1340 ),
 .UNSPECIFIED., .F., .F.,
 ( 4, 2, 2, 2, 4 ),
 ( 7.601556304727085900E-017, 0.0002141445173061955100, 0.0004282890346123150100, 0.0006424335519184347600, 0.0008565780692245544600 ),
 .UNSPECIFIED. ) ;
#1011 = DIRECTION ( 'NONE',  ( -0.0000000000000000000, -0.0000000000000000000, -1.000000000000000000 ) ) ;
#1012 = DIRECTION ( 'NONE',  ( -0.0000000000000000000, -0.0000000000000000000, 1.000000000000000000 ) ) ;
#1013 = CARTESIAN_POINT ( 'NONE',  ( -1.379999999999999700, 4.818244247603522600E-015, -6.099999999999999600 ) ) ;
#1014 = CARTESIAN_POINT ( 'NONE',  ( 0.9519805427103168500, -0.05564337953619118100, -3.049999999999999800 ) ) ;
#1015 = PRODUCT_DEFINITION_SHAPE ( 'NONE', 'NONE',  #2421 ) ;
#1016 = EDGE_CURVE ( 'NONE', #5131, #24, #4090, .T. ) ;
#1017 = EDGE_CURVE ( 'NONE', #4634, #27, #794, .T. ) ;
#1018 = LINE ( 'NONE', #1146, #5275 ) ;
#1019 = LINE ( 'NONE', #5262, #46 ) ;
#1020 = ORIENTED_EDGE ( 'NONE', *, *, #47, .T. ) ;
#1021 = FACE_OUTER_BOUND ( 'NONE', #3562, .T. ) ;
#1022 = ORIENTED_EDGE ( 'NONE', *, *, #5212, .F. ) ;
#1023 = CARTESIAN_POINT ( 'NONE',  ( -0.4921769075863433000, 1.085802319828339700, -16.17000000000000200 ) ) ;
#1024 = CARTESIAN_POINT ( 'NONE',  ( -1.185329850718443300, 0.5027582406927372200, -3.200000000000000200 ) ) ;
#1025 = ADVANCED_FACE ( 'NONE', ( #1781 ), #3668, .F. ) ;
#1026 = CARTESIAN_POINT ( 'NONE',  ( -1.250000000000000200, 1.980000000000000000, -3.549999999999999800 ) ) ;
#1027 = AXIS2_PLACEMENT_3D ( 'NONE', #801, #359, #1597 ) ;
#1028 = MECHANICAL_DESIGN_GEOMETRIC_PRESENTATION_REPRESENTATION (  '', ( #488 ), #1317 ) ;
#1029 = CYLINDRICAL_SURFACE ( 'NONE', #1947, 1.099999999999999600 ) ;
#1030 =( BOUNDED_CURVE ( )  B_SPLINE_CURVE ( 3, ( #1026, #1870, #3110, #626 ),
 .UNSPECIFIED., .F., .F. ) 
 B_SPLINE_CURVE_WITH_KNOTS ( ( 4, 4 ),
 ( 3.141592653589793100, 4.712388980384689700 ),
 .UNSPECIFIED. ) 
 CURVE ( )  GEOMETRIC_REPRESENTATION_ITEM ( )  RATIONAL_B_SPLINE_CURVE ( ( 1.000000000000000000, 0.8047378541243649400, 0.8047378541243649400, 1.000000000000000000 ) ) 
 REPRESENTATION_ITEM ( '' )  );
#1031 = ORIENTED_EDGE ( 'NONE', *, *, #412, .T. ) ;
#1032 = VECTOR ( 'NONE', #405, 1000.000000000000000 ) ;
#1033 = EDGE_CURVE ( 'NONE', #521, #135, #638, .T. ) ;
#1034 = APPLICATION_PROTOCOL_DEFINITION ( 'draft international standard', 'automotive_design', 1998, #1437 ) ;
#1035 = ORIENTED_EDGE ( 'NONE', *, *, #3634, .F. ) ;
#1036 = DIRECTION ( 'NONE',  ( 1.000000000000000000, 0.0000000000000000000, 0.0000000000000000000 ) ) ;
#1037 = ORIENTED_EDGE ( 'NONE', *, *, #115, .F. ) ;
#1038 = PLANE ( 'NONE',  #3604 ) ;
#1039 = ORIENTED_EDGE ( 'NONE', *, *, #2187, .F. ) ;
#1040 = LINE ( 'NONE', #2436, #2170 ) ;
#1041 = LINE ( 'NONE', #2832, #4238 ) ;
#1042 = DIRECTION ( 'NONE',  ( 0.0000000000000000000, 0.0000000000000000000, 1.000000000000000000 ) ) ;
#1043 = ADVANCED_FACE ( 'NONE', ( #3849 ), #1578, .F. ) ;
#1044 = CARTESIAN_POINT ( 'NONE',  ( -0.8910877679679264400, 0.7999999999999424200, -15.94011904803888100 ) ) ;
#1045 = ORIENTED_EDGE ( 'NONE', *, *, #5099, .F. ) ;
#1046 = LINE ( 'NONE', #3976, #5322 ) ;
#1047 = CARTESIAN_POINT ( 'NONE',  ( 1.257758094408550900, 0.9974845786978674400, -4.800000000000000700 ) ) ;
#1048 = CIRCLE ( 'NONE', #4522, 1.579999999999999800 ) ;
#1049 = EDGE_CURVE ( 'NONE', #2220, #203, #2715, .T. ) ;
#1050 = PRODUCT_CONTEXT ( 'NONE', #1437, 'mechanical' ) ;
#1051 = VERTEX_POINT ( 'NONE', #360 ) ;
#1052 = ORIENTED_EDGE ( 'NONE', *, *, #4482, .F. ) ;
#1053 = EDGE_CURVE ( 'NONE', #1369, #106, #5074, .T. ) ;
#1054 = DIRECTION ( 'NONE',  ( 1.000000000000000000, 0.0000000000000000000, 0.0000000000000000000 ) ) ;
#1055 = EDGE_CURVE ( 'NONE', #2180, #3566, #4200, .T. ) ;
#1056 = ORIENTED_EDGE ( 'NONE', *, *, #2281, .T. ) ;
#1057 = CARTESIAN_POINT ( 'NONE',  ( 1.429464627884892100, 1.480000000000000000, -6.099999999999999600 ) ) ;
#1058 = B_SPLINE_CURVE_WITH_KNOTS ( 'NONE', 3,
 ( #1709, #1308, #67, #3009 ),
 .UNSPECIFIED., .F., .F.,
 ( 4, 4 ),
 ( 0.0000000000000000000, 0.4043571346140229000 ),
 .UNSPECIFIED. ) ;
#1059 = EDGE_CURVE ( 'NONE', #4511, #1587, #571, .T. ) ;
#1060 = CARTESIAN_POINT ( 'NONE',  ( 1.130000093274958100, 8.251124302066489700E-007, -10.54287140684729400 ) ) ;
#1061 = FACE_OUTER_BOUND ( 'NONE', #4407, .T. ) ;
#1062 = FACE_OUTER_BOUND ( 'NONE', #155, .T. ) ;
#1063 = VERTEX_POINT ( 'NONE', #4069 ) ;
#1064 = ORIENTED_EDGE ( 'NONE', *, *, #4037, .F. ) ;
#1065 = ADVANCED_FACE ( 'NONE', ( #2608 ), #1611, .T. ) ;
#1066 = DIRECTION ( 'NONE',  ( -1.000000000000000000, 9.757819552369541500E-015, 0.0000000000000000000 ) ) ;
#1067 = VECTOR ( 'NONE', #3386, 1000.000000000000000 ) ;
#1068 = VECTOR ( 'NONE', #3042, 1000.000000000000000 ) ;
#1069 = AXIS2_PLACEMENT_3D ( 'NONE', #1677, #2504, #4150 ) ;
#1070 = AXIS2_PLACEMENT_3D ( 'NONE', #1645, #2066, #4946 ) ;
#1071 = DIRECTION ( 'NONE',  ( -2.032879073410321300E-016, -0.0000000000000000000, -1.000000000000000000 ) ) ;
#1072 = EDGE_CURVE ( 'NONE', #4746, #442, #526, .T. ) ;
#1073 = EDGE_CURVE ( 'NONE', #5087, #4783, #4765, .T. ) ;
#1074 = VERTEX_POINT ( 'NONE', #2875 ) ;
#1075 = CARTESIAN_POINT ( 'NONE',  ( 0.1202749249917591500, 1.374748683366609400, -20.87000000000000100 ) ) ;
#1076 = ORIENTED_EDGE ( 'NONE', *, *, #3480, .F. ) ;
#1077 = CARTESIAN_POINT ( 'NONE',  ( 1.635652015457607500, -0.4564084607364459800, -2.160000000001159200 ) ) ;
#1078 = DIRECTION ( 'NONE',  ( -0.0000000000000000000, -0.0000000000000000000, -1.000000000000000000 ) ) ;
#1079 = DIRECTION ( 'NONE',  ( -1.000000000000000000, 0.0000000000000000000, 0.0000000000000000000 ) ) ;
#1080 = LINE ( 'NONE', #3656, #3 ) ;
#1081 = SURFACE_STYLE_FILL_AREA ( #4324 ) ;
#1082 = B_SPLINE_CURVE_WITH_KNOTS ( 'NONE', 3,
 ( #379, #817, #4944, #2466 ),
 .UNSPECIFIED., .F., .F.,
 ( 4, 4 ),
 ( 1.084202172485504400E-019, 0.0001185672554671015300 ),
 .UNSPECIFIED. ) ;
#1083 = CARTESIAN_POINT ( 'NONE',  ( 0.0000000000000000000, 0.0000000000000000000, -3.049999999999999800 ) ) ;
#1084 = VERTEX_POINT ( 'NONE', #1206 ) ;
#1085 = ORIENTED_EDGE ( 'NONE', *, *, #2105, .F. ) ;
#1086 = CARTESIAN_POINT ( 'NONE',  ( -0.09848598930484624100, 1.125700008843672800, -16.17000000000000200 ) ) ;
#1087 = CARTESIAN_POINT ( 'NONE',  ( 1.356703362009577000, 0.9829989299598460600, -4.800000000000000700 ) ) ;
#1088 = DIRECTION ( 'NONE',  ( 1.000000000000000000, 0.0000000000000000000, 0.0000000000000000000 ) ) ;
#1089 = ADVANCED_FACE ( 'NONE', ( #4650 ), #5320, .T. ) ;
#1090 = DIRECTION ( 'NONE',  ( -0.9719379013633128200, -0.2352375733029890300, 0.0000000000000000000 ) ) ;
#1091 = ORIENTED_EDGE ( 'NONE', *, *, #2547, .T. ) ;
#1092 = ORIENTED_EDGE ( 'NONE', *, *, #3541, .F. ) ;
#1093 = CARTESIAN_POINT ( 'NONE',  ( -0.5630002199303877400, 1.685182135035347300, -10.76062157269566600 ) ) ;
#1094 = CARTESIAN_POINT ( 'NONE',  ( -1.540798443042913600, -0.05685278799239236500, -2.160000000000000600 ) ) ;
#1095 = ORIENTED_EDGE ( 'NONE', *, *, #4773, .T. ) ;
#1096 = AXIS2_PLACEMENT_3D ( 'NONE', #2889, #380, #3290 ) ;
#1097 = VERTEX_POINT ( 'NONE', #2055 ) ;
#1098 = ORIENTED_EDGE ( 'NONE', *, *, #3183, .F. ) ;
#1099 = CIRCLE ( 'NONE', #3060, 1.379999999999999700 ) ;
#1100 = CARTESIAN_POINT ( 'NONE',  ( -1.124455423749646200, -0.8000000000000018200, -1.000802005371237100E-016 ) ) ;
#1101 = ORIENTED_EDGE ( 'NONE', *, *, #2133, .F. ) ;
#1102 = CARTESIAN_POINT ( 'NONE',  ( -1.129999999999999400, 0.0000000000000000000, -12.82000000000000000 ) ) ;
#1103 = LINE ( 'NONE', #2137, #3086 ) ;
#1104 = VERTEX_POINT ( 'NONE', #4499 ) ;
#1105 = CARTESIAN_POINT ( 'NONE',  ( -1.166325481635974900, -0.2822850879635867000, -5.500000000000000000 ) ) ;
#1106 = DIRECTION ( 'NONE',  ( -0.1448564873802154200, 0.9894526760102604300, 0.0000000000000000000 ) ) ;
#1107 = CARTESIAN_POINT ( 'NONE',  ( -1.129999999999999900, 0.02000000000000394900, -10.10000000000000100 ) ) ;
#1108 = ORIENTED_EDGE ( 'NONE', *, *, #3306, .F. ) ;
#1109 = CIRCLE ( 'NONE', #4618, 1.099999999999999600 ) ;
#1110 = CARTESIAN_POINT ( 'NONE',  ( 1.124455423749646700, -0.7999999999999997100, -16.17000000000000200 ) ) ;
#1111 = CARTESIAN_POINT ( 'NONE',  ( -1.131283753600889500, 0.9000000000000000200, -13.57000000000000000 ) ) ;
#1112 = VERTEX_POINT ( 'NONE', #387 ) ;
#1113 = DIRECTION ( 'NONE',  ( 1.000000000000000000, 0.0000000000000000000, 0.0000000000000000000 ) ) ;
#1114 = DIRECTION ( 'NONE',  ( -0.2614880937736202600, 0.9652067016005631000, 0.0000000000000000000 ) ) ;
#1115 = DIRECTION ( 'NONE',  ( 0.9719379013633129300, 0.2352375733029890000, -0.0000000000000000000 ) ) ;
#1116 = CARTESIAN_POINT ( 'NONE',  ( 2.346982496104735800E-008, 0.7999999672240242200, -2.252166559517938100E-016 ) ) ;
#1117 = ORIENTED_EDGE ( 'NONE', *, *, #1819, .F. ) ;
#1118 = B_SPLINE_CURVE_WITH_KNOTS ( 'NONE', 3,
 ( #4763, #1894, #4339, #5182, #2723, #214, #3138, #649 ),
 .UNSPECIFIED., .F., .F.,
 ( 4, 2, 2, 4 ),
 ( 0.0000000000000000000, 0.0002951546143454176900, 0.0004427319215181265400, 0.0005903092286908353800 ),
 .UNSPECIFIED. ) ;
#1119 = EDGE_CURVE ( 'NONE', #1366, #641, #3815, .T. ) ;
#1120 = CARTESIAN_POINT ( 'NONE',  ( -1.355977003870252800, 0.2936944300331170700, -16.17000000000000200 ) ) ;
#1121 = B_SPLINE_CURVE_WITH_KNOTS ( 'NONE', 3,
 ( #1236, #3732, #4539, #2087 ),
 .UNSPECIFIED., .F., .F.,
 ( 4, 4 ),
 ( 0.0000000000000000000, 0.0002485321994790476900 ),
 .UNSPECIFIED. ) ;
#1122 = ADVANCED_FACE ( 'NONE', ( #3543 ), #2072, .T. ) ;
#1123 = PLANE ( 'NONE',  #676 ) ;
#1124 = DIRECTION ( 'NONE',  ( 2.168404344971007700E-015, 1.000000000000000000, -0.0000000000000000000 ) ) ;
#1125 = CARTESIAN_POINT ( 'NONE',  ( 0.7186016078971703100, 0.9728245814922554800, -16.17000000000000200 ) ) ;
#1126 = AXIS2_PLACEMENT_3D ( 'NONE', #3363, #3825, #1323 ) ;
#1127 = CARTESIAN_POINT ( 'NONE',  ( 1.308209824139148700, -0.3086846657188339600, -2.507724601672086400 ) ) ;
#1128 = EDGE_CURVE ( 'NONE', #4177, #993, #1631, .T. ) ;
#1129 = CARTESIAN_POINT ( 'NONE',  ( 1.379999999999999400, 0.0000000000000000000, -15.71333333333333300 ) ) ;
#1130 = VERTEX_POINT ( 'NONE', #404 ) ;
#1131 = CARTESIAN_POINT ( 'NONE',  ( 1.129999999999999900, -2.702127977345012500E-015, -10.62333437382706700 ) ) ;
#1132 = CARTESIAN_POINT ( 'NONE',  ( -1.096348501456461800, -0.3120444524976049300, -16.17000000000000200 ) ) ;
#1133 = EDGE_CURVE ( 'NONE', #2617, #4460, #1357, .T. ) ;
#1134 = CARTESIAN_POINT ( 'NONE',  ( 0.9296487893583722500, 0.9000000000000000200, -13.07002237772016400 ) ) ;
#1135 = LINE ( 'NONE', #2372, #2243 ) ;
#1136 = VECTOR ( 'NONE', #2323, 1000.000000000000000 ) ;
#1137 = DIRECTION ( 'NONE',  ( -1.000000000000000000, 0.0000000000000000000, 0.0000000000000000000 ) ) ;
#1138 = B_SPLINE_SURFACE_WITH_KNOTS ( 'NONE', 3, 1, ( 
 ( #1945, #4005 ),
 ( #268, #3188 ),
 ( #707, #3602 ),
 ( #1120, #4024 ),
 ( #1532, #4406 ),
 ( #1971, #4840 ),
 ( #2363, #5258 ),
 ( #2799, #293 ),
 ( #3204, #737 ),
 ( #3620, #1139 ) ),
 .UNSPECIFIED., .F., .F., .F.,
 ( 4, 2, 2, 2, 4 ),
 ( 2, 2 ),
 ( 0.0000000000000000000, 0.2500000000000000000, 0.5000000000000000000, 0.7500000000000000000, 1.000000000000000000 ),
 ( 0.0000000000000000000, 1.000000000000000000 ),
 .UNSPECIFIED. ) ;
#1139 = CARTESIAN_POINT ( 'NONE',  ( -1.939455423749647700, -0.7999999999999997100, -13.31000000000000000 ) ) ;
#1140 = EDGE_CURVE ( 'NONE', #1742, #3648, #1463, .T. ) ;
#1141 = VECTOR ( 'NONE', #383, 1000.000000000000000 ) ;
#1142 = CARTESIAN_POINT ( 'NONE',  ( -2.657396786072799400E-016, -0.8000000000000020400, -1.060538509484523900E-016 ) ) ;
#1143 = CARTESIAN_POINT ( 'NONE',  ( 1.046135746449761400, -0.9000000000000000200, 0.0000000000000000000 ) ) ;
#1144 = ORIENTED_EDGE ( 'NONE', *, *, #3094, .F. ) ;
#1145 = CARTESIAN_POINT ( 'NONE',  ( 1.545256470341154900, -0.3592336668339649000, -2.517577205672525900 ) ) ;
#1146 = CARTESIAN_POINT ( 'NONE',  ( -0.7980601574949717200, 0.7999999906369366100, -16.17000000000000200 ) ) ;
#1147 = CARTESIAN_POINT ( 'NONE',  ( 1.676523644212516900, -0.08664967208765787800, -2.160000000000000100 ) ) ;
#1148 = EDGE_CURVE ( 'NONE', #2636, #1301, #2463, .T. ) ;
#1149 = CARTESIAN_POINT ( 'NONE',  ( -0.7980601574949717200, 0.7999999906369366100, -16.17000000000000200 ) ) ;
#1150 = CARTESIAN_POINT ( 'NONE',  ( 1.391177976026615400, 0.8429210161796811800, -12.06000000000000200 ) ) ;
#1151 = CARTESIAN_POINT ( 'NONE',  ( 1.129999999999999900, 0.0000000000000000000, -11.14666666666666800 ) ) ;
#1152 = CARTESIAN_POINT ( 'NONE',  ( -0.6581280284679177400, 7.522437787302082200, -3.976490914214800400 ) ) ;
#1153 = ADVANCED_FACE ( 'NONE', ( #3872 ), #426, .T. ) ;
#1154 = CARTESIAN_POINT ( 'NONE',  ( -1.613060140484152700, 0.8000000145468214600, -13.31000000000000000 ) ) ;
#1155 = CARTESIAN_POINT ( 'NONE',  ( -1.790880499975515500, -0.3078159040724630100, -2.213730206845514500 ) ) ;
#1157 = FACE_OUTER_BOUND ( 'NONE', #3827, .T. ) ;
#1156 = CARTESIAN_POINT ( 'NONE',  ( 0.7343639276213423900, 1.294511260449007700, -10.69569888643583000 ) ) ;
#1158 = CARTESIAN_POINT ( 'NONE',  ( -0.3281037880933588800, 1.782112582192533900, -11.16707577369845200 ) ) ;
#1159 = DIRECTION ( 'NONE',  ( 0.0000000000000000000, 0.0000000000000000000, 1.000000000000000000 ) ) ;
#1160 = CARTESIAN_POINT ( 'NONE',  ( 0.8275779853652182000, 1.180770713494844900, -10.68999999999999800 ) ) ;
#1161 = ORIENTED_EDGE ( 'NONE', *, *, #611, .T. ) ;
#1162 = EDGE_CURVE ( 'NONE', #5052, #1319, #1667, .T. ) ;
#1163 = CYLINDRICAL_SURFACE ( 'NONE', #3848, 0.2999999999999999300 ) ;
#1164 = LINE ( 'NONE', #3859, #1787 ) ;
#1165 =( BOUNDED_SURFACE ( )  B_SPLINE_SURFACE ( 3, 1, ( 
 ( #1688, #2102 ),
 ( #14, #2947 ),
 ( #432, #3353 ),
 ( #877, #3770 ) ),
 .UNSPECIFIED., .F., .F., .T. ) 
 B_SPLINE_SURFACE_WITH_KNOTS ( ( 4, 4 ),
 ( 2, 2 ),
 ( 0.0000000000000000000, 1.000000000000000000 ),
 ( 0.0000000000000000000, 1.000000000000000000 ),
 .UNSPECIFIED. ) 
 GEOMETRIC_REPRESENTATION_ITEM ( )  RATIONAL_B_SPLINE_SURFACE ( (
 ( 1.000000000000000000, 1.000000000000000000),
 ( 0.5076587291824133900, 0.4299043249201435800),
 ( 0.5076587291824133900, 0.4299043249201435800),
 ( 1.000000000000000000, 1.000000000000000000) ) ) 
 REPRESENTATION_ITEM ( '' )  SURFACE ( )  );
#1166 = CARTESIAN_POINT ( 'NONE',  ( -0.2138333454774156400, 1.343972184663578400, -13.65680596329934600 ) ) ;
#1167 = CARTESIAN_POINT ( 'NONE',  ( -1.383606975930290900, 0.3278965001121009200, -12.81999999999999900 ) ) ;
#1168 = DIRECTION ( 'NONE',  ( -0.0000000000000000000, 0.0000000000000000000, 1.000000000000000000 ) ) ;
#1169 = DIRECTION ( 'NONE',  ( 0.0000000000000000000, -1.000000000000000000, -1.251002506714043500E-016 ) ) ;
#1170 = CARTESIAN_POINT ( 'NONE',  ( 1.379999999999999700, 4.818244247603522600E-015, -10.48999999999999800 ) ) ;
#1171 = CARTESIAN_POINT ( 'NONE',  ( -1.385623986682120500, -0.3252661971275316300, -2.510963888377931500 ) ) ;
#1172 = ORIENTED_EDGE ( 'NONE', *, *, #1905, .T. ) ;
#1173 = CARTESIAN_POINT ( 'NONE',  ( 1.167455025361188800, 0.8000000000000000400, -14.46766017519403600 ) ) ;
#1174 = CARTESIAN_POINT ( 'NONE',  ( -1.212656683936378800, -0.1831616896345969500, -3.049999999992385500 ) ) ;
#1175 = DIRECTION ( 'NONE',  ( 1.000000000000000000, -0.0000000000000000000, -0.0000000000000000000 ) ) ;
#1176 = CARTESIAN_POINT ( 'NONE',  ( 0.8633712349872428900, 1.662881603136977100, -10.61197441448716600 ) ) ;
#1177 = DIRECTION ( 'NONE',  ( 0.0000000000000000000, 0.0000000000000000000, 1.000000000000000000 ) ) ;
#1178 = ORIENTED_EDGE ( 'NONE', *, *, #4049, .F. ) ;
#1179 = CARTESIAN_POINT ( 'NONE',  ( 0.8150000000000010600, 0.0000000000000000000, -13.31000000000000000 ) ) ;
#1180 = ORIENTED_EDGE ( 'NONE', *, *, #4351, .T. ) ;
#1181 = CARTESIAN_POINT ( 'NONE',  ( 0.0000000000000000000, 0.0000000000000000000, -16.17000000000000200 ) ) ;
#1182 = VECTOR ( 'NONE', #3257, 1000.000000000000000 ) ;
#1183 = LINE ( 'NONE', #4865, #4458 ) ;
#1184 = LINE ( 'NONE', #3935, #79 ) ;
#1185 = DIRECTION ( 'NONE',  ( -0.9894526760102604300, -0.1448564873802154500, 1.089205262999132900E-016 ) ) ;
#1186 = EDGE_LOOP ( 'NONE', ( #138, #4930, #3083, #2677 ) ) ;
#1187 = CYLINDRICAL_SURFACE ( 'NONE', #1461, 1.199999999999999700 ) ;
#1188 = AXIS2_PLACEMENT_3D ( 'NONE', #1618, #4922, #2439 ) ;
#1189 = AXIS2_PLACEMENT_3D ( 'NONE', #2401, #781, #3666 ) ;
#1190 = EDGE_CURVE ( 'NONE', #2525, #3930, #2739, .T. ) ;
#1191 = DIRECTION ( 'NONE',  ( -0.2614880937736202000, 0.9652067016005631000, -0.0000000000000000000 ) ) ;
#1192 = EDGE_CURVE ( 'NONE', #1867, #2914, #4789, .T. ) ;
#1193 = DIRECTION ( 'NONE',  ( -3.491481338843133400E-015, 1.000000000000000000, 0.0000000000000000000 ) ) ;
#1194 = DIRECTION ( 'NONE',  ( 1.000000000000000000, 0.0000000000000000000, 0.0000000000000000000 ) ) ;
#1195 = CARTESIAN_POINT ( 'NONE',  ( 0.0000000000000000000, 0.0000000000000000000, -4.200000000000000200 ) ) ;
#1196 = ORIENTED_EDGE ( 'NONE', *, *, #1247, .F. ) ;
#1197 = DIRECTION ( 'NONE',  ( -3.491481338843133400E-015, 1.000000000000000000, 0.0000000000000000000 ) ) ;
#1198 = ORIENTED_EDGE ( 'NONE', *, *, #4589, .T. ) ;
#1199 = CLOSED_SHELL ( 'NONE', ( #1265, #3116, #2166, #3337, #2263, #5051, #1231, #4726, #1420, #4203, #2065, #4956, #593, #3140, #166, #878, #3624, #2091, #2732, #3809, #2916, #2284, #4008, #5166, #1312, #846, #724, #2404, #3838, #1440, #4874, #3983, #4355, #3594, #1399, #2014, #1153, #295, #5151, #907, #4834, #261, #3159, #4616, #4153, #1065, #1852, #1287, #5238, #3088, #3669, #1043, #2125, #4802, #84, #9, #665, #1754, #4042, #3498, #1655, #211, #2983, #1525, #4701, #1599, #2714, #3779 ) ) ;
#1200 = CARTESIAN_POINT ( 'NONE',  ( 1.284275118319469400, 0.4882725919547156200, -3.200000000000000200 ) ) ;
#1201 = CARTESIAN_POINT ( 'NONE',  ( 1.072411882491595800, -0.2685360786181944500, -4.800000000000000700 ) ) ;
#1202 = CARTESIAN_POINT ( 'NONE',  ( 1.805000000000000200, -0.2300000000000062800, -10.10000000000000100 ) ) ;
#1203 = VERTEX_POINT ( 'NONE', #1275 ) ;
#1204 = PLANE ( 'NONE',  #4919 ) ;
#1205 = CARTESIAN_POINT ( 'NONE',  ( -1.222150451240082000, 0.06392557650760818900, -3.049999999999999800 ) ) ;
#1206 = CARTESIAN_POINT ( 'NONE',  ( -1.124455423749638200, -0.8000000000000008200, -15.02461290752993300 ) ) ;
#1207 = AXIS2_PLACEMENT_3D ( 'NONE', #3012, #499, #3411 ) ;
#1208 = CARTESIAN_POINT ( 'NONE',  ( 1.785632397961041300, -0.4837529734811965600, -2.160000000000000100 ) ) ;
#1209 = DIRECTION ( 'NONE',  ( -0.0000000000000000000, -0.0000000000000000000, 1.000000000000000000 ) ) ;
#1210 = CARTESIAN_POINT ( 'NONE',  ( 0.0000000000000000000, 0.0000000000000000000, -3.049999999999999800 ) ) ;
#1211 = VECTOR ( 'NONE', #3264, 1000.000000000000000 ) ;
#1212 = PLANE ( 'NONE',  #1070 ) ;
#1213 = ORIENTED_EDGE ( 'NONE', *, *, #4037, .T. ) ;
#1214 = VERTEX_POINT ( 'NONE', #446 ) ;
#1215 = CARTESIAN_POINT ( 'NONE',  ( -1.450000000000000200, 1.480000000000000000, -3.049999999999999800 ) ) ;
#1216 = CARTESIAN_POINT ( 'NONE',  ( 1.069131691499643600, -0.2587613306332878200, -3.049999999999999800 ) ) ;
#1217 = FACE_OUTER_BOUND ( 'NONE', #435, .T. ) ;
#1218 = VECTOR ( 'NONE', #914, 1000.000000000000000 ) ;
#1219 = CARTESIAN_POINT ( 'NONE',  ( 1.249999999999999600, 1.980000000000000000, -5.599999999999998800 ) ) ;
#1220 = ORIENTED_EDGE ( 'NONE', *, *, #4049, .T. ) ;
#1221 = AXIS2_PLACEMENT_3D ( 'NONE', #3606, #1124, #4031 ) ;
#1222 = CARTESIAN_POINT ( 'NONE',  ( -1.058788167546301800, 0.09332840547980474100, -3.049999999999999800 ) ) ;
#1223 = CARTESIAN_POINT ( 'NONE',  ( 1.379999999999999700, 0.0000000000000000000, -12.81999999999999900 ) ) ;
#1224 = CARTESIAN_POINT ( 'NONE',  ( 1.352926344394669100, -0.3432971790904798500, -10.20879910178307200 ) ) ;
#1225 = CARTESIAN_POINT ( 'NONE',  ( 1.249999999999999100, 1.979999999999999800, -5.892893218813451700 ) ) ;
#1226 = VECTOR ( 'NONE', #10, 1000.000000000000000 ) ;
#1227 = PLANE ( 'NONE',  #4646 ) ;
#1228 = CARTESIAN_POINT ( 'NONE',  ( 0.0000000000000000000, 0.0000000000000000000, -12.82000000000000000 ) ) ;
#1229 = DIRECTION ( 'NONE',  ( -0.1448564873802155300, -0.9894526760102604300, 0.0000000000000000000 ) ) ;
#1231 = ADVANCED_FACE ( 'NONE', ( #551 ), #3584, .T. ) ;
#1230 = CARTESIAN_POINT ( 'NONE',  ( -1.129999999999999400, 4.391018798566293000E-015, -6.900000000000000400 ) ) ;
#1232 = CARTESIAN_POINT ( 'NONE',  ( 1.291672918427546800, -0.2463838631696084200, -2.813619331606956700 ) ) ;
#1233 = DIRECTION ( 'NONE',  ( -0.9719379013633127100, -0.2352375733029898100, 3.614007241618348800E-016 ) ) ;
#1234 = VECTOR ( 'NONE', #3191, 1000.000000000000000 ) ;
#1235 = CARTESIAN_POINT ( 'NONE',  ( 0.0000000000000000000, 1.480000000000000000, -6.099999999999999600 ) ) ;
#1236 = CARTESIAN_POINT ( 'NONE',  ( -0.9399800422097471800, -0.1376136630112048400, -3.049999999999999800 ) ) ;
#1237 = EDGE_CURVE ( 'NONE', #1366, #4030, #3572, .T. ) ;
#1238 = ORIENTED_EDGE ( 'NONE', *, *, #694, .T. ) ;
#1239 = CARTESIAN_POINT ( 'NONE',  ( -1.129999999999998600, -6.628737023548052600E-009, -16.17000000000000200 ) ) ;
#1240 = VERTEX_POINT ( 'NONE', #2781 ) ;
#1241 = DIRECTION ( 'NONE',  ( -0.0000000000000000000, -0.0000000000000000000, 1.000000000000000000 ) ) ;
#1242 = AXIS2_PLACEMENT_3D ( 'NONE', #4484, #812, #3697 ) ;
#1243 = EDGE_CURVE ( 'NONE', #3608, #2753, #414, .T. ) ;
#1244 = VERTEX_POINT ( 'NONE', #277 ) ;
#1245 = VERTEX_POINT ( 'NONE', #3609 ) ;
#1246 = DIRECTION ( 'NONE',  ( 3.491998357141312700E-015, 1.000000000000000000, 0.0000000000000000000 ) ) ;
#1247 = EDGE_CURVE ( 'NONE', #602, #3979, #2335, .T. ) ;
#1248 = ORIENTED_EDGE ( 'NONE', *, *, #4128, .T. ) ;
#1249 = FACE_OUTER_BOUND ( 'NONE', #1537, .T. ) ;
#1250 = CARTESIAN_POINT ( 'NONE',  ( -1.117212541428617400, 0.8000000000000001600, -16.17000000000000500 ) ) ;
#1251 = CARTESIAN_POINT ( 'NONE',  ( 0.0000000000000000000, 0.0000000000000000000, -3.049999999999999800 ) ) ;
#1252 = PLANE ( 'NONE',  #1662 ) ;
#1253 = ORIENTED_EDGE ( 'NONE', *, *, #2089, .F. ) ;
#1254 = VERTEX_POINT ( 'NONE', #4035 ) ;
#1255 = LINE ( 'NONE', #4334, #137 ) ;
#1256 = ORIENTED_EDGE ( 'NONE', *, *, #1419, .F. ) ;
#1257 = EDGE_CURVE ( 'NONE', #2362, #1337, #4675, .T. ) ;
#1258 = CARTESIAN_POINT ( 'NONE',  ( -5.200000000000001100, 0.9000000000000000200, -13.57000000000000000 ) ) ;
#1259 = CIRCLE ( 'NONE', #1378, 1.379999999999999700 ) ;
#1260 = ORIENTED_EDGE ( 'NONE', *, *, #4962, .F. ) ;
#1261 = DIRECTION ( 'NONE',  ( 1.000000000000000000, -0.0000000000000000000, -0.0000000000000000000 ) ) ;
#1262 = ORIENTED_EDGE ( 'NONE', *, *, #4508, .T. ) ;
#1263 = FACE_OUTER_BOUND ( 'NONE', #4239, .T. ) ;
#1264 = EDGE_LOOP ( 'NONE', ( #848, #1613, #3841 ) ) ;
#1265 = ADVANCED_FACE ( 'NONE', ( #2332 ), #4440, .F. ) ;
#1266 = DIRECTION ( 'NONE',  ( 1.000000000000000000, 0.0000000000000000000, -0.0000000000000000000 ) ) ;
#1267 = DIRECTION ( 'NONE',  ( -0.0000000000000000000, -0.0000000000000000000, -1.000000000000000000 ) ) ;
#1268 = EDGE_LOOP ( 'NONE', ( #409, #2023, #3341, #2697 ) ) ;
#1269 = CARTESIAN_POINT ( 'NONE',  ( 1.129999999999999900, -2.436307990990014500E-011, -10.49000312148119600 ) ) ;
#1270 = CARTESIAN_POINT ( 'NONE',  ( -1.544330722560900400, -0.4183809500377925800, -2.160000000000000600 ) ) ;
#1271 = CARTESIAN_POINT ( 'NONE',  ( 0.9399800422097472900, -0.1376136630112047800, -3.049999999999999800 ) ) ;
#1272 = CARTESIAN_POINT ( 'NONE',  ( 0.0000000000000000000, 0.0000000000000000000, -20.87000000000000100 ) ) ;
#1273 = VECTOR ( 'NONE', #1694, 1000.000000000000000 ) ;
#1274 = EDGE_CURVE ( 'NONE', #2100, #4261, #596, .T. ) ;
#1275 = CARTESIAN_POINT ( 'NONE',  ( -0.7980601481091506000, -0.8000000000000000400, -13.57000000000000000 ) ) ;
#1276 = VERTEX_POINT ( 'NONE', #715 ) ;
#1277 = ORIENTED_EDGE ( 'NONE', *, *, #2013, .T. ) ;
#1278 = EDGE_LOOP ( 'NONE', ( #1470, #1434, #3507, #3574, #1509, #3437 ) ) ;
#1279 = B_SPLINE_SURFACE_WITH_KNOTS ( 'NONE', 3, 3, ( 
 ( #3862, #4257, #2605, #2201 ),
 ( #5103, #2621, #114, #3051 ),
 ( #550, #3449, #979, #3878 ),
 ( #1370, #4268, #1811, #4674 ),
 ( #2214, #5116, #2635, #129 ),
 ( #3067, #561, #3464, #990 ),
 ( #3896, #1385, #4280, #1829 ),
 ( #4688, #2230, #5124, #2651 ),
 ( #149, #3078, #576, #3476 ),
 ( #1004, #3905, #1398, #4296 ) ),
 .UNSPECIFIED., .F., .F., .F.,
 ( 4, 3, 1, 1, 1, 4 ),
 ( 4, 4 ),
 ( 0.4795655452775606800, 0.5000000000000000000, 0.6195983361826860000, 0.7391966723653720100, 0.8587950085480580100, 0.9783933447307440200 ),
 ( 0.0000000000000000000, 1.000000000000000000 ),
 .UNSPECIFIED. ) ;
#1280 = VECTOR ( 'NONE', #2347, 1000.000000000000000 ) ;
#1281 = VECTOR ( 'NONE', #3231, 1000.000000000000000 ) ;
#1282 = DIRECTION ( 'NONE',  ( 0.0000000000000000000, 0.0000000000000000000, 1.000000000000000000 ) ) ;
#1283 = ORIENTED_EDGE ( 'NONE', *, *, #2329, .F. ) ;
#1284 = CARTESIAN_POINT ( 'NONE',  ( -1.221511460614211700, 0.8086325881155274100, -10.61197438006639100 ) ) ;
#1285 = EDGE_CURVE ( 'NONE', #5239, #3283, #4552, .T. ) ;
#1286 = CIRCLE ( 'NONE', #5095, 1.129999999999999700 ) ;
#1287 = ADVANCED_FACE ( 'NONE', ( #4392 ), #2232, .T. ) ;
#1288 = B_SPLINE_SURFACE_WITH_KNOTS ( 'NONE', 3, 1, ( 
 ( #935, #3835 ),
 ( #1776, #4628 ),
 ( #2177, #5078 ),
 ( #2595, #92 ),
 ( #3027, #522 ),
 ( #3426, #955 ) ),
 .UNSPECIFIED., .F., .F., .F.,
 ( 4, 2, 4 ),
 ( 2, 2 ),
 ( 0.0000000000000000000, 0.5000000000000000000, 1.000000000000000000 ),
 ( 0.0000000000000000000, 1.000000000000000000 ),
 .UNSPECIFIED. ) ;
#1289 = DIRECTION ( 'NONE',  ( -0.0000000000000000000, -0.0000000000000000000, 1.000000000000000000 ) ) ;
#1290 = DIRECTION ( 'NONE',  ( -1.000000000000000000, 0.0000000000000000000, 0.0000000000000000000 ) ) ;
#1291 = CARTESIAN_POINT ( 'NONE',  ( 0.2305126330003931000, 1.106238638824022400, -16.17000000000000200 ) ) ;
#1292 = VERTEX_POINT ( 'NONE', #351 ) ;
#1293 = DIRECTION ( 'NONE',  ( 1.000000000000000000, -3.491998357141312700E-015, -2.032879073410321300E-016 ) ) ;
#1294 = AXIS2_PLACEMENT_3D ( 'NONE', #2396, #5307, #2863 ) ;
#1295 = EDGE_CURVE ( 'NONE', #4113, #709, #3079, .T. ) ;
#1296 = EDGE_CURVE ( 'NONE', #2506, #122, #250, .T. ) ;
#1297 = PLANE ( 'NONE',  #233 ) ;
#1298 = LINE ( 'NONE', #1215, #4595 ) ;
#1299 = MANIFOLD_SOLID_BREP ( 'Fillet11', #1199 ) ;
#1300 = CARTESIAN_POINT ( 'NONE',  ( -0.7574270489503404100, 1.404438374125123000, -12.06000000000000800 ) ) ;
#1301 = VERTEX_POINT ( 'NONE', #2443 ) ;
#1302 = DIRECTION ( 'NONE',  ( 0.0000000000000000000, 0.0000000000000000000, -1.000000000000000000 ) ) ;
#1303 = CARTESIAN_POINT ( 'NONE',  ( -1.324155713938033100, -0.2518984382666404900, -2.814923420287800000 ) ) ;
#1304 = CIRCLE ( 'NONE', #3527, 1.129999999999999700 ) ;
#1305 = PLANE ( 'NONE',  #4935 ) ;
#1306 = VECTOR ( 'NONE', #5069, 1000.000000000000000 ) ;
#1307 = DIRECTION ( 'NONE',  ( 0.0000000000000000000, -1.251002506714043500E-016, 1.000000000000000000 ) ) ;
#1308 = CARTESIAN_POINT ( 'NONE',  ( -1.379999999999999700, 5.071746135027025100E-015, -11.39999999999999900 ) ) ;
#1309 = CARTESIAN_POINT ( 'NONE',  ( -1.138473552170006000, 0.8999999999999563900, -13.32001148097646300 ) ) ;
#1310 = ORIENTED_EDGE ( 'NONE', *, *, #2013, .F. ) ;
#1311 = AXIS2_PLACEMENT_3D ( 'NONE', #3316, #842, #3731 ) ;
#1312 = ADVANCED_FACE ( 'NONE', ( #1263 ), #2862, .T. ) ;
#1313 = VERTEX_POINT ( 'NONE', #5349 ) ;
#1314 = CIRCLE ( 'NONE', #4682, 0.2000000000000000900 ) ;
#1315 = FACE_OUTER_BOUND ( 'NONE', #2784, .T. ) ;
#1316 = ORIENTED_EDGE ( 'NONE', *, *, #5202, .F. ) ;
#1317 =( GEOMETRIC_REPRESENTATION_CONTEXT ( 3 ) GLOBAL_UNCERTAINTY_ASSIGNED_CONTEXT ( ( #2154 ) ) GLOBAL_UNIT_ASSIGNED_CONTEXT ( ( #2274, #5169, #2713 ) ) REPRESENTATION_CONTEXT ( 'NONE', 'WORKASPACE' ) );
#1318 = LINE ( 'NONE', #1024, #3407 ) ;
#1319 = VERTEX_POINT ( 'NONE', #1642 ) ;
#1320 = CARTESIAN_POINT ( 'NONE',  ( -0.1009187852134645300, 1.153506993321126200, -15.71333333333333300 ) ) ;
#1321 = EDGE_LOOP ( 'NONE', ( #1052, #1801, #1651, #3985 ) ) ;
#1322 = FACE_OUTER_BOUND ( 'NONE', #2852, .T. ) ;
#1323 = DIRECTION ( 'NONE',  ( 0.9999999999999995600, -2.933728240325675600E-008, 0.0000000000000000000 ) ) ;
#1324 = VECTOR ( 'NONE', #1717, 999.9999999999998900 ) ;
#1325 = CARTESIAN_POINT ( 'NONE',  ( 1.187343211212311900, -0.1738277848562578800, -3.200000000000000200 ) ) ;
#1326 = EDGE_CURVE ( 'NONE', #5242, #983, #1849, .T. ) ;
#1327 = DIRECTION ( 'NONE',  ( 0.0000000000000000000, -0.0000000000000000000, -1.000000000000000000 ) ) ;
#1328 = CARTESIAN_POINT ( 'NONE',  ( 0.0000000000000000000, 0.0000000000000000000, 0.0000000000000000000 ) ) ;
#1329 = ORIENTED_EDGE ( 'NONE', *, *, #3619, .F. ) ;
#1330 = ORIENTED_EDGE ( 'NONE', *, *, #2685, .T. ) ;
#1331 = ORIENTED_EDGE ( 'NONE', *, *, #1400, .T. ) ;
#1332 = VERTEX_POINT ( 'NONE', #394 ) ;
#1333 = DIRECTION ( 'NONE',  ( -1.000000000000000000, 0.0000000000000000000, 0.0000000000000000000 ) ) ;
#1334 =( LENGTH_UNIT ( ) NAMED_UNIT ( * ) SI_UNIT ( .MILLI., .METRE. ) );
#1335 = B_SPLINE_CURVE_WITH_KNOTS ( 'NONE', 3,
 ( #4199, #2990, #1309, #4218 ),
 .UNSPECIFIED., .F., .F.,
 ( 4, 4 ),
 ( 1.734723475976807100E-018, 0.0007502756664209636700 ),
 .UNSPECIFIED. ) ;
#1336 = CARTESIAN_POINT ( 'NONE',  ( -1.130902076306092200, 1.140057386558926700, -10.69000000000000000 ) ) ;
#1337 = VERTEX_POINT ( 'NONE', #3722 ) ;
#1338 = EDGE_CURVE ( 'NONE', #216, #1724, #5033, .T. ) ;
#1339 = B_SPLINE_SURFACE_WITH_KNOTS ( 'NONE', 3, 1, ( 
 ( #2038, #3285 ),
 ( #4510, #2061 ),
 ( #4941, #2462 ),
 ( #5345, #2905 ),
 ( #392, #3308 ),
 ( #836, #3719 ) ),
 .UNSPECIFIED., .F., .F., .F.,
 ( 4, 2, 4 ),
 ( 2, 2 ),
 ( 0.0000000000000000000, 0.5000000000000000000, 1.000000000000000000 ),
 ( 0.0000000000000000000, 1.000000000000000000 ),
 .UNSPECIFIED. ) ;
#1340 = CARTESIAN_POINT ( 'NONE',  ( 0.8275779926601031200, 1.460106257069151000, -10.69000000000000000 ) ) ;
#1341 = FACE_OUTER_BOUND ( 'NONE', #3651, .T. ) ;
#1342 = LINE ( 'NONE', #775, #2441 ) ;
#1343 = ORIENTED_EDGE ( 'NONE', *, *, #4821, .F. ) ;
#1344 = ORIENTED_EDGE ( 'NONE', *, *, #4201, .T. ) ;
#1345 = CARTESIAN_POINT ( 'NONE',  ( 0.8150000000000010600, 0.0000000000000000000, -13.31000000000000000 ) ) ;
#1346 = EDGE_CURVE ( 'NONE', #618, #1734, #736, .T. ) ;
#1347 = LINE ( 'NONE', #3813, #1218 ) ;
#1348 = DIRECTION ( 'NONE',  ( 0.1448564873802154200, 0.9894526760102604300, 0.0000000000000000000 ) ) ;
#1349 = EDGE_CURVE ( 'NONE', #4399, #841, #1109, .T. ) ;
#1350 = CARTESIAN_POINT ( 'NONE',  ( -0.8341108874373810400, 1.328434300245055600, -15.71333333333333300 ) ) ;
#1351 = ORIENTED_EDGE ( 'NONE', *, *, #4151, .T. ) ;
#1352 = ORIENTED_EDGE ( 'NONE', *, *, #541, .T. ) ;
#1353 = EDGE_CURVE ( 'NONE', #3460, #3487, #3926, .T. ) ;
#1354 = CARTESIAN_POINT ( 'NONE',  ( 1.072411882491595600, -0.2685360786181955100, -3.799999999999999800 ) ) ;
#1355 = CARTESIAN_POINT ( 'NONE',  ( -1.124455423749645800, -0.8000000000000001600, -16.17000000000000500 ) ) ;
#1356 = CARTESIAN_POINT ( 'NONE',  ( 1.069131691499643600, -0.2587613306332878200, -3.200000000000000200 ) ) ;
#1357 = LINE ( 'NONE', #2918, #220 ) ;
#1358 = LINE ( 'NONE', #2344, #1234 ) ;
#1359 = AXIS2_PLACEMENT_3D ( 'NONE', #2912, #3317, #843 ) ;
#1360 = CARTESIAN_POINT ( 'NONE',  ( -0.1119951294307321700, 1.280110187047893000, -21.96999999999999900 ) ) ;
#1361 = EDGE_CURVE ( 'NONE', #1898, #3693, #1743, .T. ) ;
#1362 = EDGE_CURVE ( 'NONE', #106, #2646, #605, .T. ) ;
#1363 = CARTESIAN_POINT ( 'NONE',  ( -0.1538088530716150100, 1.758043235236430400, -12.05999999999999900 ) ) ;
#1364 = ORIENTED_EDGE ( 'NONE', *, *, #294, .T. ) ;
#1365 = CARTESIAN_POINT ( 'NONE',  ( 2.081715892696509100, 0.5660043296328116600, -13.31000000000000000 ) ) ;
#1366 = VERTEX_POINT ( 'NONE', #1111 ) ;
#1367 = CARTESIAN_POINT ( 'NONE',  ( -0.3281037880933654900, 1.540919224833002400, -11.16707577369831300 ) ) ;
#1368 = ORIENTED_EDGE ( 'NONE', *, *, #1072, .F. ) ;
#1369 = VERTEX_POINT ( 'NONE', #4400 ) ;
#1370 = CARTESIAN_POINT ( 'NONE',  ( 1.129999999999999900, 0.0000000000000000000, -10.69000000000000000 ) ) ;
#1371 = CARTESIAN_POINT ( 'NONE',  ( 1.707455435750089300, -0.7058336095749898600, -13.30999999999999700 ) ) ;
#1372 = VERTEX_POINT ( 'NONE', #4019 ) ;
#1373 = VECTOR ( 'NONE', #1752, 1000.000000000000000 ) ;
#1374 = ORIENTED_EDGE ( 'NONE', *, *, #2187, .T. ) ;
#1375 = ORIENTED_EDGE ( 'NONE', *, *, #4294, .T. ) ;
#1376 = VECTOR ( 'NONE', #3941, 1000.000000000000000 ) ;
#1377 = VERTEX_POINT ( 'NONE', #259 ) ;
#1378 = AXIS2_PLACEMENT_3D ( 'NONE', #5010, #2537, #39 ) ;
#1379 = LINE ( 'NONE', #4631, #411 ) ;
#1380 = CARTESIAN_POINT ( 'NONE',  ( -1.379999999999999400, 0.0000000000000000000, -10.53394882898244800 ) ) ;
#1381 = VERTEX_POINT ( 'NONE', #4831 ) ;
#1382 = VECTOR ( 'NONE', #4398, 1000.000000000000000 ) ;
#1383 = ORIENTED_EDGE ( 'NONE', *, *, #3645, .T. ) ;
#1384 = ORIENTED_EDGE ( 'NONE', *, *, #1349, .F. ) ;
#1385 = CARTESIAN_POINT ( 'NONE',  ( 1.213429652378854800, 0.7162570972845167000, -13.42999999999998400 ) ) ;
#1386 = ORIENTED_EDGE ( 'NONE', *, *, #74, .T. ) ;
#1387 = CARTESIAN_POINT ( 'NONE',  ( 0.8924554360737806400, 0.7058336009230963300, -16.17000000000000200 ) ) ;
#1388 = AXIS2_PLACEMENT_3D ( 'NONE', #796, #5309, #4102 ) ;
#1389 = AXIS2_PLACEMENT_3D ( 'NONE', #3424, #949, #3846 ) ;
#1390 = B_SPLINE_CURVE_WITH_KNOTS ( 'NONE', 3,
 ( #3653, #3580, #4072, #1456 ),
 .UNSPECIFIED., .F., .F.,
 ( 4, 4 ),
 ( 0.0000000000000000000, 1.000000000000000000 ),
 .UNSPECIFIED. ) ;
#1391 = LINE ( 'NONE', #4534, #2349 ) ;
#1392 = ORIENTED_EDGE ( 'NONE', *, *, #2190, .F. ) ;
#1393 = ORIENTED_EDGE ( 'NONE', *, *, #4451, .F. ) ;
#1394 = VERTEX_POINT ( 'NONE', #2351 ) ;
#1395 = FACE_OUTER_BOUND ( 'NONE', #5235, .T. ) ;
#1396 = VECTOR ( 'NONE', #4766, 1000.000000000000000 ) ;
#1397 = DIRECTION ( 'NONE',  ( -3.491998357141312700E-015, -1.000000000000000000, 0.0000000000000000000 ) ) ;
#1398 = CARTESIAN_POINT ( 'NONE',  ( 0.7338529326524939600, 1.134984991849346000, -16.17000000000000200 ) ) ;
#1399 = ADVANCED_FACE ( 'NONE', ( #4729 ), #1521, .F. ) ;
#1400 = EDGE_CURVE ( 'NONE', #3913, #2602, #3652, .T. ) ;
#1401 = EDGE_LOOP ( 'NONE', ( #1413, #4947, #670, #291 ) ) ;
#1402 = DIRECTION ( 'NONE',  ( 0.0000000000000000000, 0.0000000000000000000, 1.000000000000000000 ) ) ;
#1403 = LINE ( 'NONE', #1219, #4305 ) ;
#1404 = STYLED_ITEM ( 'NONE', ( #4314 ), #5219 ) ;
#1405 = ORIENTED_EDGE ( 'NONE', *, *, #2883, .F. ) ;
#1406 = EDGE_CURVE ( 'NONE', #5339, #4479, #1575, .T. ) ;
#1407 = EDGE_CURVE ( 'NONE', #983, #1496, #1439, .T. ) ;
#1408 = ORIENTED_EDGE ( 'NONE', *, *, #2945, .F. ) ;
#1409 = CARTESIAN_POINT ( 'NONE',  ( 1.187343211212311900, -0.1738277848562579700, -4.200000000000000200 ) ) ;
#1410 = FACE_OUTER_BOUND ( 'NONE', #4494, .T. ) ;
#1411 = CARTESIAN_POINT ( 'NONE',  ( 1.073681690390445100, -0.2598625642574749500, -5.200000000000001100 ) ) ;
#1412 = CARTESIAN_POINT ( 'NONE',  ( -1.187343211212311900, -0.1738277848562579900, -5.799999999999999800 ) ) ;
#1413 = ORIENTED_EDGE ( 'NONE', *, *, #1779, .F. ) ;
#1414 = EDGE_CURVE ( 'NONE', #398, #1063, #2571, .T. ) ;
#1415 = VECTOR ( 'NONE', #3417, 1000.000000000000000 ) ;
#1416 = B_SPLINE_CURVE_WITH_KNOTS ( 'NONE', 3,
 ( #3787, #898, #1732, #4591, #2134, #5034, #2550, #51, #2988, #470, #3382, #913, #3808, #1303, #4213, #1753 ),
 .UNSPECIFIED., .F., .F.,
 ( 4, 3, 3, 3, 3, 4 ),
 ( 0.0000000000000000000, 6.250000367169001500E-005, 0.0001250000072635022200, 0.0001438756008323626600, 0.0002113922514712063200, 0.0002428458086304560200 ),
 .UNSPECIFIED. ) ;
#1417 = VERTEX_POINT ( 'NONE', #2004 ) ;
#1418 = ORIENTED_EDGE ( 'NONE', *, *, #5279, .T. ) ;
#1419 = EDGE_CURVE ( 'NONE', #367, #4399, #3516, .T. ) ;
#1420 = ADVANCED_FACE ( 'NONE', ( #4615 ), #3243, .T. ) ;
#1421 = ORIENTED_EDGE ( 'NONE', *, *, #5098, .F. ) ;
#1422 = VECTOR ( 'NONE', #3596, 1000.000000000000000 ) ;
#1423 = VECTOR ( 'NONE', #2503, 1000.000000000000000 ) ;
#1424 = ORIENTED_EDGE ( 'NONE', *, *, #74, .F. ) ;
#1425 = CARTESIAN_POINT ( 'NONE',  ( -1.130000000000000300, -0.2299999999999960400, -6.900000000000000400 ) ) ;
#1426 = VECTOR ( 'NONE', #3503, 1000.000000000000000 ) ;
#1427 = ORIENTED_EDGE ( 'NONE', *, *, #43, .F. ) ;
#1428 = DIRECTION ( 'NONE',  ( -0.1448564873802155300, 0.9894526760102604300, -0.0000000000000000000 ) ) ;
#1429 = ORIENTED_EDGE ( 'NONE', *, *, #2486, .F. ) ;
#1430 = CIRCLE ( 'NONE', #938, 1.379999999999999700 ) ;
#1431 = CARTESIAN_POINT ( 'NONE',  ( 0.9639810432108864000, 0.02632690393882242800, -3.049999999999999800 ) ) ;
#1432 = EDGE_CURVE ( 'NONE', #3099, #3573, #1430, .T. ) ;
#1433 = VECTOR ( 'NONE', #4543, 1000.000000000000000 ) ;
#1434 = ORIENTED_EDGE ( 'NONE', *, *, #3679, .T. ) ;
#1435 = CARTESIAN_POINT ( 'NONE',  ( 1.257758094408550900, 0.9974845786978674400, -3.799999999999999800 ) ) ;
#1436 = ORIENTED_EDGE ( 'NONE', *, *, #1432, .F. ) ;
#1437 = APPLICATION_CONTEXT ( 'automotive_design' ) ;
#1438 = ORIENTED_EDGE ( 'NONE', *, *, #1053, .F. ) ;
#1439 = B_SPLINE_CURVE_WITH_KNOTS ( 'NONE', 3,
 ( #1546, #2376, #3637, #1151, #4059 ),
 .UNSPECIFIED., .F., .F.,
 ( 4, 1, 4 ),
 ( 0.6113138686131390800, 0.7500000000000013300, 1.000000000000000000 ),
 .UNSPECIFIED. ) ;
#1440 = ADVANCED_FACE ( 'NONE', ( #1322 ), #338, .F. ) ;
#1441 = CARTESIAN_POINT ( 'NONE',  ( -1.242155382385324000, -0.2779973065244985000, -2.604999999999999500 ) ) ;
#1442 = B_SPLINE_CURVE_WITH_KNOTS ( 'NONE', 3,
 ( #5267, #2808, #3213, #747, #3633, #1147, #4055 ),
 .UNSPECIFIED., .F., .F.,
 ( 4, 3, 4 ),
 ( 2.235140038340936300E-019, 0.0001276061410117721400, 0.0002502967792979700200 ),
 .UNSPECIFIED. ) ;
#1443 = DIRECTION ( 'NONE',  ( -1.000000000000000000, -3.491481338843133400E-015, 0.0000000000000000000 ) ) ;
#1444 = EDGE_CURVE ( 'NONE', #457, #3180, #3410, .T. ) ;
#1445 = ORIENTED_EDGE ( 'NONE', *, *, #804, .T. ) ;
#1446 = EDGE_CURVE ( 'NONE', #4985, #4622, #2119, .T. ) ;
#1447 = LINE ( 'NONE', #3208, #2440 ) ;
#1448 = FACE_OUTER_BOUND ( 'NONE', #2645, .T. ) ;
#1449 = DIRECTION ( 'NONE',  ( 0.0000000000000000000, 0.0000000000000000000, 1.000000000000000000 ) ) ;
#1450 = ORIENTED_EDGE ( 'NONE', *, *, #4316, .F. ) ;
#1451 = ORIENTED_EDGE ( 'NONE', *, *, #4252, .F. ) ;
#1452 = CARTESIAN_POINT ( 'NONE',  ( 1.187343211212313000, -0.1738277848562579900, -6.099999999999999600 ) ) ;
#1453 = CARTESIAN_POINT ( 'NONE',  ( -1.257758094408550900, 0.9974845786978674400, -3.799999999999999800 ) ) ;
#1454 = VECTOR ( 'NONE', #55, 1000.000000000000000 ) ;
#1455 = DIRECTION ( 'NONE',  ( -1.000000000000000000, 0.0000000000000000000, -0.0000000000000000000 ) ) ;
#1456 = CARTESIAN_POINT ( 'NONE',  ( 1.036747628919040700, -0.4495201126636930700, -16.17000000000000200 ) ) ;
#1457 = VERTEX_POINT ( 'NONE', #4931 ) ;
#1458 = ORIENTED_EDGE ( 'NONE', *, *, #1017, .T. ) ;
#1459 = APPLICATION_PROTOCOL_DEFINITION ( 'draft international standard', 'automotive_design', 1998, #3961 ) ;
#1460 = CARTESIAN_POINT ( 'NONE',  ( -1.166325481635974900, -0.2822850879635877000, -3.799999999999999800 ) ) ;
#1461 = AXIS2_PLACEMENT_3D ( 'NONE', #484, #2141, #3796 ) ;
#1462 = CARTESIAN_POINT ( 'NONE',  ( 1.356703362009577000, 0.9829989299598460600, -3.799999999999999800 ) ) ;
#1463 = LINE ( 'NONE', #2092, #3445 ) ;
#1464 = ADVANCED_FACE ( 'NONE', ( #4470 ), #3807, .F. ) ;
#1465 = DIRECTION ( 'NONE',  ( -0.0000000000000000000, -0.0000000000000000000, 1.000000000000000000 ) ) ;
#1466 = CARTESIAN_POINT ( 'NONE',  ( -1.171357150092621600, -0.2830217273562160000, -4.800000000000000700 ) ) ;
#1467 = VECTOR ( 'NONE', #366, 1000.000000000000000 ) ;
#1468 = CARTESIAN_POINT ( 'NONE',  ( 1.129999999999999900, 0.0000000000000000000, -10.69000000000000000 ) ) ;
#1469 = CARTESIAN_POINT ( 'NONE',  ( 1.129999999999999900, -2.436307990990014500E-011, -10.49000312148119600 ) ) ;
#1470 = ORIENTED_EDGE ( 'NONE', *, *, #1495, .F. ) ;
#1471 = AXIS2_PLACEMENT_3D ( 'NONE', #942, #3843, #1333 ) ;
#1472 = DIRECTION ( 'NONE',  ( 1.000000000000000000, 0.0000000000000000000, -0.0000000000000000000 ) ) ;
#1473 = ORIENTED_EDGE ( 'NONE', *, *, #1257, .T. ) ;
#1474 = VERTEX_POINT ( 'NONE', #199 ) ;
#1475 = CARTESIAN_POINT ( 'NONE',  ( 0.0000000000000000000, 0.0000000000000000000, -21.96999999999999900 ) ) ;
#1476 = ORIENTED_EDGE ( 'NONE', *, *, #2453, .F. ) ;
#1477 = ORIENTED_EDGE ( 'NONE', *, *, #1778, .F. ) ;
#1478 = FACE_OUTER_BOUND ( 'NONE', #3554, .T. ) ;
#1479 = ORIENTED_EDGE ( 'NONE', *, *, #4485, .T. ) ;
#1480 = CARTESIAN_POINT ( 'NONE',  ( 0.0000000000000000000, 0.0000000000000000000, -3.049999999999999800 ) ) ;
#1481 = ORIENTED_EDGE ( 'NONE', *, *, #3969, .F. ) ;
#1482 = LINE ( 'NONE', #5155, #3564 ) ;
#1483 = ORIENTED_EDGE ( 'NONE', *, *, #3495, .T. ) ;
#1484 = CARTESIAN_POINT ( 'NONE',  ( -1.130000000000000800, -0.2299999999999960400, -10.10000000000000100 ) ) ;
#1485 = CIRCLE ( 'NONE', #555, 0.2000000000000000900 ) ;
#1486 = EDGE_CURVE ( 'NONE', #3566, #4113, #2272, .T. ) ;
#1487 = VECTOR ( 'NONE', #3359, 1000.000000000000000 ) ;
#1488 = CARTESIAN_POINT ( 'NONE',  ( 1.540798473965677500, -0.05685279484374901300, -2.159999999999999700 ) ) ;
#1489 = ORIENTED_EDGE ( 'NONE', *, *, #2722, .T. ) ;
#1490 = ORIENTED_EDGE ( 'NONE', *, *, #4677, .T. ) ;
#1491 = ADVANCED_FACE ( 'NONE', ( #82 ), #3525, .T. ) ;
#1492 = CARTESIAN_POINT ( 'NONE',  ( 1.383606975930291100, 0.3278965001121131300, -12.81999999999999500 ) ) ;
#1493 = EDGE_CURVE ( 'NONE', #5240, #3821, #1118, .T. ) ;
#1494 = CARTESIAN_POINT ( 'NONE',  ( 0.8150000000000010600, 0.0000000000000000000, -13.31000000000000000 ) ) ;
#1495 = EDGE_CURVE ( 'NONE', #4610, #407, #3268, .T. ) ;
#1496 = VERTEX_POINT ( 'NONE', #1468 ) ;
#1497 = DIRECTION ( 'NONE',  ( 0.0000000000000000000, 0.0000000000000000000, 1.000000000000000000 ) ) ;
#1498 = ORIENTED_EDGE ( 'NONE', *, *, #3551, .T. ) ;
#1499 = DIRECTION ( 'NONE',  ( 0.0000000000000000000, 0.0000000000000000000, -1.000000000000000000 ) ) ;
#1500 = CARTESIAN_POINT ( 'NONE',  ( -1.141495788746438100, 0.1471318693833624500, -10.69000000000000100 ) ) ;
#1501 = CARTESIAN_POINT ( 'NONE',  ( -1.129999999999999900, 3.945373912892740100E-015, -6.099999999999999600 ) ) ;
#1502 = EDGE_CURVE ( 'NONE', #3693, #1457, #1046, .T. ) ;
#1503 = ORIENTED_EDGE ( 'NONE', *, *, #3314, .T. ) ;
#1504 = CARTESIAN_POINT ( 'NONE',  ( 1.166325481635974900, -0.2822850879635872600, -5.799999999999999800 ) ) ;
#1505 = CARTESIAN_POINT ( 'NONE',  ( -0.4155583300209960700, 1.763867540865985400, -10.89803182545013600 ) ) ;
#1506 = B_SPLINE_CURVE_WITH_KNOTS ( 'NONE', 3,
 ( #1579, #4063, #1155, #4506, #1638, #790 ),
 .UNSPECIFIED., .F., .F.,
 ( 4, 2, 4 ),
 ( 0.0000000000000000000, 0.0003016808795929931900, 0.0006033617591859863900 ),
 .UNSPECIFIED. ) ;
#1507 = FACE_OUTER_BOUND ( 'NONE', #2054, .T. ) ;
#1508 = CARTESIAN_POINT ( 'NONE',  ( -1.293066983536784300, -0.3625602551747095200, -2.160000000000000600 ) ) ;
#1509 = ORIENTED_EDGE ( 'NONE', *, *, #4899, .T. ) ;
#1510 = ORIENTED_EDGE ( 'NONE', *, *, #3782, .T. ) ;
#1511 = ORIENTED_EDGE ( 'NONE', *, *, #1274, .F. ) ;
#1512 = DIRECTION ( 'NONE',  ( -0.0000000000000000000, -0.0000000000000000000, 1.000000000000000000 ) ) ;
#1513 = CARTESIAN_POINT ( 'NONE',  ( -1.129999999999999700, 4.152951545348216100E-015, -12.10999999999999900 ) ) ;
#1514 = VECTOR ( 'NONE', #1071, 1000.000000000000000 ) ;
#1515 = LINE ( 'NONE', #1460, #441 ) ;
#1516 = AXIS2_PLACEMENT_3D ( 'NONE', #3906, #1402, #4298 ) ;
#1517 = DIRECTION ( 'NONE',  ( 0.0000000000000000000, 0.0000000000000000000, 1.000000000000000000 ) ) ;
#1518 = ORIENTED_EDGE ( 'NONE', *, *, #1133, .T. ) ;
#1519 = DIRECTION ( 'NONE',  ( -1.355252715606880300E-016, -0.0000000000000000000, -1.000000000000000000 ) ) ;
#1520 = CARTESIAN_POINT ( 'NONE',  ( 1.379390917877692900, 0.7081943250417926900, -16.17000000000000200 ) ) ;
#1521 = PLANE ( 'NONE',  #72 ) ;
#1522 = VECTOR ( 'NONE', #1940, 1000.000000000000000 ) ;
#1523 = CARTESIAN_POINT ( 'NONE',  ( -1.379999999999999400, 0.0000000000000000000, -10.69000000000000000 ) ) ;
#1524 = DIRECTION ( 'NONE',  ( 0.1448564873802155300, -0.9894526760102604300, 0.0000000000000000000 ) ) ;
#1525 = ADVANCED_FACE ( 'NONE', ( #4240 ), #4996, .F. ) ;
#1526 = CARTESIAN_POINT ( 'NONE',  ( -0.7980601481091491600, -0.7999999999999998200, -16.17000000000000200 ) ) ;
#1527 = ORIENTED_EDGE ( 'NONE', *, *, #2854, .F. ) ;
#1528 = CARTESIAN_POINT ( 'NONE',  ( 0.1230529426754854600, 1.406501570789598700, -15.63473397605560900 ) ) ;
#1529 = ORIENTED_EDGE ( 'NONE', *, *, #4078, .T. ) ;
#1530 = CARTESIAN_POINT ( 'NONE',  ( 0.0000000000000000000, 0.0000000000000000000, -2.160000000000000100 ) ) ;
#1531 = CARTESIAN_POINT ( 'NONE',  ( 0.0000000000000000000, 0.0000000000000000000, -16.17000000000000200 ) ) ;
#1532 = CARTESIAN_POINT ( 'NONE',  ( -1.379999999986115400, 0.1469381314982896000, -16.17000000000000500 ) ) ;
#1533 = EDGE_CURVE ( 'NONE', #4143, #841, #3126, .T. ) ;
#1534 = CARTESIAN_POINT ( 'NONE',  ( -1.257758094408550900, 0.9974845786978674400, -5.200000000000001100 ) ) ;
#1535 = CARTESIAN_POINT ( 'NONE',  ( 1.169150940712115700, 0.3384047135905013900, -12.81999999999999900 ) ) ;
#1536 = CARTESIAN_POINT ( 'NONE',  ( -1.124455423749647600, -0.8000000000000000400, -13.57000000000000000 ) ) ;
#1537 = EDGE_LOOP ( 'NONE', ( #4666, #1436, #1612, #4193 ) ) ;
#1538 = VECTOR ( 'NONE', #1573, 1000.000000000000000 ) ;
#1539 = CARTESIAN_POINT ( 'NONE',  ( 1.326675529295762600, -0.3126474890057359100, -2.508499368915631900 ) ) ;
#1540 = PLANE ( 'NONE',  #738 ) ;
#1541 = DIRECTION ( 'NONE',  ( -0.01216090028527172000, 0.1389997263093317400, -0.9902177480686672500 ) ) ;
#1542 = CARTESIAN_POINT ( 'NONE',  ( 0.0000000000000000000, 0.0000000000000000000, 0.0000000000000000000 ) ) ;
#1543 = ORIENTED_EDGE ( 'NONE', *, *, #5327, .T. ) ;
#1544 = ORIENTED_EDGE ( 'NONE', *, *, #603, .T. ) ;
#1545 = CARTESIAN_POINT ( 'NONE',  ( 0.8341108874373810400, 1.328434300245055600, -15.71333333333333300 ) ) ;
#1546 = CARTESIAN_POINT ( 'NONE',  ( 1.129999999999999000, 0.0000000000000000000, -12.82000000000000000 ) ) ;
#1547 = EDGE_CURVE ( 'NONE', #759, #1051, #953, .T. ) ;
#1548 = CIRCLE ( 'NONE', #1879, 0.9499999999999998400 ) ;
#1549 = LINE ( 'NONE', #3328, #5009 ) ;
#1550 = B_SPLINE_CURVE_WITH_KNOTS ( 'NONE', 3,
 ( #5297, #2412, #2848, #342, #3248, #787 ),
 .UNSPECIFIED., .F., .F.,
 ( 4, 2, 4 ),
 ( 0.0000000000000000000, 0.0002288412046772469400, 0.0004576824093544938800 ),
 .UNSPECIFIED. ) ;
#1551 = CARTESIAN_POINT ( 'NONE',  ( -1.129999999083189300, -0.1562883522656855200, -16.17000000000000200 ) ) ;
#1552 = CARTESIAN_POINT ( 'NONE',  ( -0.7980601481091488300, -0.7999999999999997100, -16.17000000000000200 ) ) ;
#1553 = CARTESIAN_POINT ( 'NONE',  ( -1.187343211212311700, -0.1738277848562581300, -3.049999999999999800 ) ) ;
#1554 = ORIENTED_EDGE ( 'NONE', *, *, #3130, .T. ) ;
#1555 = ORIENTED_EDGE ( 'NONE', *, *, #2338, .T. ) ;
#1556 = ORIENTED_EDGE ( 'NONE', *, *, #2280, .T. ) ;
#1557 = AXIS2_PLACEMENT_3D ( 'NONE', #4122, #1643, #4514 ) ;
#1558 = AXIS2_PLACEMENT_3D ( 'NONE', #1105, #4011, #1517 ) ;
#1559 = B_SPLINE_CURVE_WITH_KNOTS ( 'NONE', 3,
 ( #1367, #2634, #1828, #4686, #2227, #5122, #2650, #148, #3075, #575 ),
 .UNSPECIFIED., .F., .F.,
 ( 4, 2, 2, 2, 4 ),
 ( 1.326391863327608200E-016, 0.0002204209856316287600, 0.0004408419712631248600, 0.0006612629568946208600, 0.0008816839425261170200 ),
 .UNSPECIFIED. ) ;
#1560 = ADVANCED_FACE ( 'NONE', ( #4114 ), #1138, .T. ) ;
#1561 = EDGE_CURVE ( 'NONE', #3821, #3930, #2921, .T. ) ;
#1562 = ORIENTED_EDGE ( 'NONE', *, *, #2997, .T. ) ;
#1563 = LINE ( 'NONE', #2248, #474 ) ;
#1564 = CYLINDRICAL_SURFACE ( 'NONE', #1027, 0.2000000000000000100 ) ;
#1565 = CARTESIAN_POINT ( 'NONE',  ( 1.151620312390816200, 0.9000000000000000200, -12.82000000000000000 ) ) ;
#1566 = VERTEX_POINT ( 'NONE', #762 ) ;
#1567 = EDGE_CURVE ( 'NONE', #2540, #56, #1390, .T. ) ;
#1568 = CARTESIAN_POINT ( 'NONE',  ( -1.129999999999999900, 3.945373912892740100E-015, -16.17000000000000200 ) ) ;
#1569 = VECTOR ( 'NONE', #3845, 1000.000000000000000 ) ;
#1570 = CARTESIAN_POINT ( 'NONE',  ( -1.284999999999999300, 0.0000000000000000000, -21.96999999999999900 ) ) ;
#1571 = CARTESIAN_POINT ( 'NONE',  ( -1.545256470341154400, -0.3592336668339651300, -2.517577205672526300 ) ) ;
#1572 = ORIENTED_EDGE ( 'NONE', *, *, #980, .F. ) ;
#1573 = DIRECTION ( 'NONE',  ( -0.2740548739561974900, 8.040025356153330600E-009, 0.9617140562874460000 ) ) ;
#1574 = ORIENTED_EDGE ( 'NONE', *, *, #1446, .T. ) ;
#1575 = CIRCLE ( 'NONE', #347, 1.129999999999999700 ) ;
#1576 = CARTESIAN_POINT ( 'NONE',  ( 0.1538088530716150100, 1.758043235236430400, -12.05999999999999900 ) ) ;
#1577 = LINE ( 'NONE', #3735, #3654 ) ;
#1578 = PLANE ( 'NONE',  #4703 ) ;
#1579 = CARTESIAN_POINT ( 'NONE',  ( -1.881069143160203800, -0.1314761844472547600, -2.159999999993758000 ) ) ;
#1580 = CARTESIAN_POINT ( 'NONE',  ( 0.5731074525996098200, 1.435856003930229900, -10.75447636030463300 ) ) ;
#1581 = CARTESIAN_POINT ( 'NONE',  ( 1.257758094408550900, 0.9974845786978674400, -4.200000000000000200 ) ) ;
#1582 = ORIENTED_EDGE ( 'NONE', *, *, #3679, .F. ) ;
#1583 = CARTESIAN_POINT ( 'NONE',  ( -0.9376972083724541800, 0.9000000000000000200, -12.82000000000000000 ) ) ;
#1584 = AXIS2_PLACEMENT_3D ( 'NONE', #3293, #4518, #2068 ) ;
#1585 = CARTESIAN_POINT ( 'NONE',  ( -0.2682771012320566700, 1.441768486638641100, -12.47058265624883200 ) ) ;
#1586 = CARTESIAN_POINT ( 'NONE',  ( -1.219679438377713000, 1.772893218813452300, -6.099999999999999600 ) ) ;
#1587 = VERTEX_POINT ( 'NONE', #1160 ) ;
#1588 = CARTESIAN_POINT ( 'NONE',  ( -1.284275118319469400, 0.4882725919547156200, -3.200000000000000200 ) ) ;
#1589 = CARTESIAN_POINT ( 'NONE',  ( -1.531955423749647100, -0.7999999999999997100, -14.74000000000000000 ) ) ;
#1590 = ORIENTED_EDGE ( 'NONE', *, *, #1916, .T. ) ;
#1591 = CARTESIAN_POINT ( 'NONE',  ( -1.345157349603571600, -0.3166078222202340400, -2.509273206207033100 ) ) ;
#1592 = CARTESIAN_POINT ( 'NONE',  ( 1.155281071671589100, 0.8000000011168276700, -14.91643946519114500 ) ) ;
#1593 = CARTESIAN_POINT ( 'NONE',  ( -1.347343843935133500, -0.2558291741490956700, -2.815852130893607100 ) ) ;
#1594 = ORIENTED_EDGE ( 'NONE', *, *, #5079, .T. ) ;
#1595 = CARTESIAN_POINT ( 'NONE',  ( 1.379999999999999400, 0.0000000000000000000, -10.53394882897433300 ) ) ;
#1596 = ORIENTED_EDGE ( 'NONE', *, *, #1635, .T. ) ;
#1597 = DIRECTION ( 'NONE',  ( 3.252606517456513300E-015, 1.000000000000000000, 0.0000000000000000000 ) ) ;
#1598 = DIRECTION ( 'NONE',  ( -1.000000000000000000, 0.0000000000000000000, 0.0000000000000000000 ) ) ;
#1599 = ADVANCED_FACE ( 'NONE', ( #1899 ), #5092, .T. ) ;
#1600 = DIRECTION ( 'NONE',  ( -1.000000000000000000, 0.0000000000000000000, 0.0000000000000000000 ) ) ;
#1601 = EDGE_LOOP ( 'NONE', ( #197, #207, #2568, #1619 ) ) ;
#1602 = EDGE_CURVE ( 'NONE', #718, #1457, #5178, .T. ) ;
#1603 = FACE_OUTER_BOUND ( 'NONE', #4293, .T. ) ;
#1604 = AXIS2_PLACEMENT_3D ( 'NONE', #4648, #2191, #5097 ) ;
#1605 = LINE ( 'NONE', #2425, #103 ) ;
#1606 = CARTESIAN_POINT ( 'NONE',  ( 1.805000000000000200, -0.2300000000000062800, -10.10000000000000100 ) ) ;
#1607 = CARTESIAN_POINT ( 'NONE',  ( -1.073681690390445800, -0.2598625642574753400, -4.800000000000000700 ) ) ;
#1608 = ORIENTED_EDGE ( 'NONE', *, *, #2033, .T. ) ;
#1609 = UNCERTAINTY_MEASURE_WITH_UNIT (LENGTH_MEASURE( 1.000000000000000100E-005 ), #1334, 'distance_accuracy_value', 'NONE');
#1610 = CARTESIAN_POINT ( 'NONE',  ( -1.185329850718443300, 0.5027582406927372200, -3.200000000000000200 ) ) ;
#1611 = PLANE ( 'NONE',  #5259 ) ;
#1612 = ORIENTED_EDGE ( 'NONE', *, *, #5027, .T. ) ;
#1613 = ORIENTED_EDGE ( 'NONE', *, *, #40, .F. ) ;
#1614 = CIRCLE ( 'NONE', #3569, 1.849999999999999200 ) ;
#1615 = DIRECTION ( 'NONE',  ( 0.08715574274765156000, 0.9961946980917461000, 0.0000000000000000000 ) ) ;
#1616 = CARTESIAN_POINT ( 'NONE',  ( -1.562928387984999800, -0.2316351744243724300, -6.900000000000000400 ) ) ;
#1617 = CARTESIAN_POINT ( 'NONE',  ( -0.8798276833061962100, 0.7999999930357736300, -16.17000000000000500 ) ) ;
#1618 = CARTESIAN_POINT ( 'NONE',  ( -1.450000000000000200, 1.980000000000000000, -3.049999999999999800 ) ) ;
#1619 = ORIENTED_EDGE ( 'NONE', *, *, #3302, .T. ) ;
#1620 = ORIENTED_EDGE ( 'NONE', *, *, #517, .F. ) ;
#1621 = DIRECTION ( 'NONE',  ( -0.9719379013633128200, -0.2352375733029890300, 0.0000000000000000000 ) ) ;
#1622 = CARTESIAN_POINT ( 'NONE',  ( -0.8275779853652182000, 1.180770713494844900, -10.68999999999999800 ) ) ;
#1623 = CARTESIAN_POINT ( 'NONE',  ( 1.129999999999999900, 0.01999999999999605600, -10.10000000000000100 ) ) ;
#1624 = CARTESIAN_POINT ( 'NONE',  ( 1.379999999999999700, 4.818244247603522600E-015, -10.30000000000000200 ) ) ;
#1625 = CARTESIAN_POINT ( 'NONE',  ( 1.531955423749647100, -0.7999999999999997100, -14.74000000000000000 ) ) ;
#1626 = PLANE ( 'NONE',  #3991 ) ;
#1627 = CARTESIAN_POINT ( 'NONE',  ( -1.311344807182227100, -0.4298491336115636800, -16.17000000000000500 ) ) ;
#1628 = CARTESIAN_POINT ( 'NONE',  ( 1.187343211212313000, -0.1738277848562579900, -3.049999999999999800 ) ) ;
#1629 = EDGE_CURVE ( 'NONE', #2726, #2646, #821, .T. ) ;
#1631 = CIRCLE ( 'NONE', #5021, 1.129999999999999900 ) ;
#1630 = DIRECTION ( 'NONE',  ( 0.0000000000000000000, -1.000000000000000000, -0.0000000000000000000 ) ) ;
#1632 = ORIENTED_EDGE ( 'NONE', *, *, #4505, .T. ) ;
#1633 = CARTESIAN_POINT ( 'NONE',  ( -1.130000000000000800, -0.2299999999999960400, -10.10000000000000100 ) ) ;
#1634 = ORIENTED_EDGE ( 'NONE', *, *, #2600, .T. ) ;
#1635 = EDGE_CURVE ( 'NONE', #4067, #4511, #734, .T. ) ;
#1636 = VECTOR ( 'NONE', #1989, 1000.000000000000100 ) ;
#1637 = FACE_OUTER_BOUND ( 'NONE', #795, .T. ) ;
#1638 = CARTESIAN_POINT ( 'NONE',  ( -1.599776567991317200, -0.3874761153393450600, -2.436474474780244500 ) ) ;
#1639 = EDGE_CURVE ( 'NONE', #4940, #1417, #2045, .T. ) ;
#1640 = CARTESIAN_POINT ( 'NONE',  ( 1.117212541407889100, 0.8000000000000002700, -16.17000000000000500 ) ) ;
#1641 = DIRECTION ( 'NONE',  ( 1.000000000000000000, 0.0000000000000000000, 0.0000000000000000000 ) ) ;
#1642 = CARTESIAN_POINT ( 'NONE',  ( -1.534999999999999900, 0.0000000000000000000, -21.96999999999999900 ) ) ;
#1643 = DIRECTION ( 'NONE',  ( -0.0000000000000000000, -0.0000000000000000000, -1.000000000000000000 ) ) ;
#1644 = CARTESIAN_POINT ( 'NONE',  ( -6.982962677686266700E-016, 0.2000000000000000100, -10.48999999999999800 ) ) ;
#1645 = CARTESIAN_POINT ( 'NONE',  ( -2.346982496104735800E-008, 0.7999999672240242200, -2.252166559517938100E-016 ) ) ;
#1646 = CARTESIAN_POINT ( 'NONE',  ( 0.0000000000000000000, 0.0000000000000000000, -3.049999999999999800 ) ) ;
#1647 = EDGE_CURVE ( 'NONE', #3621, #1292, #4320, .T. ) ;
#1648 = DIRECTION ( 'NONE',  ( -0.0000000000000000000, -0.0000000000000000000, -1.000000000000000000 ) ) ;
#1649 = ORIENTED_EDGE ( 'NONE', *, *, #2542, .T. ) ;
#1650 = ORIENTED_EDGE ( 'NONE', *, *, #4020, .T. ) ;
#1651 = ORIENTED_EDGE ( 'NONE', *, *, #4362, .T. ) ;
#1652 = DIRECTION ( 'NONE',  ( 0.0000000000000000000, -0.0000000000000000000, -1.000000000000000000 ) ) ;
#1653 = VECTOR ( 'NONE', #4159, 1000.000000000000000 ) ;
#1654 = CARTESIAN_POINT ( 'NONE',  ( -0.9759815436271610500, 0.1082971868380553800, -3.050000000001067000 ) ) ;
#1655 = ADVANCED_FACE ( 'NONE', ( #1794 ), #2543, .F. ) ;
#1656 = CARTESIAN_POINT ( 'NONE',  ( -1.188075341996936300, 0.7999999999999999300, -13.56999999999999900 ) ) ;
#1657 = DIRECTION ( 'NONE',  ( 3.491998357141312700E-015, 1.000000000000000000, 0.0000000000000000000 ) ) ;
#1658 = ORIENTED_EDGE ( 'NONE', *, *, #3778, .F. ) ;
#1659 = FACE_OUTER_BOUND ( 'NONE', #2217, .T. ) ;
#1660 = ORIENTED_EDGE ( 'NONE', *, *, #2130, .T. ) ;
#1661 = VECTOR ( 'NONE', #44, 1000.000000000000000 ) ;
#1662 = AXIS2_PLACEMENT_3D ( 'NONE', #2910, #4162, #1690 ) ;
#1663 = EDGE_CURVE ( 'NONE', #1254, #5174, #4948, .T. ) ;
#1664 = PLANE ( 'NONE',  #1818 ) ;
#1665 = EDGE_CURVE ( 'NONE', #2525, #2424, #3866, .T. ) ;
#1666 = CARTESIAN_POINT ( 'NONE',  ( 1.309528219689541700, -0.4353571428571474400, -10.30000000000000200 ) ) ;
#1667 = CIRCLE ( 'NONE', #460, 1.534999999999999900 ) ;
#1668 = DIRECTION ( 'NONE',  ( 0.0000000000000000000, 1.000000000000000000, -0.0000000000000000000 ) ) ;
#1669 = DIRECTION ( 'NONE',  ( 1.000000000000000000, 0.0000000000000000000, 0.0000000000000000000 ) ) ;
#1670 = ORIENTED_EDGE ( 'NONE', *, *, #5007, .F. ) ;
#1671 = PLANE ( 'NONE',  #2993 ) ;
#1672 = ORIENTED_EDGE ( 'NONE', *, *, #1567, .F. ) ;
#1673 = CARTESIAN_POINT ( 'NONE',  ( 1.247332690805248000, -0.2388328900722673500, -2.811830572917595600 ) ) ;
#1674 = DIRECTION ( 'NONE',  ( 1.000000000000000000, 0.0000000000000000000, 0.0000000000000000000 ) ) ;
#1675 = DIRECTION ( 'NONE',  ( -0.2614880937736198700, -0.9652067016005632100, -0.0000000000000000000 ) ) ;
#1676 = CARTESIAN_POINT ( 'NONE',  ( 0.0000000000000000000, 0.0000000000000000000, -13.57000000000000000 ) ) ;
#1677 = CARTESIAN_POINT ( 'NONE',  ( 0.0000000000000000000, 0.0000000000000000000, -20.87000000000000100 ) ) ;
#1678 = ORIENTED_EDGE ( 'NONE', *, *, #2579, .F. ) ;
#1679 = ORIENTED_EDGE ( 'NONE', *, *, #2938, .T. ) ;
#1680 = CARTESIAN_POINT ( 'NONE',  ( -0.09848598930484624100, 1.125700008843672800, -16.17000000000000200 ) ) ;
#1681 = ORIENTED_EDGE ( 'NONE', *, *, #321, .T. ) ;
#1682 = AXIS2_PLACEMENT_3D ( 'NONE', #78, #941, #3839 ) ;
#1683 = CARTESIAN_POINT ( 'NONE',  ( 1.117212541407889100, 0.8000000000000002700, -16.17000000000000500 ) ) ;
#1684 = CARTESIAN_POINT ( 'NONE',  ( -0.9115495949992749000, 0.9000000000000000200, -13.57000000000000000 ) ) ;
#1685 = VECTOR ( 'NONE', #2046, 1000.000000000000000 ) ;
#1686 = VECTOR ( 'NONE', #1465, 1000.000000000000000 ) ;
#1687 = CARTESIAN_POINT ( 'NONE',  ( -1.579999999999999800, 5.516540515372150100E-015, -10.30000000000000200 ) ) ;
#1689 = ADVANCED_FACE ( 'NONE', ( #4784 ), #1212, .F. ) ;
#1688 = CARTESIAN_POINT ( 'NONE',  ( -1.544330722560900600, -0.4183809500377926300, -2.160000000000000100 ) ) ;
#1690 = DIRECTION ( 'NONE',  ( -1.000000000000000000, 0.0000000000000000000, 0.0000000000000000000 ) ) ;
#1691 = ORIENTED_EDGE ( 'NONE', *, *, #2686, .T. ) ;
#1692 = ORIENTED_EDGE ( 'NONE', *, *, #4281, .F. ) ;
#1693 = DIRECTION ( 'NONE',  ( -1.000000000000000000, -3.321745982590990000E-016, 0.0000000000000000000 ) ) ;
#1694 = DIRECTION ( 'NONE',  ( -0.0000000000000000000, 1.000000000000000000, -0.0000000000000000000 ) ) ;
#1695 = DIRECTION ( 'NONE',  ( -0.0000000000000000000, -0.0000000000000000000, -1.000000000000000000 ) ) ;
#1696 = LINE ( 'NONE', #1462, #569 ) ;
#1697 = LINE ( 'NONE', #1441, #4817 ) ;
#1698 =( BOUNDED_CURVE ( )  B_SPLINE_CURVE ( 3, ( #2212, #4672, #125, #3066 ),
 .UNSPECIFIED., .F., .T. ) 
 B_SPLINE_CURVE_WITH_KNOTS ( ( 4, 4 ),
 ( 1.570796326794896600, 1.855149521400562000 ),
 .UNSPECIFIED. ) 
 CURVE ( )  GEOMETRIC_REPRESENTATION_ITEM ( )  RATIONAL_B_SPLINE_CURVE ( ( 1.000000000000000000, 0.9932732811164957100, 0.9932732811164957100, 1.000000000000000000 ) ) 
 REPRESENTATION_ITEM ( '' )  );
#1699 = DIRECTION ( 'NONE',  ( 0.0000000000000000000, 0.0000000000000000000, 1.000000000000000000 ) ) ;
#1700 = CARTESIAN_POINT ( 'NONE',  ( 1.257758094408550900, 0.9974845786978674400, -4.800000000000000700 ) ) ;
#1701 = AXIS2_PLACEMENT_3D ( 'NONE', #3369, #4198, #1740 ) ;
#1702 = CARTESIAN_POINT ( 'NONE',  ( -2.665000000000000500, 2.762174940136285600, -2.160000000000000100 ) ) ;
#1703 = ORIENTED_EDGE ( 'NONE', *, *, #831, .F. ) ;
#1704 = ORIENTED_EDGE ( 'NONE', *, *, #3091, .F. ) ;
#1705 = CARTESIAN_POINT ( 'NONE',  ( -1.129999999999999900, 0.0000000000000000000, -10.45592314019917300 ) ) ;
#1706 = PLANE ( 'NONE',  #105 ) ;
#1707 = DIRECTION ( 'NONE',  ( 0.9999999999999995600, 2.933728240325675600E-008, 0.0000000000000000000 ) ) ;
#1708 = DIRECTION ( 'NONE',  ( -0.0000000000000000000, -0.0000000000000000000, 1.000000000000000000 ) ) ;
#1709 = CARTESIAN_POINT ( 'NONE',  ( -1.379999999999999400, 0.0000000000000000000, -10.69000000000000000 ) ) ;
#1710 = CARTESIAN_POINT ( 'NONE',  ( -1.613060155066333900, -0.7999999999999998200, -13.31000000000000000 ) ) ;
#1711 = VERTEX_POINT ( 'NONE', #2468 ) ;
#1712 = LINE ( 'NONE', #1149, #1538 ) ;
#1713 = DIRECTION ( 'NONE',  ( 1.000000000000000000, 0.0000000000000000000, 0.0000000000000000000 ) ) ;
#1714 = EDGE_CURVE ( 'NONE', #5190, #195, #4379, .T. ) ;
#1715 = ORIENTED_EDGE ( 'NONE', *, *, #4654, .T. ) ;
#1716 = EDGE_LOOP ( 'NONE', ( #1906, #3968, #2560, #3118, #5112, #704, #2803, #1909, #4750, #3537, #3728, #5301 ) ) ;
#1717 = DIRECTION ( 'NONE',  ( 0.2740548814104436000, -3.645777856061657700E-017, 0.9617140541632465100 ) ) ;
#1718 = ADVANCED_FACE ( 'NONE', ( #1659 ), #1252, .T. ) ;
#1719 = VECTOR ( 'NONE', #4660, 1000.000000000000000 ) ;
#1720 = VECTOR ( 'NONE', #2467, 1000.000000000000000 ) ;
#1721 = DIRECTION ( 'NONE',  ( -0.0000000000000000000, -0.0000000000000000000, 1.000000000000000000 ) ) ;
#1722 = PRESENTATION_LAYER_ASSIGNMENT (  '', '', ( #1404 ) ) ;
#1723 = ORIENTED_EDGE ( 'NONE', *, *, #1902, .F. ) ;
#1724 = VERTEX_POINT ( 'NONE', #396 ) ;
#1725 = VERTEX_POINT ( 'NONE', #4990 ) ;
#1726 = CARTESIAN_POINT ( 'NONE',  ( -0.9399800422097471800, -0.1376136630112048400, -3.049999999999999800 ) ) ;
#1727 = EDGE_CURVE ( 'NONE', #4479, #2940, #2961, .T. ) ;
#1728 = B_SPLINE_CURVE_WITH_KNOTS ( 'NONE', 3,
 ( #4057, #5227, #3215, #4443, #2002, #4883 ),
 .UNSPECIFIED., .F., .F.,
 ( 4, 2, 4 ),
 ( -3.139621808438200900E-006, 0.0001993545645054340500, 0.0004018487508193062600 ),
 .UNSPECIFIED. ) ;
#1729 = CARTESIAN_POINT ( 'NONE',  ( -0.1448093068344030700, 1.655177951043969300, -10.61197438006638900 ) ) ;
#1730 = PLANE ( 'NONE',  #969 ) ;
#1731 = B_SPLINE_CURVE_WITH_KNOTS ( 'NONE', 3,
 ( #4714, #5150, #2675, #167 ),
 .UNSPECIFIED., .F., .F.,
 ( 4, 4 ),
 ( 0.0000000000000000000, 0.0009312920224049816400 ),
 .UNSPECIFIED. ) ;
#1732 = CARTESIAN_POINT ( 'NONE',  ( -1.146653032409854700, -0.2216175637238740100, -2.807744337165964100 ) ) ;
#1733 = CARTESIAN_POINT ( 'NONE',  ( 0.0000000000000000000, 0.0000000000000000000, -16.17000000000000200 ) ) ;
#1734 = VERTEX_POINT ( 'NONE', #2103 ) ;
#1735 = CARTESIAN_POINT ( 'NONE',  ( -0.09848598930484615800, 1.108659117096004700, -16.17000000000000500 ) ) ;
#1736 = LINE ( 'NONE', #1466, #4860 ) ;
#1737 = LINE ( 'NONE', #3245, #599 ) ;
#1738 = ORIENTED_EDGE ( 'NONE', *, *, #2391, .T. ) ;
#1739 = EDGE_CURVE ( 'NONE', #3693, #785, #3727, .T. ) ;
#1740 = DIRECTION ( 'NONE',  ( 0.0000000000000000000, 0.0000000000000000000, -1.000000000000000000 ) ) ;
#1741 = VECTOR ( 'NONE', #87, 1000.000000000000000 ) ;
#1742 = VERTEX_POINT ( 'NONE', #1862 ) ;
#1743 = LINE ( 'NONE', #2768, #2680 ) ;
#1744 = CARTESIAN_POINT ( 'NONE',  ( 0.2514766625747130200, 1.420423923062239500, -12.83663146437979600 ) ) ;
#1745 = EDGE_CURVE ( 'NONE', #3436, #5313, #1482, .T. ) ;
#1746 = VECTOR ( 'NONE', #786, 1000.000000000000000 ) ;
#1747 = DIRECTION ( 'NONE',  ( 0.0000000000000000000, 1.251002506714043500E-016, -1.000000000000000000 ) ) ;
#1748 = VERTEX_POINT ( 'NONE', #176 ) ;
#1749 = EDGE_CURVE ( 'NONE', #172, #1711, #408, .T. ) ;
#1750 = ORIENTED_EDGE ( 'NONE', *, *, #3044, .T. ) ;
#1751 = CARTESIAN_POINT ( 'NONE',  ( -1.129999999999998100, 0.0000000000000000000, -13.42999999999997800 ) ) ;
#1752 = DIRECTION ( 'NONE',  ( -0.0000000000000000000, -0.0000000000000000000, -1.000000000000000000 ) ) ;
#1754 = ADVANCED_FACE ( 'NONE', ( #2499 ), #4319, .T. ) ;
#1753 = CARTESIAN_POINT ( 'NONE',  ( -1.344813680594695700, -0.2554004858295242900, -2.815750876241089000 ) ) ;
#1755 = CARTESIAN_POINT ( 'NONE',  ( 1.449999999999999700, 1.480000000000000000, -3.549999999999999800 ) ) ;
#1756 = CARTESIAN_POINT ( 'NONE',  ( 0.7980601574949717200, 0.7999999906369366100, -16.17000000000000200 ) ) ;
#1757 = ORIENTED_EDGE ( 'NONE', *, *, #77, .T. ) ;
#1758 = ORIENTED_EDGE ( 'NONE', *, *, #4977, .T. ) ;
#1759 = ORIENTED_EDGE ( 'NONE', *, *, #1295, .T. ) ;
#1760 = DIRECTION ( 'NONE',  ( -0.9719379013633128200, 0.2352375733029894700, -0.0000000000000000000 ) ) ;
#1761 = EDGE_CURVE ( 'NONE', #2602, #122, #4668, .T. ) ;
#1762 = ORIENTED_EDGE ( 'NONE', *, *, #58, .F. ) ;
#1763 = PLANE ( 'NONE',  #1682 ) ;
#1764 = FACE_OUTER_BOUND ( 'NONE', #4907, .T. ) ;
#1765 = LINE ( 'NONE', #853, #4901 ) ;
#1766 = EDGE_LOOP ( 'NONE', ( #1445, #777, #2237, #3714 ) ) ;
#1767 = ORIENTED_EDGE ( 'NONE', *, *, #1257, .F. ) ;
#1768 = VERTEX_POINT ( 'NONE', #634 ) ;
#1769 = CARTESIAN_POINT ( 'NONE',  ( -1.205571613612907100, 0.6264393031925920000, -16.17000000000000200 ) ) ;
#1770 = FACE_OUTER_BOUND ( 'NONE', #2919, .T. ) ;
#1771 = CARTESIAN_POINT ( 'NONE',  ( -0.9209918874809843700, 0.9000000000000000200, -13.32002638234778800 ) ) ;
#1772 = CARTESIAN_POINT ( 'NONE',  ( -2.464999999999999900, 2.980000000000000000, 0.0000000000000000000 ) ) ;
#1773 = CARTESIAN_POINT ( 'NONE',  ( 1.636581280715015300, -0.07786503716479649400, -2.159999999994015200 ) ) ;
#1774 = DIRECTION ( 'NONE',  ( -0.1448564873802155300, 0.9894526760102604300, -0.0000000000000000000 ) ) ;
#1775 = ORIENTED_EDGE ( 'NONE', *, *, #5145, .T. ) ;
#1776 = CARTESIAN_POINT ( 'NONE',  ( -1.745415452061018600, -0.4728576362406303200, -2.159999999999999700 ) ) ;
#1777 = ADVANCED_FACE ( 'NONE', ( #3461 ), #2705, .F. ) ;
#1778 = EDGE_CURVE ( 'NONE', #3068, #4740, #2322, .T. ) ;
#1779 = EDGE_CURVE ( 'NONE', #4254, #315, #1255, .T. ) ;
#1780 = CARTESIAN_POINT ( 'NONE',  ( 1.171357150092621600, -0.2830217273562160000, -4.800000000000000700 ) ) ;
#1781 = FACE_OUTER_BOUND ( 'NONE', #235, .T. ) ;
#1782 = PLANE ( 'NONE',  #3025 ) ;
#1783 = ORIENTED_EDGE ( 'NONE', *, *, #219, .T. ) ;
#1784 = DIRECTION ( 'NONE',  ( 1.000000000000000000, 0.0000000000000000000, -0.0000000000000000000 ) ) ;
#1785 =( NAMED_UNIT ( * ) SI_UNIT ( $, .STERADIAN. ) SOLID_ANGLE_UNIT ( ) );
#1786 = FACE_OUTER_BOUND ( 'NONE', #5128, .T. ) ;
#1787 = VECTOR ( 'NONE', #3036, 1000.000000000000000 ) ;
#1788 = CARTESIAN_POINT ( 'NONE',  ( -0.7980601481091488300, -0.7999999999999997100, -16.17000000000000200 ) ) ;
#1789 = ORIENTED_EDGE ( 'NONE', *, *, #3379, .F. ) ;
#1790 = VERTEX_POINT ( 'NONE', #3538 ) ;
#1791 = CARTESIAN_POINT ( 'NONE',  ( -1.379999999999999900, 0.0000000000000000000, -14.80000000000001100 ) ) ;
#1792 = VECTOR ( 'NONE', #3310, 1000.000000000000000 ) ;
#1793 = VERTEX_POINT ( 'NONE', #1057 ) ;
#1794 = FACE_OUTER_BOUND ( 'NONE', #1008, .T. ) ;
#1795 = VERTEX_POINT ( 'NONE', #644 ) ;
#1796 = CARTESIAN_POINT ( 'NONE',  ( -0.7980601481091488300, -0.8000000000000018200, -1.000802005371237100E-016 ) ) ;
#1797 = VECTOR ( 'NONE', #2115, 1000.000000000000000 ) ;
#1798 = DIRECTION ( 'NONE',  ( 0.0000000000000000000, 0.0000000000000000000, -1.000000000000000000 ) ) ;
#1799 = DIRECTION ( 'NONE',  ( 0.01216090028527172300, 0.1389997263093317400, -0.9902177480686672500 ) ) ;
#1800 = DIRECTION ( 'NONE',  ( -0.0000000000000000000, -0.0000000000000000000, -1.000000000000000000 ) ) ;
#1801 = ORIENTED_EDGE ( 'NONE', *, *, #117, .T. ) ;
#1802 = AXIS2_PLACEMENT_3D ( 'NONE', #491, #2572, #5050 ) ;
#1803 = CARTESIAN_POINT ( 'NONE',  ( 0.7980601574949717200, 0.7999999906369366100, -16.17000000000000200 ) ) ;
#1805 = EDGE_LOOP ( 'NONE', ( #3820, #2687, #1562, #2743, #683, #1451 ) ) ;
#1804 = CARTESIAN_POINT ( 'NONE',  ( -1.393797322281931500, 0.8728602808769893000, -11.14666666666666700 ) ) ;
#1806 = VERTEX_POINT ( 'NONE', #2283 ) ;
#1807 = ORIENTED_EDGE ( 'NONE', *, *, #694, .F. ) ;
#1808 = CARTESIAN_POINT ( 'NONE',  ( 2.170976999847809500, 0.2936944498228293800, -13.31000000000000000 ) ) ;
#1809 = DIRECTION ( 'NONE',  ( 0.0000000000000000000, -0.0000000000000000000, -1.000000000000000000 ) ) ;
#1810 = CARTESIAN_POINT ( 'NONE',  ( 1.105621504979913600, -0.2145668387635223100, -2.806067285669653800 ) ) ;
#1811 = CARTESIAN_POINT ( 'NONE',  ( 0.7652850877162884500, 1.494256168217047400, -10.68999999999999800 ) ) ;
#1812 = EDGE_CURVE ( 'NONE', #3725, #4093, #2626, .T. ) ;
#1813 = VECTOR ( 'NONE', #4103, 1000.000000000000000 ) ;
#1814 = CARTESIAN_POINT ( 'NONE',  ( 1.792135533444936700, -0.5869905775883104100, -13.31000000000000400 ) ) ;
#1815 = VECTOR ( 'NONE', #3117, 1000.000000000000000 ) ;
#1816 = ORIENTED_EDGE ( 'NONE', *, *, #1812, .T. ) ;
#1817 = ORIENTED_EDGE ( 'NONE', *, *, #1561, .T. ) ;
#1818 = AXIS2_PLACEMENT_3D ( 'NONE', #4524, #4961, #2485 ) ;
#1819 = EDGE_CURVE ( 'NONE', #1276, #4707, #4727, .T. ) ;
#1820 = CONICAL_SURFACE ( 'NONE', #1948, 1.379999999999999700, 0.1399874452130812600 ) ;
#1821 = VECTOR ( 'NONE', #3092, 1000.000000000000000 ) ;
#1822 = EDGE_CURVE ( 'NONE', #3573, #1319, #4386, .T. ) ;
#1823 = CARTESIAN_POINT ( 'NONE',  ( -0.8638187737285800700, 1.667996994357973300, -10.53394882898244800 ) ) ;
#1824 = UNCERTAINTY_MEASURE_WITH_UNIT (LENGTH_MEASURE( 1.000000000000000100E-005 ), #2691, 'distance_accuracy_value', 'NONE');
#1825 = VERTEX_POINT ( 'NONE', #3981 ) ;
#1826 = EDGE_CURVE ( 'NONE', #3418, #5060, #4285, .T. ) ;
#1827 = ORIENTED_EDGE ( 'NONE', *, *, #3045, .F. ) ;
#1828 = CARTESIAN_POINT ( 'NONE',  ( -0.3518441796975631500, 1.544753267494515900, -11.01987496060188900 ) ) ;
#1829 = CARTESIAN_POINT ( 'NONE',  ( 0.1205638821283358100, 1.378051478550937000, -13.42999999999998900 ) ) ;
#1830 = ORIENTED_EDGE ( 'NONE', *, *, #5126, .F. ) ;
#1831 = CARTESIAN_POINT ( 'NONE',  ( 0.7980601574949716100, 0.7999999906369361600, -16.17000000000000200 ) ) ;
#1832 = ORIENTED_EDGE ( 'NONE', *, *, #3205, .F. ) ;
#1833 = VECTOR ( 'NONE', #4855, 1000.000000000000000 ) ;
#1834 = ORIENTED_EDGE ( 'NONE', *, *, #3819, .T. ) ;
#1835 = EDGE_LOOP ( 'NONE', ( #1807, #1891, #3892, #2657 ) ) ;
#1836 = LINE ( 'NONE', #4945, #2960 ) ;
#1837 = CARTESIAN_POINT ( 'NONE',  ( 0.8963266196103798500, 0.7999999935198076600, -15.82516308280242100 ) ) ;
#1838 = ORIENTED_EDGE ( 'NONE', *, *, #577, .T. ) ;
#1839 = ORIENTED_EDGE ( 'NONE', *, *, #5261, .T. ) ;
#1840 = VERTEX_POINT ( 'NONE', #5208 ) ;
#1841 = CARTESIAN_POINT ( 'NONE',  ( -1.188075341996936300, 0.7999999999999999300, -13.56999999999999900 ) ) ;
#1842 = EDGE_CURVE ( 'NONE', #961, #6, #3342, .T. ) ;
#1843 = ORIENTED_EDGE ( 'NONE', *, *, #77, .F. ) ;
#1844 = LINE ( 'NONE', #2297, #2973 ) ;
#1845 = LINE ( 'NONE', #4885, #2974 ) ;
#1846 = ORIENTED_EDGE ( 'NONE', *, *, #3698, .T. ) ;
#1847 = LINE ( 'NONE', #3422, #1741 ) ;
#1848 = ORIENTED_EDGE ( 'NONE', *, *, #5082, .F. ) ;
#1849 = CIRCLE ( 'NONE', #3817, 1.129999999999999700 ) ;
#1850 = EDGE_CURVE ( 'NONE', #1240, #2901, #1099, .T. ) ;
#1851 = CARTESIAN_POINT ( 'NONE',  ( 0.09848598930484628300, 1.125700008843672800, -16.17000000000000500 ) ) ;
#1852 = ADVANCED_FACE ( 'NONE', ( #5241 ), #3550, .F. ) ;
#1853 = ORIENTED_EDGE ( 'NONE', *, *, #3753, .F. ) ;
#1854 = CARTESIAN_POINT ( 'NONE',  ( 1.805000000000000800, -0.2300000000000062800, -6.900000000000001200 ) ) ;
#1855 = AXIS2_PLACEMENT_3D ( 'NONE', #3263, #1197, #4100 ) ;
#1856 = PRESENTATION_LAYER_ASSIGNMENT (  '', '', ( #2389 ) ) ;
#1857 = EDGE_CURVE ( 'NONE', #4610, #1748, #4180, .T. ) ;
#1858 = EDGE_CURVE ( 'NONE', #2876, #4624, #3084, .T. ) ;
#1859 = ORIENTED_EDGE ( 'NONE', *, *, #1629, .T. ) ;
#1860 = ORIENTED_EDGE ( 'NONE', *, *, #3430, .T. ) ;
#1861 = VERTEX_POINT ( 'NONE', #4401 ) ;
#1862 = CARTESIAN_POINT ( 'NONE',  ( -2.665000000000000500, 2.980000000000000000, -2.160000000000000100 ) ) ;
#1863 = ORIENTED_EDGE ( 'NONE', *, *, #3379, .T. ) ;
#1864 = FACE_OUTER_BOUND ( 'NONE', #3879, .T. ) ;
#1865 = LINE ( 'NONE', #4133, #5058 ) ;
#1866 = DIRECTION ( 'NONE',  ( 0.0000000000000000000, -0.0000000000000000000, 1.000000000000000000 ) ) ;
#1867 = VERTEX_POINT ( 'NONE', #3176 ) ;
#1868 = ORIENTED_EDGE ( 'NONE', *, *, #117, .F. ) ;
#1869 = B_SPLINE_CURVE_WITH_KNOTS ( 'NONE', 3,
 ( #3618, #1990, #4454, #2011, #4891, #2414, #5298, #2850 ),
 .UNSPECIFIED., .F., .F.,
 ( 4, 2, 2, 4 ),
 ( 0.0000000000000000000, 0.0003015903331261536300, 0.0004523854996892305600, 0.0006031806662523074800 ),
 .UNSPECIFIED. ) ;
#1870 = CARTESIAN_POINT ( 'NONE',  ( -1.250000000000000200, 1.979999999999999800, -3.257106781186547300 ) ) ;
#1871 = AXIS2_PLACEMENT_3D ( 'NONE', #1676, #4536, #2085 ) ;
#1872 = ADVANCED_BREP_SHAPE_REPRESENTATION ( '02-09-1104', ( #1299, #5219, #2161 ), #5046 ) ;
#1873 = VECTOR ( 'NONE', #455, 1000.000000000000000 ) ;
#1874 = CARTESIAN_POINT ( 'NONE',  ( 0.8910876943976938600, 0.7999999999999828400, -15.94012066239133500 ) ) ;
#1875 = ORIENTED_EDGE ( 'NONE', *, *, #3949, .F. ) ;
#1876 = DIRECTION ( 'NONE',  ( -0.1112818360932102100, -0.7601186008656498600, -0.6401843996644801500 ) ) ;
#1877 = ADVANCED_FACE ( 'NONE', ( #19 ), #4832, .T. ) ;
#1878 = EDGE_CURVE ( 'NONE', #5060, #4852, #1006, .T. ) ;
#1879 = AXIS2_PLACEMENT_3D ( 'NONE', #5066, #2583, #80 ) ;
#1880 = SURFACE_SIDE_STYLE ('',( #1081 ) ) ;
#1881 = FACE_OUTER_BOUND ( 'NONE', #3185, .T. ) ;
#1882 = ORIENTED_EDGE ( 'NONE', *, *, #833, .F. ) ;
#1883 = CARTESIAN_POINT ( 'NONE',  ( 1.172462453819985000, -2.747090209085374800, -2.159999999999999700 ) ) ;
#1884 = DIRECTION ( 'NONE',  ( 0.0000000000000000000, 0.0000000000000000000, 1.000000000000000000 ) ) ;
#1885 = ORIENTED_EDGE ( 'NONE', *, *, #910, .T. ) ;
#1886 = LINE ( 'NONE', #492, #4094 ) ;
#1887 = LINE ( 'NONE', #2184, #802 ) ;
#1888 = CARTESIAN_POINT ( 'NONE',  ( 0.8798276833061962100, 0.7999999930357736300, -16.17000000000000500 ) ) ;
#1889 = CARTESIAN_POINT ( 'NONE',  ( -1.379999999999999700, 0.0000000000000000000, -20.87000000000000100 ) ) ;
#1890 = DIRECTION ( 'NONE',  ( 0.0000000000000000000, 0.0000000000000000000, 1.000000000000000000 ) ) ;
#1891 = ORIENTED_EDGE ( 'NONE', *, *, #4585, .T. ) ;
#1892 = ORIENTED_EDGE ( 'NONE', *, *, #3062, .T. ) ;
#1893 = EDGE_CURVE ( 'NONE', #3686, #3930, #3214, .T. ) ;
#1894 = CARTESIAN_POINT ( 'NONE',  ( -1.362437814161343400, -0.3338777301670966000, -2.427865485617629400 ) ) ;
#1895 = DIRECTION ( 'NONE',  ( 0.0000000000000000000, 0.0000000000000000000, -1.000000000000000000 ) ) ;
#1896 = LINE ( 'NONE', #4513, #3124 ) ;
#1897 = ADVANCED_FACE ( 'NONE', ( #4028 ), #309, .F. ) ;
#1898 = VERTEX_POINT ( 'NONE', #1983 ) ;
#1899 = FACE_OUTER_BOUND ( 'NONE', #2526, .T. ) ;
#1900 = CARTESIAN_POINT ( 'NONE',  ( 0.0000000000000000000, 0.0000000000000000000, -2.160000000000000100 ) ) ;
#1901 = ORIENTED_EDGE ( 'NONE', *, *, #5342, .F. ) ;
#1902 = EDGE_CURVE ( 'NONE', #3487, #2527, #5136, .T. ) ;
#1903 = LINE ( 'NONE', #4998, #3975 ) ;
#1904 = B_SPLINE_CURVE_WITH_KNOTS ( 'NONE', 3,
 ( #588, #2252, #1023, #3933 ),
 .UNSPECIFIED., .F., .F.,
 ( 4, 4 ),
 ( 0.5007351642904662700, 0.9287245450964991500 ),
 .UNSPECIFIED. ) ;
#1905 = EDGE_CURVE ( 'NONE', #2584, #536, #1845, .T. ) ;
#1906 = ORIENTED_EDGE ( 'NONE', *, *, #3115, .F. ) ;
#1907 = DIRECTION ( 'NONE',  ( -0.9894526760102604300, -0.1448564873802154800, -0.0000000000000000000 ) ) ;
#1908 = EDGE_CURVE ( 'NONE', #4322, #1000, #888, .T. ) ;
#1909 = ORIENTED_EDGE ( 'NONE', *, *, #4304, .T. ) ;
#1910 = ORIENTED_EDGE ( 'NONE', *, *, #1761, .F. ) ;
#1911 = CARTESIAN_POINT ( 'NONE',  ( 0.0000000000000000000, 0.0000000000000000000, -16.17000000000000200 ) ) ;
#1912 = CARTESIAN_POINT ( 'NONE',  ( 1.132698837168188800, 0.02169793595352847000, -10.59451763378655500 ) ) ;
#1913 = CARTESIAN_POINT ( 'NONE',  ( -0.9752535514619695700, 0.8000000000000000400, -13.57000000000000000 ) ) ;
#1914 = VERTEX_POINT ( 'NONE', #2402 ) ;
#1915 = AXIS2_PLACEMENT_3D ( 'NONE', #1272, #4185, #1713 ) ;
#1916 = EDGE_CURVE ( 'NONE', #4003, #2907, #1737, .T. ) ;
#1917 = LINE ( 'NONE', #962, #844 ) ;
#1918 = VECTOR ( 'NONE', #4550, 1000.000000000000000 ) ;
#1919 = ORIENTED_EDGE ( 'NONE', *, *, #2670, .F. ) ;
#1920 = VERTEX_POINT ( 'NONE', #340 ) ;
#1921 = CARTESIAN_POINT ( 'NONE',  ( 1.105621504979913600, -0.2145668387635223100, -2.806067285669653800 ) ) ;
#1922 = ADVANCED_FACE ( 'NONE', ( #5025 ), #2431, .F. ) ;
#1923 = DIRECTION ( 'NONE',  ( -0.0000000000000000000, -0.0000000000000000000, -1.000000000000000000 ) ) ;
#1924 = DIRECTION ( 'NONE',  ( 1.000000000000000000, -3.491998357141312700E-015, -1.355252715606880300E-016 ) ) ;
#1925 = VECTOR ( 'NONE', #1443, 1000.000000000000000 ) ;
#1926 = LINE ( 'NONE', #2233, #5204 ) ;
#1927 = DIRECTION ( 'NONE',  ( -0.0000000000000000000, -0.0000000000000000000, -1.000000000000000000 ) ) ;
#1928 = B_SPLINE_CURVE_WITH_KNOTS ( 'NONE', 3,
 ( #1921, #4793, #2309, #5209, #2751, #242 ),
 .UNSPECIFIED., .F., .F.,
 ( 4, 2, 4 ),
 ( 0.0000000000000000000, 0.0002284280083542231300, 0.0004568560167084462600 ),
 .UNSPECIFIED. ) ;
#1929 = CARTESIAN_POINT ( 'NONE',  ( 1.477260770030791100, -0.3449698278116574100, -2.514819123938790000 ) ) ;
#1930 = CARTESIAN_POINT ( 'NONE',  ( -0.7980601574949718300, 0.7999999906369361600, -16.17000000000000200 ) ) ;
#1931 = CARTESIAN_POINT ( 'NONE',  ( 1.429464627884892100, 1.480000000000000000, -6.099999999999999600 ) ) ;
#1932 = EDGE_LOOP ( 'NONE', ( #188, #5129, #4395, #1092, #2096, #1368 ) ) ;
#1933 = CARTESIAN_POINT ( 'NONE',  ( 1.219679438377712100, 1.772893218813452300, -3.049999999999999800 ) ) ;
#1934 = DIRECTION ( 'NONE',  ( -1.000000000000000000, 0.0000000000000000000, 0.0000000000000000000 ) ) ;
#1935 = ORIENTED_EDGE ( 'NONE', *, *, #1739, .F. ) ;
#1936 = PLANE ( 'NONE',  #4801 ) ;
#1937 = CARTESIAN_POINT ( 'NONE',  ( 0.0000000000000000000, 0.0000000000000000000, -4.200000000000000200 ) ) ;
#1938 = DIRECTION ( 'NONE',  ( 0.0000000000000000000, 0.0000000000000000000, 1.000000000000000000 ) ) ;
#1939 = CARTESIAN_POINT ( 'NONE',  ( -1.141644903989800200, 0.2000000000000040900, -10.68999999999999600 ) ) ;
#1940 = DIRECTION ( 'NONE',  ( -1.000000000000000000, 3.491481338843133400E-015, -0.0000000000000000000 ) ) ;
#1941 = PLANE ( 'NONE',  #4983 ) ;
#1942 = FACE_OUTER_BOUND ( 'NONE', #4779, .T. ) ;
#1943 = CARTESIAN_POINT ( 'NONE',  ( -0.3314166064659555000, 1.787391806828483300, -11.09489591925753200 ) ) ;
#1944 = ORIENTED_EDGE ( 'NONE', *, *, #5218, .T. ) ;
#1945 = CARTESIAN_POINT ( 'NONE',  ( -1.124455423598471800, 0.8000000002124864100, -16.17000000000000200 ) ) ;
#1946 = ORIENTED_EDGE ( 'NONE', *, *, #1192, .T. ) ;
#1947 = AXIS2_PLACEMENT_3D ( 'NONE', #1646, #5334, #854 ) ;
#1948 = AXIS2_PLACEMENT_3D ( 'NONE', #518, #3023, #2171 ) ;
#1949 = ADVANCED_FACE ( 'NONE', ( #3800 ), #1564, .F. ) ;
#1950 = CARTESIAN_POINT ( 'NONE',  ( 0.9399800422097472900, -0.1376136630112047800, -6.099999999999999600 ) ) ;
#1951 = CARTESIAN_POINT ( 'NONE',  ( -1.210547887834956700, -0.01532656895997766400, -3.049999999999999800 ) ) ;
#1952 = CARTESIAN_POINT ( 'NONE',  ( 2.464999999999999400, 2.980000000000001300, 0.0000000000000000000 ) ) ;
#1953 = ORIENTED_EDGE ( 'NONE', *, *, #1444, .F. ) ;
#1954 = DIRECTION ( 'NONE',  ( -0.9652067016005631000, -0.2614880937736204800, 0.0000000000000000000 ) ) ;
#1955 = VERTEX_POINT ( 'NONE', #4105 ) ;
#1956 = DIRECTION ( 'NONE',  ( 1.000000000000000000, 0.0000000000000000000, 0.0000000000000000000 ) ) ;
#1957 = CARTESIAN_POINT ( 'NONE',  ( 0.0000000000000000000, 0.0000000000000000000, -6.099999999999999600 ) ) ;
#1958 = B_SPLINE_CURVE_WITH_KNOTS ( 'NONE', 3,
 ( #4248, #2314, #691, #3578, #1093, #4002, #1505, #4390, #1943, #4819 ),
 .UNSPECIFIED., .F., .F.,
 ( 4, 2, 2, 2, 4 ),
 ( 1.351838165936774400E-013, 0.0002129976404527454800, 0.0004259952807703071000, 0.0006389929210878687500, 0.0008519905614054304500 ),
 .UNSPECIFIED. ) ;
#1959 = CARTESIAN_POINT ( 'NONE',  ( -1.124455423749646200, -0.8000000000000018200, -1.000802005371237100E-016 ) ) ;
#1960 = ORIENTED_EDGE ( 'NONE', *, *, #813, .T. ) ;
#1961 = CARTESIAN_POINT ( 'NONE',  ( -1.304484163283652400, -0.2345090280920002500, -2.875744055462466300 ) ) ;
#1962 = ORIENTED_EDGE ( 'NONE', *, *, #4290, .F. ) ;
#1963 = VECTOR ( 'NONE', #5229, 1000.000000000000000 ) ;
#1964 = VERTEX_POINT ( 'NONE', #4061 ) ;
#1965 = FACE_OUTER_BOUND ( 'NONE', #538, .T. ) ;
#1966 = PLANE ( 'NONE',  #3836 ) ;
#1967 = EDGE_LOOP ( 'NONE', ( #773, #2229, #1220, #735, #3278 ) ) ;
#1968 = DIRECTION ( 'NONE',  ( 1.000000000000000000, 0.0000000000000000000, 0.0000000000000000000 ) ) ;
#1969 = EDGE_CURVE ( 'NONE', #457, #4979, #3918, .T. ) ;
#1970 = ORIENTED_EDGE ( 'NONE', *, *, #4598, .F. ) ;
#1971 = CARTESIAN_POINT ( 'NONE',  ( -1.380000000013882300, -0.1469381312375129500, -16.17000000000000200 ) ) ;
#1972 = CARTESIAN_POINT ( 'NONE',  ( -1.257758094408550900, 0.9974845786978674400, -5.200000000000001100 ) ) ;
#1973 = CARTESIAN_POINT ( 'NONE',  ( -0.8963266196023588200, 0.7999999935198076600, -15.82516308283056900 ) ) ;
#1974 = CARTESIAN_POINT ( 'NONE',  ( 0.2305126330003931000, 1.106238638824022400, -16.17000000000000200 ) ) ;
#1975 = MECHANICAL_DESIGN_GEOMETRIC_PRESENTATION_REPRESENTATION (  '', ( #1404 ), #2242 ) ;
#1976 = CARTESIAN_POINT ( 'NONE',  ( 1.363610773943619000, -0.3205561776477941500, -2.510044183924566900 ) ) ;
#1977 = DIRECTION ( 'NONE',  ( -0.1448564873802154500, 0.9894526760102604300, 0.0000000000000000000 ) ) ;
#1978 = DIRECTION ( 'NONE',  ( -0.0000000000000000000, -0.0000000000000000000, 1.000000000000000000 ) ) ;
#1979 = EDGE_CURVE ( 'NONE', #298, #5239, #2839, .T. ) ;
#1980 = VERTEX_POINT ( 'NONE', #2451 ) ;
#1981 = CARTESIAN_POINT ( 'NONE',  ( 1.379999999999999900, 0.0000000000000000000, -14.80000000000001100 ) ) ;
#1982 = DIRECTION ( 'NONE',  ( -0.0000000000000000000, -0.0000000000000000000, 1.000000000000000000 ) ) ;
#1983 = CARTESIAN_POINT ( 'NONE',  ( 1.881069649684759400, -0.1314743147602323900, -2.160000000000000100 ) ) ;
#1984 = CARTESIAN_POINT ( 'NONE',  ( 1.129999999999999900, -2.436307990990014500E-011, -10.49000312148119600 ) ) ;
#1985 = ADVANCED_FACE ( 'NONE', ( #4722 ), #4125, .F. ) ;
#1986 = CARTESIAN_POINT ( 'NONE',  ( -1.130000000916808300, 0.1562883390082115700, -16.17000000000000500 ) ) ;
#1987 = EDGE_CURVE ( 'NONE', #3418, #1377, #2673, .T. ) ;
#1988 = CARTESIAN_POINT ( 'NONE',  ( 0.7829602652521495700, 1.239927154056998700, -10.69000000000000000 ) ) ;
#1989 = DIRECTION ( 'NONE',  ( 0.9999999999999995600, 2.933728273543135700E-008, 0.0000000000000000000 ) ) ;
#1990 = CARTESIAN_POINT ( 'NONE',  ( 1.599894720924779100, -0.3875373208082076900, -2.436298713437552000 ) ) ;
#1991 = CARTESIAN_POINT ( 'NONE',  ( 0.0000000000000000000, 1.480000000000000000, -3.549999999999999800 ) ) ;
#1992 = EDGE_CURVE ( 'NONE', #122, #1203, #2802, .T. ) ;
#1993 = CARTESIAN_POINT ( 'NONE',  ( -1.129999999999999900, 0.02000000000000394900, -10.10000000000000100 ) ) ;
#1994 = LINE ( 'NONE', #4926, #2139 ) ;
#1995 = LINE ( 'NONE', #372, #916 ) ;
#1996 = DIRECTION ( 'NONE',  ( -3.956942235348556100E-017, 0.0000000000000000000, 1.000000000000000000 ) ) ;
#1997 = DIRECTION ( 'NONE',  ( -0.1395306826824026800, 0.0000000000000000000, -0.9902177480686673600 ) ) ;
#1998 = VERTEX_POINT ( 'NONE', #2472 ) ;
#1999 = CARTESIAN_POINT ( 'NONE',  ( -1.528703027711773700, -0.3557259297440323300, -2.516896027719037800 ) ) ;
#2000 = EDGE_CURVE ( 'NONE', #442, #1245, #2564, .T. ) ;
#2001 = ORIENTED_EDGE ( 'NONE', *, *, #1486, .F. ) ;
#2002 = CARTESIAN_POINT ( 'NONE',  ( -1.494596184423105500, -0.2387989648837313100, -10.10000000000000000 ) ) ;
#2003 = CARTESIAN_POINT ( 'NONE',  ( 1.393797322281931500, 0.8728602808769893000, -11.14666666666666700 ) ) ;
#2004 = CARTESIAN_POINT ( 'NONE',  ( 1.046135746449761400, -0.9000000000000000200, -12.82000000000000000 ) ) ;
#2005 = VECTOR ( 'NONE', #3752, 1000.000000000000000 ) ;
#2006 = CARTESIAN_POINT ( 'NONE',  ( -1.250000000000000200, 1.980000000000000000, -6.099999999999999600 ) ) ;
#2007 = CARTESIAN_POINT ( 'NONE',  ( -1.429464627884892400, 1.480000000000000000, -3.049999999999999800 ) ) ;
#2008 = ORIENTED_EDGE ( 'NONE', *, *, #4828, .T. ) ;
#2009 = CARTESIAN_POINT ( 'NONE',  ( 0.4201982897177587400, 1.522261027709820700, -10.89112770028176600 ) ) ;
#2010 = DIRECTION ( 'NONE',  ( 0.9894526760102604300, -0.1448564873802154800, -0.0000000000000000000 ) ) ;
#2011 = CARTESIAN_POINT ( 'NONE',  ( 1.759212035767854200, -0.3268889407066436500, -2.248343642959453000 ) ) ;
#2012 = CARTESIAN_POINT ( 'NONE',  ( -1.380585265340179300, 0.02168309380385762300, -10.59452768648789700 ) ) ;
#2013 = EDGE_CURVE ( 'NONE', #5004, #1867, #5036, .T. ) ;
#2014 = ADVANCED_FACE ( 'NONE', ( #4861 ), #3751, .T. ) ;
#2015 = CARTESIAN_POINT ( 'NONE',  ( -0.3081558482508820500, 1.509551311515675100, -11.60170249701554800 ) ) ;
#2016 = CARTESIAN_POINT ( 'NONE',  ( -1.250000000000000200, 1.980000000000000000, -5.599999999999998800 ) ) ;
#2017 = DIRECTION ( 'NONE',  ( 0.0000000000000000000, -1.000000000000000000, 0.0000000000000000000 ) ) ;
#2018 = LINE ( 'NONE', #1959, #3016 ) ;
#2019 = CARTESIAN_POINT ( 'NONE',  ( -1.308209824139145500, -0.3086846657188329600, -2.507724601672090900 ) ) ;
#2021 = ORIENTED_EDGE ( 'NONE', *, *, #4619, .T. ) ;
#2020 = CARTESIAN_POINT ( 'NONE',  ( 1.178256966543914900, 0.8000000000000004900, -14.01884349110129200 ) ) ;
#2022 = CARTESIAN_POINT ( 'NONE',  ( -1.398792522347050300, 0.03229671907545121600, -3.050000000000034900 ) ) ;
#2023 = ORIENTED_EDGE ( 'NONE', *, *, #2600, .F. ) ;
#2024 = CARTESIAN_POINT ( 'NONE',  ( 0.8638187737286267000, 1.667996994358505300, -10.53394882897433300 ) ) ;
#2025 = CIRCLE ( 'NONE', #4111, 0.5000000000000000000 ) ;
#2026 = CARTESIAN_POINT ( 'NONE',  ( -5.200000000000001100, 0.9000000000000000200, -12.82000000000000000 ) ) ;
#2027 = DIRECTION ( 'NONE',  ( 1.000000000000000000, 3.321745982590990000E-016, 0.0000000000000000000 ) ) ;
#2028 = CARTESIAN_POINT ( 'NONE',  ( -1.269863587307896700, -0.1958787663455192600, -2.932495429173783900 ) ) ;
#2029 = CARTESIAN_POINT ( 'NONE',  ( 0.0000000000000000000, 0.0000000000000000000, -20.87000000000000100 ) ) ;
#2030 = DIRECTION ( 'NONE',  ( 1.000000000000000000, 0.0000000000000000000, -0.0000000000000000000 ) ) ;
#2031 = AXIS2_PLACEMENT_3D ( 'NONE', #4472, #2867, #358 ) ;
#2032 = ORIENTED_EDGE ( 'NONE', *, *, #410, .T. ) ;
#2033 = EDGE_CURVE ( 'NONE', #4375, #1793, #475, .T. ) ;
#2034 = ORIENTED_EDGE ( 'NONE', *, *, #1361, .F. ) ;
#2035 = FACE_OUTER_BOUND ( 'NONE', #3351, .T. ) ;
#2036 = EDGE_CURVE ( 'NONE', #4661, #1840, #4609, .T. ) ;
#2037 = DIRECTION ( 'NONE',  ( -1.000000000000000000, 3.491481338843133400E-015, 0.0000000000000000000 ) ) ;
#2038 = CARTESIAN_POINT ( 'NONE',  ( 1.544330722560900900, -0.4183809500377919100, -2.160000000000000100 ) ) ;
#2039 = FACE_OUTER_BOUND ( 'NONE', #1766, .T. ) ;
#2040 = CARTESIAN_POINT ( 'NONE',  ( 1.115207788505095100, 0.08310203053960578400, -3.049999999999999800 ) ) ;
#2041 = CARTESIAN_POINT ( 'NONE',  ( 1.069131691499643600, -0.2587613306332878200, -5.799999999999999800 ) ) ;
#2042 = CARTESIAN_POINT ( 'NONE',  ( 0.0000000000000000000, 0.0000000000000000000, -20.87000000000000100 ) ) ;
#2043 = DIRECTION ( 'NONE',  ( -1.000000000000000000, 0.0000000000000000000, 0.0000000000000000000 ) ) ;
#2044 = ORIENTED_EDGE ( 'NONE', *, *, #813, .F. ) ;
#2045 = CIRCLE ( 'NONE', #4769, 1.379999999999999700 ) ;
#2046 = DIRECTION ( 'NONE',  ( 1.000000000000000000, -0.0000000000000000000, -0.0000000000000000000 ) ) ;
#2047 = CARTESIAN_POINT ( 'NONE',  ( 0.8275779926601031200, 1.460106257069151000, -10.69000000000000000 ) ) ;
#2048 = CIRCLE ( 'NONE', #3142, 1.129999999999998600 ) ;
#2049 = CARTESIAN_POINT ( 'NONE',  ( -1.267799032382584700, -0.5626998961148779200, -16.16999999818624900 ) ) ;
#2050 = CARTESIAN_POINT ( 'NONE',  ( 1.210547887802235800, -0.01532656918348145700, -3.049999999999999800 ) ) ;
#2051 = CARTESIAN_POINT ( 'NONE',  ( -1.203594813282965900, 0.06725727894522742800, -3.049999999999999800 ) ) ;
#2052 = DIRECTION ( 'NONE',  ( -0.0000000000000000000, 0.0000000000000000000, 1.000000000000000000 ) ) ;
#2053 = VERTEX_POINT ( 'NONE', #4021 ) ;
#2054 = EDGE_LOOP ( 'NONE', ( #4060, #2251, #3502, #1859 ) ) ;
#2055 = CARTESIAN_POINT ( 'NONE',  ( -1.613060140484152700, 0.8000000145468216800, -13.31000000000000000 ) ) ;
#2056 = DIRECTION ( 'NONE',  ( 1.000000000000000000, -3.488520879062148500E-015, 0.0000000000000000000 ) ) ;
#2057 = AXIS2_PLACEMENT_3D ( 'NONE', #4365, #1927, #4796 ) ;
#2058 = CARTESIAN_POINT ( 'NONE',  ( 1.124455423749646700, -0.7999999999999997100, -16.17000000000000200 ) ) ;
#2059 = ORIENTED_EDGE ( 'NONE', *, *, #4683, .T. ) ;
#2060 = CARTESIAN_POINT ( 'NONE',  ( 1.785632397961041300, -0.4837529734811965600, 0.0000000000000000000 ) ) ;
#2061 = CARTESIAN_POINT ( 'NONE',  ( 0.9812072370435081000, -0.1436493499853804000, -3.049999999999999800 ) ) ;
#2062 = DIRECTION ( 'NONE',  ( 0.0000000000000000000, 0.0000000000000000000, 1.000000000000000000 ) ) ;
#2063 = DIRECTION ( 'NONE',  ( 0.0000000000000000000, 0.0000000000000000000, -1.000000000000000000 ) ) ;
#2065 = ADVANCED_FACE ( 'NONE', ( #1315 ), #3403, .F. ) ;
#2064 = DIRECTION ( 'NONE',  ( 0.9719379013633127100, 0.2352375733029898100, -0.0000000000000000000 ) ) ;
#2066 = DIRECTION ( 'NONE',  ( 2.933728240325675600E-008, -0.9999999999999995600, 2.815208314736420500E-016 ) ) ;
#2067 = DIRECTION ( 'NONE',  ( -0.0000000000000000000, -0.0000000000000000000, -1.000000000000000000 ) ) ;
#2068 = DIRECTION ( 'NONE',  ( -1.000000000000000000, 0.0000000000000000000, -0.0000000000000000000 ) ) ;
#2069 = LINE ( 'NONE', #3325, #4138 ) ;
#2070 = AXIS2_PLACEMENT_3D ( 'NONE', #1142, #2829, #326 ) ;
#2071 = CARTESIAN_POINT ( 'NONE',  ( -1.257758094408550900, 0.9974845786978674400, -5.200000000000001100 ) ) ;
#2072 = PLANE ( 'NONE',  #5260 ) ;
#2073 = ORIENTED_EDGE ( 'NONE', *, *, #3675, .F. ) ;
#2074 = ORIENTED_EDGE ( 'NONE', *, *, #3541, .T. ) ;
#2075 = LINE ( 'NONE', #2576, #4263 ) ;
#2076 = FACE_OUTER_BOUND ( 'NONE', #3953, .T. ) ;
#2077 = DIRECTION ( 'NONE',  ( -0.1448564873802148700, -0.9894526760102605500, 0.0000000000000000000 ) ) ;
#2078 = CARTESIAN_POINT ( 'NONE',  ( 1.284275118319469400, 0.4882725919547156200, -5.799999999999999800 ) ) ;
#2079 = CARTESIAN_POINT ( 'NONE',  ( 1.185329850718443300, 0.5027582406927372200, -3.200000000000000200 ) ) ;
#2080 = CARTESIAN_POINT ( 'NONE',  ( 1.185329850718443300, 0.5027582406927372200, -5.799999999999999800 ) ) ;
#2081 = PLANE ( 'NONE',  #4567 ) ;
#2082 = CARTESIAN_POINT ( 'NONE',  ( 1.202994409061714600, -0.2312665268784662700, -2.810036261803378300 ) ) ;
#2083 = CARTESIAN_POINT ( 'NONE',  ( 1.380000014935818300, 8.518810920840268000E-007, -10.54284914364556000 ) ) ;
#2084 = PLANE ( 'NONE',  #254 ) ;
#2085 = DIRECTION ( 'NONE',  ( -1.000000000000000000, 0.0000000000000000000, 0.0000000000000000000 ) ) ;
#2086 = B_SPLINE_CURVE_WITH_KNOTS ( 'NONE', 3,
 ( #534, #4315, #2266, #5160 ),
 .UNSPECIFIED., .F., .F.,
 ( 4, 4 ),
 ( 1.084202172485504300E-019, 0.0001150012370044166400 ),
 .UNSPECIFIED. ) ;
#2087 = CARTESIAN_POINT ( 'NONE',  ( -0.9759815436271610500, 0.1082971868380553800, -3.050000000001067000 ) ) ;
#2088 = VERTEX_POINT ( 'NONE', #2360 ) ;
#2089 = EDGE_CURVE ( 'NONE', #2282, #509, #179, .T. ) ;
#2090 = DIRECTION ( 'NONE',  ( -0.09273486341100840900, 0.6334321673880419800, -0.7682212795973755200 ) ) ;
#2091 = ADVANCED_FACE ( 'NONE', ( #3643 ), #1966, .T. ) ;
#2092 = CARTESIAN_POINT ( 'NONE',  ( -2.665000000000000500, 2.980000000000000000, -2.160000000000000100 ) ) ;
#2093 = AXIS2_PLACEMENT_3D ( 'NONE', #3783, #1282, #4192 ) ;
#2094 = EDGE_CURVE ( 'NONE', #4067, #1369, #1183, .T. ) ;
#2095 = FACE_OUTER_BOUND ( 'NONE', #2956, .T. ) ;
#2096 = ORIENTED_EDGE ( 'NONE', *, *, #2000, .F. ) ;
#2097 = CARTESIAN_POINT ( 'NONE',  ( 0.5315860587562807300, 1.321782809965956300, -16.17000000000000500 ) ) ;
#2098 = EDGE_CURVE ( 'NONE', #589, #1084, #4521, .T. ) ;
#2099 = CARTESIAN_POINT ( 'NONE',  ( -0.8963266196023588200, 0.7999999935198076600, -15.82516308283056900 ) ) ;
#2100 = VERTEX_POINT ( 'NONE', #2821 ) ;
#2101 = DIRECTION ( 'NONE',  ( 1.000000000000000000, -3.491481338843132600E-015, 0.0000000000000000000 ) ) ;
#2102 = CARTESIAN_POINT ( 'NONE',  ( -0.9399800422097474000, -0.1376136630112042300, -3.049999999999999800 ) ) ;
#2103 = CARTESIAN_POINT ( 'NONE',  ( 1.284999999999999300, 1.573671136904348000E-016, -21.96999999999999900 ) ) ;
#2104 = CARTESIAN_POINT ( 'NONE',  ( -1.257758094408550900, 0.9974845786978674400, -4.800000000000000700 ) ) ;
#2105 = EDGE_CURVE ( 'NONE', #1587, #2617, #318, .T. ) ;
#2106 = DIRECTION ( 'NONE',  ( 0.0000000000000000000, 0.0000000000000000000, -1.000000000000000000 ) ) ;
#2107 = DIRECTION ( 'NONE',  ( 0.0000000000000000000, 1.000000000000000000, -0.0000000000000000000 ) ) ;
#2108 = ORIENTED_EDGE ( 'NONE', *, *, #4758, .T. ) ;
#2109 = VERTEX_POINT ( 'NONE', #2847 ) ;
#2110 = CARTESIAN_POINT ( 'NONE',  ( -1.124455423598471800, 0.8000000002124864100, -16.17000000000000200 ) ) ;
#2111 = CARTESIAN_POINT ( 'NONE',  ( -0.8150000000000010600, 0.0000000000000000000, -13.31000000000000000 ) ) ;
#2112 = ORIENTED_EDGE ( 'NONE', *, *, #4843, .T. ) ;
#2113 = VERTEX_POINT ( 'NONE', #3247 ) ;
#2114 = ORIENTED_EDGE ( 'NONE', *, *, #1353, .T. ) ;
#2115 = DIRECTION ( 'NONE',  ( -0.0000000000000000000, -0.0000000000000000000, 1.000000000000000000 ) ) ;
#2116 = CYLINDRICAL_SURFACE ( 'NONE', #2764, 1.129999999999999700 ) ;
#2117 = ORIENTED_EDGE ( 'NONE', *, *, #4670, .F. ) ;
#2118 = DIRECTION ( 'NONE',  ( 1.000000000000000000, -3.488520879062148500E-015, 0.0000000000000000000 ) ) ;
#2119 = B_SPLINE_CURVE_WITH_KNOTS ( 'NONE', 3,
 ( #4493, #3689, #799, #2047 ),
 .UNSPECIFIED., .F., .F.,
 ( 4, 4 ),
 ( 0.07592342492154118000, 0.6457130057293971600 ),
 .UNSPECIFIED. ) ;
#2120 = CARTESIAN_POINT ( 'NONE',  ( -1.129999999999999900, 0.0000000000000000000, -10.69000000000000000 ) ) ;
#2121 = VERTEX_POINT ( 'NONE', #4431 ) ;
#2122 = CARTESIAN_POINT ( 'NONE',  ( -1.636581776783945900, -0.07786320607164852500, -2.160000000000000100 ) ) ;
#2123 = ORIENTED_EDGE ( 'NONE', *, *, #5317, .T. ) ;
#2125 = ADVANCED_FACE ( 'NONE', ( #2035 ), #3671, .T. ) ;
#2124 = CARTESIAN_POINT ( 'NONE',  ( -1.284275118319469400, 0.4882725919547156200, -5.799999999999999800 ) ) ;
#2126 = PLANE ( 'NONE',  #1701 ) ;
#2127 = CARTESIAN_POINT ( 'NONE',  ( -1.257758094408550900, 0.9974845786978674400, -3.799999999999999800 ) ) ;
#2128 = DIRECTION ( 'NONE',  ( -0.1448564873802154800, 0.9894526760102604300, 0.0000000000000000000 ) ) ;
#2129 = ORIENTED_EDGE ( 'NONE', *, *, #1237, .F. ) ;
#2130 = EDGE_CURVE ( 'NONE', #4269, #757, #2815, .T. ) ;
#2131 = CARTESIAN_POINT ( 'NONE',  ( -1.221287691144804500, 0.8060748913764428400, -10.69000000000000000 ) ) ;
#2132 = DIRECTION ( 'NONE',  ( 1.000000000000000000, -0.0000000000000000000, -0.0000000000000000000 ) ) ;
#2133 = EDGE_CURVE ( 'NONE', #4753, #5190, #924, .T. ) ;
#2134 = CARTESIAN_POINT ( 'NONE',  ( -1.187688256071965000, -0.2286483311608408000, -2.809414679051014400 ) ) ;
#2135 = DIRECTION ( 'NONE',  ( 1.000000000000000000, 0.0000000000000000000, 0.0000000000000000000 ) ) ;
#2136 = CARTESIAN_POINT ( 'NONE',  ( -5.200000000000001100, -0.9000000000000000200, -13.57000000000000000 ) ) ;
#2137 = CARTESIAN_POINT ( 'NONE',  ( -1.805000000000002200, -0.2299999999999936800, -10.10000000000000100 ) ) ;
#2138 = CARTESIAN_POINT ( 'NONE',  ( 1.187343211212313000, -0.1738277848562579900, -3.049999999999999800 ) ) ;
#2139 = VECTOR ( 'NONE', #2445, 1000.000000000000100 ) ;
#2140 = FACE_OUTER_BOUND ( 'NONE', #3309, .T. ) ;
#2141 = DIRECTION ( 'NONE',  ( -0.0000000000000000000, -0.0000000000000000000, -1.000000000000000000 ) ) ;
#2142 = VECTOR ( 'NONE', #5357, 1000.000000000000000 ) ;
#2143 = ADVANCED_FACE ( 'NONE', ( #3810 ), #1204, .F. ) ;
#2144 = AXIS2_PLACEMENT_3D ( 'NONE', #1687, #4555, #2101 ) ;
#2145 = AXIS2_PLACEMENT_3D ( 'NONE', #4826, #5287, #2833 ) ;
#2146 = EDGE_CURVE ( 'NONE', #574, #3907, #3408, .T. ) ;
#2147 = EDGE_CURVE ( 'NONE', #1955, #2180, #436, .T. ) ;
#2148 = DIRECTION ( 'NONE',  ( -0.0000000000000000000, -0.0000000000000000000, 1.000000000000000000 ) ) ;
#2149 = ORIENTED_EDGE ( 'NONE', *, *, #740, .T. ) ;
#2150 = CARTESIAN_POINT ( 'NONE',  ( -0.7495690101843904800, 1.314620580033195200, -13.42999999999998600 ) ) ;
#2151 = CARTESIAN_POINT ( 'NONE',  ( 1.124455423749630300, -0.7999999999999997100, -15.02461290752993200 ) ) ;
#2152 = CARTESIAN_POINT ( 'NONE',  ( 0.7980601481091488300, -0.7999999999999997100, -16.17000000000000200 ) ) ;
#2153 = DIRECTION ( 'NONE',  ( 0.0000000000000000000, 0.0000000000000000000, 1.000000000000000000 ) ) ;
#2154 = UNCERTAINTY_MEASURE_WITH_UNIT (LENGTH_MEASURE( 1.000000000000000100E-005 ), #2274, 'distance_accuracy_value', 'NONE');
#2155 = DIRECTION ( 'NONE',  ( 0.0000000000000000000, 0.0000000000000000000, 1.000000000000000000 ) ) ;
#2156 = LINE ( 'NONE', #2469, #5296 ) ;
#2157 = ORIENTED_EDGE ( 'NONE', *, *, #2192, .T. ) ;
#2158 = DIRECTION ( 'NONE',  ( 3.491998357141312700E-015, 1.000000000000000000, 0.0000000000000000000 ) ) ;
#2159 = LINE ( 'NONE', #2479, #1032 ) ;
#2160 = DIRECTION ( 'NONE',  ( -3.491481338843133400E-015, -1.000000000000000000, 0.0000000000000000000 ) ) ;
#2161 = AXIS2_PLACEMENT_3D ( 'NONE', #3123, #637, #3529 ) ;
#2162 = VERTEX_POINT ( 'NONE', #403 ) ;
#2163 = CARTESIAN_POINT ( 'NONE',  ( -0.09698976583049023800, 1.108598096275163400, -16.17000000000000200 ) ) ;
#2164 = CARTESIAN_POINT ( 'NONE',  ( 0.9752535514619695700, 0.7999999999999999300, -13.56999999999999900 ) ) ;
#2166 = ADVANCED_FACE ( 'NONE', ( #2682 ), #4731, .T. ) ;
#2165 = CARTESIAN_POINT ( 'NONE',  ( -1.185329850718443300, 0.5027582406927372200, -5.799999999999999800 ) ) ;
#2167 = ORIENTED_EDGE ( 'NONE', *, *, #4413, .F. ) ;
#2168 = VERTEX_POINT ( 'NONE', #1239 ) ;
#2169 = PLANE ( 'NONE',  #3899 ) ;
#2170 = VECTOR ( 'NONE', #1615, 1000.000000000000000 ) ;
#2171 = DIRECTION ( 'NONE',  ( -1.000000000000000000, 0.0000000000000000000, 0.0000000000000000000 ) ) ;
#2172 = CARTESIAN_POINT ( 'NONE',  ( 0.3314134666772304800, 1.787386803340565500, -11.09496432913325700 ) ) ;
#2173 = AXIS2_PLACEMENT_3D ( 'NONE', #3856, #3443, #970 ) ;
#2174 = VECTOR ( 'NONE', #2422, 1000.000000000000100 ) ;
#2175 = EDGE_LOOP ( 'NONE', ( #4408, #362, #3942, #1117, #4657, #3064 ) ) ;
#2176 = VECTOR ( 'NONE', #692, 1000.000000000000000 ) ;
#2177 = CARTESIAN_POINT ( 'NONE',  ( -1.705198506160996000, -0.4619622990000629700, -2.159999999999999700 ) ) ;
#2178 = CIRCLE ( 'NONE', #2609, 1.284999999999999300 ) ;
#2179 = DIRECTION ( 'NONE',  ( 1.000000000000000000, 3.491481338843133400E-015, -0.0000000000000000000 ) ) ;
#2180 = VERTEX_POINT ( 'NONE', #4152 ) ;
#2181 = DIRECTION ( 'NONE',  ( 0.0000000000000000000, 0.0000000000000000000, 1.000000000000000000 ) ) ;
#2182 = EDGE_LOOP ( 'NONE', ( #613, #5093, #2387, #3726 ) ) ;
#2183 = DIRECTION ( 'NONE',  ( 0.0000000000000000000, -1.000000000000000000, 0.0000000000000000000 ) ) ;
#2184 = CARTESIAN_POINT ( 'NONE',  ( -5.200000000000001100, -0.9000000000000000200, -13.57000000000000000 ) ) ;
#2185 = DIRECTION ( 'NONE',  ( -0.2740548814104436000, -3.645777856061657700E-017, 0.9617140541632465100 ) ) ;
#2186 = ORIENTED_EDGE ( 'NONE', *, *, #1893, .T. ) ;
#2187 = EDGE_CURVE ( 'NONE', #2975, #4003, #1577, .T. ) ;
#2188 = CARTESIAN_POINT ( 'NONE',  ( 0.7980601481091488300, -0.8000000000000018200, -1.000802005371237100E-016 ) ) ;
#2189 = CARTESIAN_POINT ( 'NONE',  ( -1.939455406587652800, 0.8000000241223719200, -13.31000000000000000 ) ) ;
#2190 = EDGE_CURVE ( 'NONE', #1734, #3780, #4873, .T. ) ;
#2191 = DIRECTION ( 'NONE',  ( -1.000000000000000000, 3.491998357141312700E-015, 1.355252715606880800E-016 ) ) ;
#2192 = EDGE_CURVE ( 'NONE', #4783, #1795, #2573, .T. ) ;
#2193 = CARTESIAN_POINT ( 'NONE',  ( -0.8393495799480134000, 1.388312829639673200, -14.80000000000001100 ) ) ;
#2194 = VECTOR ( 'NONE', #2420, 1000.000000000000000 ) ;
#2195 = LINE ( 'NONE', #4491, #5347 ) ;
#2196 = ORIENTED_EDGE ( 'NONE', *, *, #5323, .T. ) ;
#2197 = ORIENTED_EDGE ( 'NONE', *, *, #1009, .F. ) ;
#2198 = EDGE_CURVE ( 'NONE', #1332, #1097, #486, .T. ) ;
#2199 = LINE ( 'NONE', #54, #1067 ) ;
#2200 = FACE_OUTER_BOUND ( 'NONE', #3716, .T. ) ;
#2201 = CARTESIAN_POINT ( 'NONE',  ( 0.1461519236507518900, 1.670524131477403500, -10.45592314021008000 ) ) ;
#2202 = CARTESIAN_POINT ( 'NONE',  ( 1.613060155066333700, -0.7999999999999998200, -13.31000000000000000 ) ) ;
#2203 = ORIENTED_EDGE ( 'NONE', *, *, #2599, .T. ) ;
#2204 = EDGE_CURVE ( 'NONE', #4637, #1104, #2660, .T. ) ;
#2205 = AXIS2_PLACEMENT_3D ( 'NONE', #4561, #2520, #25 ) ;
#2206 = AXIS2_PLACEMENT_3D ( 'NONE', #1435, #1876, #4743 ) ;
#2207 = AXIS2_PLACEMENT_3D ( 'NONE', #4762, #2285, #5180 ) ;
#2208 = ORIENTED_EDGE ( 'NONE', *, *, #2880, .F. ) ;
#2209 = EDGE_CURVE ( 'NONE', #1867, #2527, #4617, .T. ) ;
#2210 = CARTESIAN_POINT ( 'NONE',  ( -0.1616668918375636600, 1.847861029328355300, -11.14666666666666700 ) ) ;
#2211 = CARTESIAN_POINT ( 'NONE',  ( 2.194999998423905500, 0.1469381488649360900, -13.31000000000000200 ) ) ;
#2212 = CARTESIAN_POINT ( 'NONE',  ( -1.429464627884892400, 1.480000000000000000, -3.049999999999999800 ) ) ;
#2213 = COLOUR_RGB ( '',0.7921568627450980000, 0.8196078431372548800, 0.9333333333333333500 ) ;
#2214 = CARTESIAN_POINT ( 'NONE',  ( 1.129999999999999900, 0.0000000000000000000, -11.14666666666666800 ) ) ;
#2215 = ORIENTED_EDGE ( 'NONE', *, *, #3912, .T. ) ;
#2216 = CARTESIAN_POINT ( 'NONE',  ( 1.911348509856214900, -0.3120444420819524800, -13.31000000000000200 ) ) ;
#2217 = EDGE_LOOP ( 'NONE', ( #447, #590, #3457 ) ) ;
#2218 = ORIENTED_EDGE ( 'NONE', *, *, #4004, .T. ) ;
#2219 = ORIENTED_EDGE ( 'NONE', *, *, #524, .F. ) ;
#2220 = VERTEX_POINT ( 'NONE', #1700 ) ;
#2221 = CARTESIAN_POINT ( 'NONE',  ( -1.379999999999999400, 0.0000000000000000000, -10.45592324347367200 ) ) ;
#2222 = ORIENTED_EDGE ( 'NONE', *, *, #611, .F. ) ;
#2223 = ORIENTED_EDGE ( 'NONE', *, *, #1969, .T. ) ;
#2224 = ORIENTED_EDGE ( 'NONE', *, *, #988, .T. ) ;
#2225 = VECTOR ( 'NONE', #1907, 1000.000000000000000 ) ;
#2226 = ORIENTED_EDGE ( 'NONE', *, *, #894, .T. ) ;
#2227 = CARTESIAN_POINT ( 'NONE',  ( -0.4675706512831168700, 1.501035084733804800, -10.83664002298838700 ) ) ;
#2228 = VECTOR ( 'NONE', #3330, 1000.000000000000000 ) ;
#2229 = ORIENTED_EDGE ( 'NONE', *, *, #33, .F. ) ;
#2230 = CARTESIAN_POINT ( 'NONE',  ( 1.209500632995882400, 0.6713482002385553500, -14.80000000000002200 ) ) ;
#2231 = ORIENTED_EDGE ( 'NONE', *, *, #5042, .F. ) ;
#2232 = CYLINDRICAL_SURFACE ( 'NONE', #2684, 1.099999999999999600 ) ;
#2233 = CARTESIAN_POINT ( 'NONE',  ( -1.805000000000002200, -0.2299999999999936800, -10.10000000000000100 ) ) ;
#2234 = AXIS2_PLACEMENT_3D ( 'NONE', #664, #3575, #1088 ) ;
#2235 = ORIENTED_EDGE ( 'NONE', *, *, #47, .F. ) ;
#2236 = AXIS2_PLACEMENT_3D ( 'NONE', #2606, #99, #3041 ) ;
#2237 = ORIENTED_EDGE ( 'NONE', *, *, #3486, .T. ) ;
#2238 = CARTESIAN_POINT ( 'NONE',  ( -5.200000000000001100, -0.9000000000000000200, -12.82000000000000000 ) ) ;
#2239 = EDGE_CURVE ( 'NONE', #2540, #3133, #339, .T. ) ;
#2240 = FACE_OUTER_BOUND ( 'NONE', #4790, .T. ) ;
#2241 = ORIENTED_EDGE ( 'NONE', *, *, #4773, .F. ) ;
#2242 =( GEOMETRIC_REPRESENTATION_CONTEXT ( 3 ) GLOBAL_UNCERTAINTY_ASSIGNED_CONTEXT ( ( #1609 ) ) GLOBAL_UNIT_ASSIGNED_CONTEXT ( ( #1334, #4242, #1785 ) ) REPRESENTATION_CONTEXT ( 'NONE', 'WORKASPACE' ) );
#2243 = VECTOR ( 'NONE', #4850, 1000.000000000000000 ) ;
#2244 = LINE ( 'NONE', #4009, #4302 ) ;
#2245 = EDGE_CURVE ( 'NONE', #2728, #602, #38, .T. ) ;
#2246 = ADVANCED_FACE ( 'NONE', ( #606 ), #3777, .T. ) ;
#2247 = EDGE_LOOP ( 'NONE', ( #3737, #4810, #1344, #4644 ) ) ;
#2248 = CARTESIAN_POINT ( 'NONE',  ( 0.09848598930484625500, 1.125700008843673100, -16.17000000000000200 ) ) ;
#2249 = CIRCLE ( 'NONE', #537, 1.579999999999999800 ) ;
#2250 = EDGE_CURVE ( 'NONE', #2617, #2940, #7, .T. ) ;
#2251 = ORIENTED_EDGE ( 'NONE', *, *, #3675, .T. ) ;
#2252 = CARTESIAN_POINT ( 'NONE',  ( -0.7186016078971703100, 0.9728245814922554800, -16.17000000000000200 ) ) ;
#2253 = DIRECTION ( 'NONE',  ( 0.0000000000000000000, 0.0000000000000000000, -1.000000000000000000 ) ) ;
#2254 = B_SPLINE_CURVE_WITH_KNOTS ( 'NONE', 3,
 ( #3718, #835, #3307, #1224, #4135, #1666 ),
 .UNSPECIFIED., .F., .F.,
 ( 4, 2, 4 ),
 ( 0.0000000000000000000, 0.0002025647518122849700, 0.0004051295036245699500 ),
 .UNSPECIFIED. ) ;
#2255 = CARTESIAN_POINT ( 'NONE',  ( -1.155281071667066900, 0.8000000011168276700, -14.91643946520701300 ) ) ;
#2256 = FACE_OUTER_BOUND ( 'NONE', #2355, .T. ) ;
#2257 = DIRECTION ( 'NONE',  ( -0.0000000000000000000, 1.000000000000000000, -0.0000000000000000000 ) ) ;
#2258 = ORIENTED_EDGE ( 'NONE', *, *, #2938, .F. ) ;
#2259 = LINE ( 'NONE', #830, #2388 ) ;
#2260 = LINE ( 'NONE', #2165, #1306 ) ;
#2261 = ORIENTED_EDGE ( 'NONE', *, *, #2146, .T. ) ;
#2262 = DIRECTION ( 'NONE',  ( 0.1448564873802155300, -0.9894526760102604300, 0.0000000000000000000 ) ) ;
#2263 = ADVANCED_FACE ( 'NONE', ( #4473 ), #1187, .T. ) ;
#2264 = EDGE_CURVE ( 'NONE', #3226, #185, #3413, .T. ) ;
#2265 = ORIENTED_EDGE ( 'NONE', *, *, #3323, .T. ) ;
#2266 = CARTESIAN_POINT ( 'NONE',  ( 1.151292874687100700, 0.8674435728324562100, -13.57000000000000200 ) ) ;
#2267 = ORIENTED_EDGE ( 'NONE', *, *, #1826, .T. ) ;
#2268 = VECTOR ( 'NONE', #290, 1000.000000000000000 ) ;
#2269 = FACE_OUTER_BOUND ( 'NONE', #5228, .T. ) ;
#2270 = LINE ( 'NONE', #3948, #4462 ) ;
#2271 = EDGE_LOOP ( 'NONE', ( #480, #4915, #3348, #229 ) ) ;
#2272 = LINE ( 'NONE', #2891, #4327 ) ;
#2273 = CIRCLE ( 'NONE', #1207, 1.579999999999999800 ) ;
#2274 =( LENGTH_UNIT ( ) NAMED_UNIT ( * ) SI_UNIT ( .MILLI., .METRE. ) );
#2275 = VERTEX_POINT ( 'NONE', #5043 ) ;
#2276 = ORIENTED_EDGE ( 'NONE', *, *, #1243, .T. ) ;
#2277 = VERTEX_POINT ( 'NONE', #919 ) ;
#2278 = AXIS2_PLACEMENT_3D ( 'NONE', #3270, #5336, #381 ) ;
#2279 = CARTESIAN_POINT ( 'NONE',  ( -1.450000000000000200, 1.980000000000000000, -5.599999999999998800 ) ) ;
#2280 = EDGE_CURVE ( 'NONE', #4286, #4746, #2273, .T. ) ;
#2281 = EDGE_CURVE ( 'NONE', #5149, #1964, #85, .T. ) ;
#2282 = VERTEX_POINT ( 'NONE', #5062 ) ;
#2283 = CARTESIAN_POINT ( 'NONE',  ( -1.129999999999999400, 0.0000000000000000000, -12.82000000000000000 ) ) ;
#2284 = ADVANCED_FACE ( 'NONE', ( #2418 ), #1288, .T. ) ;
#2285 = DIRECTION ( 'NONE',  ( -0.0000000000000000000, 0.0000000000000000000, -1.000000000000000000 ) ) ;
#2286 = VECTOR ( 'NONE', #1168, 1000.000000000000000 ) ;
#2287 = LINE ( 'NONE', #5308, #1211 ) ;
#2288 = ORIENTED_EDGE ( 'NONE', *, *, #939, .T. ) ;
#2289 = ORIENTED_EDGE ( 'NONE', *, *, #4251, .F. ) ;
#2290 = CARTESIAN_POINT ( 'NONE',  ( 1.579999999999999800, 5.516540515372150100E-015, -10.10000000000000100 ) ) ;
#2291 = AXIS2_PLACEMENT_3D ( 'NONE', #1345, #4230, #4647 ) ;
#2292 = CIRCLE ( 'NONE', #4680, 0.5000000000000004400 ) ;
#2293 = CARTESIAN_POINT ( 'NONE',  ( -1.594208267448141300, -0.5299999999999944800, -6.900000000000000400 ) ) ;
#2294 = ORIENTED_EDGE ( 'NONE', *, *, #3323, .F. ) ;
#2295 = CARTESIAN_POINT ( 'NONE',  ( 1.325349107342014700, -0.3877688600383920600, -6.745178327247054500 ) ) ;
#2296 = DIRECTION ( 'NONE',  ( -0.0000000000000000000, -0.0000000000000000000, -1.000000000000000000 ) ) ;
#2297 = CARTESIAN_POINT ( 'NONE',  ( 1.124455423598472100, 0.8000000002124868500, -16.17000000000000200 ) ) ;
#2298 = DIRECTION ( 'NONE',  ( -1.000000000000000000, 0.0000000000000000000, 0.0000000000000000000 ) ) ;
#2299 = CARTESIAN_POINT ( 'NONE',  ( 1.141495790702858400, 0.1471325630318211500, -10.68999999999992700 ) ) ;
#2300 = CYLINDRICAL_SURFACE ( 'NONE', #1802, 1.199999999999999700 ) ;
#2301 = AXIS2_PLACEMENT_3D ( 'NONE', #511, #1784, #4638 ) ;
#2302 = ADVANCED_FACE ( 'NONE', ( #4243 ), #3853, .T. ) ;
#2303 = CARTESIAN_POINT ( 'NONE',  ( 1.594208267448137500, -0.5300000000000054700, 2.505748519244148400E-031 ) ) ;
#2304 = FACE_OUTER_BOUND ( 'NONE', #4017, .T. ) ;
#2305 = DIRECTION ( 'NONE',  ( -1.000000000000000000, 0.0000000000000000000, 0.0000000000000000000 ) ) ;
#2306 = ORIENTED_EDGE ( 'NONE', *, *, #5263, .T. ) ;
#2307 = DIRECTION ( 'NONE',  ( 0.1395306826824026800, 1.708758039298494700E-017, -0.9902177480686673600 ) ) ;
#2308 = ORIENTED_EDGE ( 'NONE', *, *, #2556, .F. ) ;
#2309 = CARTESIAN_POINT ( 'NONE',  ( 1.027282830962529300, -0.1567524915486352100, -2.926988462599484200 ) ) ;
#2310 = CARTESIAN_POINT ( 'NONE',  ( 1.129999999999999700, 0.0000000000000000000, 0.0000000000000000000 ) ) ;
#2311 = ORIENTED_EDGE ( 'NONE', *, *, #4977, .F. ) ;
#2312 = EDGE_LOOP ( 'NONE', ( #553, #2652, #2620, #4972, #2893, #1692, #453, #3510, #3741, #2021, #1510, #4369, #2570, #281, #1383, #237, #1503, #1650, #3592 ) ) ;
#2313 = EDGE_LOOP ( 'NONE', ( #973, #4908, #169, #4785, #1031, #4545, #1762 ) ) ;
#2314 = CARTESIAN_POINT ( 'NONE',  ( -0.7780877523642205600, 1.512325304776600100, -10.69000000000000000 ) ) ;
#2315 = EDGE_CURVE ( 'NONE', #3267, #2843, #4330, .T. ) ;
#2316 = CARTESIAN_POINT ( 'NONE',  ( 1.293066982981972500, -0.3625602550227334800, -2.159999999999999700 ) ) ;
#2317 = CARTESIAN_POINT ( 'NONE',  ( -1.356703362009577000, 0.9829989299598460600, -5.200000000000001100 ) ) ;
#2318 = ORIENTED_EDGE ( 'NONE', *, *, #4896, .T. ) ;
#2319 = VECTOR ( 'NONE', #4123, 1000.000000000000000 ) ;
#2320 = ORIENTED_EDGE ( 'NONE', *, *, #2209, .T. ) ;
#2321 = ORIENTED_EDGE ( 'NONE', *, *, #421, .T. ) ;
#2322 = CIRCLE ( 'NONE', #2481, 0.5000000000000004400 ) ;
#2323 = DIRECTION ( 'NONE',  ( -1.649312457936278200E-045, -4.727827394800279900E-031, -1.000000000000000000 ) ) ;
#2324 = ORIENTED_EDGE ( 'NONE', *, *, #289, .F. ) ;
#2325 = AXIS2_PLACEMENT_3D ( 'NONE', #3717, #4568, #2118 ) ;
#2326 = EDGE_CURVE ( 'NONE', #1337, #1734, #2178, .T. ) ;
#2327 = FACE_OUTER_BOUND ( 'NONE', #4678, .T. ) ;
#2328 = CARTESIAN_POINT ( 'NONE',  ( 2.664999999999999600, 2.980000000000000900, 0.0000000000000000000 ) ) ;
#2329 = EDGE_CURVE ( 'NONE', #1130, #521, #1958, .T. ) ;
#2330 = CARTESIAN_POINT ( 'NONE',  ( 1.129999999999999400, -0.2300000000000039500, -6.900000000000001200 ) ) ;
#2331 = ORIENTED_EDGE ( 'NONE', *, *, #940, .T. ) ;
#2332 = FACE_OUTER_BOUND ( 'NONE', #2312, .T. ) ;
#2333 = DIRECTION ( 'NONE',  ( -1.000000000000000000, 0.0000000000000000000, 0.0000000000000000000 ) ) ;
#2334 = EDGE_LOOP ( 'NONE', ( #1691, #2448, #376, #2324 ) ) ;
#2335 = B_SPLINE_CURVE_WITH_KNOTS ( 'NONE', 3,
 ( #1127, #1539, #4418, #1976, #4848, #2371, #5266, #2807, #301, #3212, #745, #3629, #1145 ),
 .UNSPECIFIED., .F., .F.,
 ( 4, 3, 3, 3, 4 ),
 ( 0.0000000000000000000, 5.670607107306110800E-005, 0.0001242330255107182500, 0.0001917588134787197000, 0.0002425766313818095100 ),
 .UNSPECIFIED. ) ;
#2336 = CARTESIAN_POINT ( 'NONE',  ( -1.132706491524010400, 0.02176834752427297600, -10.59463788015665200 ) ) ;
#2337 = ADVANCED_FACE ( 'NONE', ( #5324 ), #5236, .F. ) ;
#2338 = EDGE_CURVE ( 'NONE', #2168, #3621, #2048, .T. ) ;
#2339 = DIRECTION ( 'NONE',  ( 0.1448564873802154200, 0.9894526760102604300, 0.0000000000000000000 ) ) ;
#2340 = ORIENTED_EDGE ( 'NONE', *, *, #2647, .T. ) ;
#2341 = CARTESIAN_POINT ( 'NONE',  ( 0.0000000000000000000, 0.0000000000000000000, -13.57000000000000000 ) ) ;
#2342 = B_SPLINE_CURVE_WITH_KNOTS ( 'NONE', 3,
 ( #2058, #4117, #2903, #391, #3305, #832 ),
 .UNSPECIFIED., .F., .F.,
 ( 4, 2, 4 ),
 ( 0.0000000000000000000, 0.2500000000000000000, 0.5000000000000000000 ),
 .UNSPECIFIED. ) ;
#2343 = DIRECTION ( 'NONE',  ( -1.000000000000000000, -3.491481338843133400E-015, 0.0000000000000000000 ) ) ;
#2344 = CARTESIAN_POINT ( 'NONE',  ( 2.464999999999999400, 2.980000000000001300, -2.160000000000000100 ) ) ;
#2345 = AXIS2_PLACEMENT_3D ( 'NONE', #655, #3544, #1066 ) ;
#2346 = CARTESIAN_POINT ( 'NONE',  ( -5.200000000000001100, 0.9000000000000000200, -13.57000000000000000 ) ) ;
#2347 = DIRECTION ( 'NONE',  ( 1.063145225417342700E-016, -2.573124296779023900E-017, 1.000000000000000000 ) ) ;
#2348 = CARTESIAN_POINT ( 'NONE',  ( 1.805000000000001000, 0.01999999999999370000, -10.10000000000000100 ) ) ;
#2349 = VECTOR ( 'NONE', #798, 1000.000000000000200 ) ;
#2350 = DIRECTION ( 'NONE',  ( -0.0000000000000000000, -0.0000000000000000000, -1.000000000000000000 ) ) ;
#2351 = CARTESIAN_POINT ( 'NONE',  ( 1.185329850718443300, 0.5027582406927372200, -5.799999999999999800 ) ) ;
#2352 = DIRECTION ( 'NONE',  ( 0.0000000000000000000, 0.0000000000000000000, 1.000000000000000000 ) ) ;
#2353 = ORIENTED_EDGE ( 'NONE', *, *, #4413, .T. ) ;
#2354 = EDGE_LOOP ( 'NONE', ( #1424, #1678, #1882, #4811, #1238, #482, #2532, #415, #3659, #2562 ) ) ;
#2355 = EDGE_LOOP ( 'NONE', ( #4691, #107, #3318, #20 ) ) ;
#2356 = CARTESIAN_POINT ( 'NONE',  ( 0.0000000000000000000, 0.0000000000000000000, -21.96999999999999900 ) ) ;
#2357 = CARTESIAN_POINT ( 'NONE',  ( 0.0000000000000000000, 0.0000000000000000000, -16.17000000000000200 ) ) ;
#2358 = VECTOR ( 'NONE', #1106, 1000.000000000000200 ) ;
#2359 = LINE ( 'NONE', #1100, #3371 ) ;
#2360 = CARTESIAN_POINT ( 'NONE',  ( -1.309528219689544600, -0.4353571428571382800, -6.700000000000001100 ) ) ;
#2361 = DIRECTION ( 'NONE',  ( -0.1448564873802148700, -0.9894526760102605500, 0.0000000000000000000 ) ) ;
#2362 = VERTEX_POINT ( 'NONE', #3186 ) ;
#2363 = CARTESIAN_POINT ( 'NONE',  ( -1.355977003925752200, -0.2936944297768800900, -16.17000000000000200 ) ) ;
#2364 = EDGE_CURVE ( 'NONE', #4375, #4777, #5181, .T. ) ;
#2365 = LINE ( 'NONE', #2870, #4424 ) ;
#2366 = ADVANCED_FACE ( 'NONE', ( #957 ), #706, .F. ) ;
#2367 = DIRECTION ( 'NONE',  ( 0.0000000000000000000, 0.6441855083154288700, 0.7648692900596758500 ) ) ;
#2368 = CARTESIAN_POINT ( 'NONE',  ( 1.092680976481119400, 0.6519031452044971000, -12.81999999999999900 ) ) ;
#2369 = DIRECTION ( 'NONE',  ( 0.0000000000000000000, 0.0000000000000000000, -1.000000000000000000 ) ) ;
#2370 = ORIENTED_EDGE ( 'NONE', *, *, #984, .F. ) ;
#2371 = CARTESIAN_POINT ( 'NONE',  ( 1.407597465796384300, -0.3299593701516080900, -2.511879566988728800 ) ) ;
#2372 = CARTESIAN_POINT ( 'NONE',  ( 1.805000000000001000, 0.01999999999999370000, -10.10000000000000100 ) ) ;
#2373 = DIRECTION ( 'NONE',  ( -1.000000000000000000, 0.0000000000000000000, 0.0000000000000000000 ) ) ;
#2374 = CARTESIAN_POINT ( 'NONE',  ( -1.450000000000000200, 1.620268339096388300, -3.049999999999999800 ) ) ;
#2375 = CARTESIAN_POINT ( 'NONE',  ( 0.8393495799480134000, 1.388312829639673200, -14.80000000000001100 ) ) ;
#2376 = CARTESIAN_POINT ( 'NONE',  ( 1.129999999999999900, 0.0000000000000000000, -12.56666666666667400 ) ) ;
#2377 = EDGE_CURVE ( 'NONE', #4656, #4172, #3128, .T. ) ;
#2378 = CARTESIAN_POINT ( 'NONE',  ( -2.346982496104735800E-008, 0.7999999672240242200, -2.252166559517938100E-016 ) ) ;
#2379 = CARTESIAN_POINT ( 'NONE',  ( 1.129999999999999900, 3.945373912892740100E-015, -6.099999999999999600 ) ) ;
#2380 = CARTESIAN_POINT ( 'NONE',  ( -1.096348505117454000, 0.3120444396349393900, -16.17000000000000500 ) ) ;
#2381 = DIRECTION ( 'NONE',  ( 3.491481338843133400E-015, -1.000000000000000000, -0.0000000000000000000 ) ) ;
#2383 = FACE_OUTER_BOUND ( 'NONE', #3333, .T. ) ;
#2382 = DIRECTION ( 'NONE',  ( 0.0000000000000000000, 0.0000000000000000000, 1.000000000000000000 ) ) ;
#2384 = DIRECTION ( 'NONE',  ( -0.0000000000000000000, -0.0000000000000000000, -1.000000000000000000 ) ) ;
#2385 = CARTESIAN_POINT ( 'NONE',  ( 1.100195281039993500, 0.08586501032598031800, -3.049999999999999800 ) ) ;
#2386 = CARTESIAN_POINT ( 'NONE',  ( -1.756416061064784100, -0.1041831061377016400, -2.160000000000000100 ) ) ;
#2387 = ORIENTED_EDGE ( 'NONE', *, *, #1362, .T. ) ;
#2388 = VECTOR ( 'NONE', #1657, 1000.000000000000000 ) ;
#2389 = STYLED_ITEM ( 'NONE', ( #4292 ), #1299 ) ;
#2390 = LINE ( 'NONE', #2152, #174 ) ;
#2391 = EDGE_CURVE ( 'NONE', #1313, #4753, #3902, .T. ) ;
#2392 = DIRECTION ( 'NONE',  ( 0.0000000000000000000, 0.0000000000000000000, -1.000000000000000000 ) ) ;
#2393 = EDGE_CURVE ( 'NONE', #3979, #1898, #1869, .T. ) ;
#2394 = DIRECTION ( 'NONE',  ( 0.0000000000000000000, 0.0000000000000000000, 1.000000000000000000 ) ) ;
#2395 = PLANE ( 'NONE',  #71 ) ;
#2396 = CARTESIAN_POINT ( 'NONE',  ( -0.09848598930484615800, 3.000000000000000000, -16.17000000000000500 ) ) ;
#2397 = ORIENTED_EDGE ( 'NONE', *, *, #4076, .F. ) ;
#2398 = DIRECTION ( 'NONE',  ( 0.1395306826824032600, 1.708758039298502100E-017, -0.9902177480686672500 ) ) ;
#2399 = CARTESIAN_POINT ( 'NONE',  ( -0.9207379664972071800, -0.1825766469676374000, -2.798442351388879900 ) ) ;
#2400 = CARTESIAN_POINT ( 'NONE',  ( 0.1616668918375636600, 1.847861029328355300, -11.14666666666666700 ) ) ;
#2401 = CARTESIAN_POINT ( 'NONE',  ( -2.464999999999999900, 2.980000000000000000, -2.160000000000000100 ) ) ;
#2402 = CARTESIAN_POINT ( 'NONE',  ( -1.155281071667066900, 0.8000000011168276700, -14.91643946520701300 ) ) ;
#2403 = DIRECTION ( 'NONE',  ( 3.491481338843133400E-015, -1.000000000000000000, -0.0000000000000000000 ) ) ;
#2404 = ADVANCED_FACE ( 'NONE', ( #824 ), #3250, .F. ) ;
#2405 = VERTEX_POINT ( 'NONE', #1583 ) ;
#2406 = CARTESIAN_POINT ( 'NONE',  ( 0.0000000000000000000, 0.0000000000000000000, -16.17000000000000200 ) ) ;
#2407 = VECTOR ( 'NONE', #1115, 1000.000000000000000 ) ;
#2408 = VECTOR ( 'NONE', #5233, 1000.000000000000000 ) ;
#2409 = EDGE_LOOP ( 'NONE', ( #3029, #1556, #4321, #4144, #2943, #729, #966 ) ) ;
#2410 = CIRCLE ( 'NONE', #4999, 1.129999999999999700 ) ;
#2411 = CARTESIAN_POINT ( 'NONE',  ( 0.3315161757542818300, 1.546285166438899700, -11.09272649856197100 ) ) ;
#2412 = CARTESIAN_POINT ( 'NONE',  ( -0.9647472441626574500, 0.03155939009567004100, -3.049999793226833700 ) ) ;
#2413 = ORIENTED_EDGE ( 'NONE', *, *, #5144, .T. ) ;
#2414 = CARTESIAN_POINT ( 'NONE',  ( 1.844747550023980700, -0.2261833282911945900, -2.173379212491934400 ) ) ;
#2415 = CARTESIAN_POINT ( 'NONE',  ( -1.378140363315624600, 0.1473041943043220400, -10.68999999999996000 ) ) ;
#2416 = VERTEX_POINT ( 'NONE', #1610 ) ;
#2417 = VECTOR ( 'NONE', #2842, 1000.000000000000000 ) ;
#2418 = FACE_OUTER_BOUND ( 'NONE', #2624, .T. ) ;
#2419 = CARTESIAN_POINT ( 'NONE',  ( -5.200000000000001100, 0.9000000000000000200, -13.57000000000000000 ) ) ;
#2420 = DIRECTION ( 'NONE',  ( -0.9719379013633129300, 0.2352375733029888300, -0.0000000000000000000 ) ) ;
#2421 = PRODUCT_DEFINITION ( 'UNKNOWN', '', #2701, #3374 ) ;
#2422 = DIRECTION ( 'NONE',  ( -0.9999999999999995600, 2.933728240325675600E-008, -0.0000000000000000000 ) ) ;
#2423 = DIRECTION ( 'NONE',  ( -1.000000000000000000, 0.0000000000000000000, 0.0000000000000000000 ) ) ;
#2424 = VERTEX_POINT ( 'NONE', #4566 ) ;
#2425 = CARTESIAN_POINT ( 'NONE',  ( 1.242155382385324200, -0.2779973065244982200, -2.604999999999999500 ) ) ;
#2426 =( BOUNDED_CURVE ( )  B_SPLINE_CURVE ( 3, ( #4051, #1586, #4461, #2016 ),
 .UNSPECIFIED., .F., .F. ) 
 B_SPLINE_CURVE_WITH_KNOTS ( ( 4, 4 ),
 ( 4.712388980384689700, 6.283185307179586200 ),
 .UNSPECIFIED. ) 
 CURVE ( )  GEOMETRIC_REPRESENTATION_ITEM ( )  RATIONAL_B_SPLINE_CURVE ( ( 1.000000000000000000, 0.8047378541243649400, 0.8047378541243649400, 1.000000000000000000 ) ) 
 REPRESENTATION_ITEM ( '' )  );
#2427 = CARTESIAN_POINT ( 'NONE',  ( -1.069131691499643600, -0.2587613306332877700, -4.200000000000000200 ) ) ;
#2428 = CARTESIAN_POINT ( 'NONE',  ( 1.379999999999999400, 0.0000000000000000000, -10.45592324346150000 ) ) ;
#2429 = ORIENTED_EDGE ( 'NONE', *, *, #4705, .F. ) ;
#2430 = DIRECTION ( 'NONE',  ( -0.0000000000000000000, -0.0000000000000000000, 1.000000000000000000 ) ) ;
#2431 = PLANE ( 'NONE',  #485 ) ;
#2432 = CARTESIAN_POINT ( 'NONE',  ( -1.211182753603506900, -0.01099214166967128100, -3.049999608226277000 ) ) ;
#2433 = ORIENTED_EDGE ( 'NONE', *, *, #2391, .F. ) ;
#2434 = DIRECTION ( 'NONE',  ( 1.000000000000000000, 0.0000000000000000000, 0.0000000000000000000 ) ) ;
#2435 = DIRECTION ( 'NONE',  ( -0.1448564873802154500, 0.9894526760102604300, 0.0000000000000000000 ) ) ;
#2436 = CARTESIAN_POINT ( 'NONE',  ( 0.09848598930484625500, 1.125700008843673100, -16.17000000000000200 ) ) ;
#2437 = CARTESIAN_POINT ( 'NONE',  ( -1.352926344394671500, -0.3432971790904707500, -6.791200898216929200 ) ) ;
#2438 = ORIENTED_EDGE ( 'NONE', *, *, #143, .T. ) ;
#2439 = DIRECTION ( 'NONE',  ( -0.0000000000000000000, 0.0000000000000000000, -1.000000000000000000 ) ) ;
#2440 = VECTOR ( 'NONE', #2369, 1000.000000000000000 ) ;
#2441 = VECTOR ( 'NONE', #2398, 1000.000000000000000 ) ;
#2442 = CARTESIAN_POINT ( 'NONE',  ( 1.062887895263164400, -0.2073197255351535400, -2.804347923288955400 ) ) ;
#2443 = CARTESIAN_POINT ( 'NONE',  ( 1.379999999999998800, 1.303884842977776100E-010, -16.17000000000000500 ) ) ;
#2444 = ORIENTED_EDGE ( 'NONE', *, *, #1893, .F. ) ;
#2445 = DIRECTION ( 'NONE',  ( 0.008562074910471898600, 0.09786496404686199900, 0.9951628709338656800 ) ) ;
#2446 = DIRECTION ( 'NONE',  ( 1.000000000000000000, 0.0000000000000000000, 0.0000000000000000000 ) ) ;
#2447 = ORIENTED_EDGE ( 'NONE', *, *, #3049, .F. ) ;
#2448 = ORIENTED_EDGE ( 'NONE', *, *, #3797, .F. ) ;
#2449 = CARTESIAN_POINT ( 'NONE',  ( 1.069131691499643600, -0.2587613306332878200, -4.800000000000000700 ) ) ;
#2450 = LINE ( 'NONE', #902, #1454 ) ;
#2451 = CARTESIAN_POINT ( 'NONE',  ( 1.249999999999999600, 1.980000000000000000, -3.549999999999999800 ) ) ;
#2452 = CARTESIAN_POINT ( 'NONE',  ( 0.1119951294307322000, 1.280110187047893000, -21.96999999999999900 ) ) ;
#2453 = EDGE_CURVE ( 'NONE', #5339, #150, #1903, .T. ) ;
#2454 = ORIENTED_EDGE ( 'NONE', *, *, #1602, .T. ) ;
#2455 = ORIENTED_EDGE ( 'NONE', *, *, #1016, .T. ) ;
#2456 = CARTESIAN_POINT ( 'NONE',  ( -1.380000000000000100, 6.854225219611981600E-015, -10.62333440804297200 ) ) ;
#2457 = DIRECTION ( 'NONE',  ( -1.000000000000000000, 0.0000000000000000000, -0.0000000000000000000 ) ) ;
#2458 = DIRECTION ( 'NONE',  ( -0.0000000000000000000, -0.0000000000000000000, 1.000000000000000000 ) ) ;
#2459 = EDGE_CURVE ( 'NONE', #3573, #1000, #2902, .T. ) ;
#2460 = EDGE_CURVE ( 'NONE', #874, #4728, #1048, .T. ) ;
#2461 = CARTESIAN_POINT ( 'NONE',  ( -1.379999999999999400, 0.0000000000000000000, -12.82000000000000000 ) ) ;
#2462 = CARTESIAN_POINT ( 'NONE',  ( 1.022434431877268700, -0.1496850369595560400, -3.049999999999999800 ) ) ;
#2463 = LINE ( 'NONE', #847, #1226 ) ;
#2464 = DIRECTION ( 'NONE',  ( 0.0000000000000000000, 0.0000000000000000000, 1.000000000000000000 ) ) ;
#2465 = CARTESIAN_POINT ( 'NONE',  ( 1.284999999999999300, 1.573671136904348000E-016, -21.96999999999999900 ) ) ;
#2466 = CARTESIAN_POINT ( 'NONE',  ( -0.9115495949992749000, 0.9000000000000000200, -13.57000000000000000 ) ) ;
#2467 = DIRECTION ( 'NONE',  ( 0.0000000000000000000, 0.0000000000000000000, 1.000000000000000000 ) ) ;
#2468 = CARTESIAN_POINT ( 'NONE',  ( 1.356703362009577000, 0.9829989299598460600, -5.200000000000001100 ) ) ;
#2469 = CARTESIAN_POINT ( 'NONE',  ( 1.249999999999999600, 1.980000000000000000, -3.049999999999999800 ) ) ;
#2470 = EDGE_CURVE ( 'NONE', #6, #3459, #658, .T. ) ;
#2471 = VECTOR ( 'NONE', #5243, 1000.000000000000000 ) ;
#2472 = CARTESIAN_POINT ( 'NONE',  ( 0.1184476786248464800, 1.353863161822765400, -16.17000000000000200 ) ) ;
#2473 = SHAPE_DEFINITION_REPRESENTATION ( #1015, #1872 ) ;
#2474 = PLANE ( 'NONE',  #1359 ) ;
#2475 = EDGE_CURVE ( 'NONE', #106, #3850, #4951, .T. ) ;
#2476 = CARTESIAN_POINT ( 'NONE',  ( -1.380000000000000100, 6.871054846813932200E-015, -10.55666881608594400 ) ) ;
#2477 = ORIENTED_EDGE ( 'NONE', *, *, #1826, .F. ) ;
#2478 = DIRECTION ( 'NONE',  ( 1.000000000000000000, 0.0000000000000000000, 0.0000000000000000000 ) ) ;
#2479 = CARTESIAN_POINT ( 'NONE',  ( -5.200000000000001100, -0.8000000000000000400, -13.57000000000000000 ) ) ;
#2480 = EDGE_LOOP ( 'NONE', ( #834, #1608, #2117, #4354, #2811, #4247, #2742, #540 ) ) ;
#2481 = AXIS2_PLACEMENT_3D ( 'NONE', #5175, #2716, #208 ) ;
#2482 = ORIENTED_EDGE ( 'NONE', *, *, #1547, .T. ) ;
#2483 = AXIS2_PLACEMENT_3D ( 'NONE', #1047, #3523, #636 ) ;
#2484 = VERTEX_POINT ( 'NONE', #464 ) ;
#2485 = DIRECTION ( 'NONE',  ( -0.2614880937736198100, -0.9652067016005632100, 0.0000000000000000000 ) ) ;
#2486 = EDGE_CURVE ( 'NONE', #4622, #1587, #4787, .T. ) ;
#2487 = PLANE ( 'NONE',  #4271 ) ;
#2488 = CARTESIAN_POINT ( 'NONE',  ( 1.176799688912704800, 1.480000000000000000, -6.099999999999999600 ) ) ;
#2489 = ORIENTED_EDGE ( 'NONE', *, *, #1987, .F. ) ;
#2490 = FACE_OUTER_BOUND ( 'NONE', #3644, .T. ) ;
#2491 = CARTESIAN_POINT ( 'NONE',  ( -1.143945032577273800, 0.8000000000000002700, -15.33432986531786900 ) ) ;
#2492 = CARTESIAN_POINT ( 'NONE',  ( -0.09848598930484624100, 1.125700008843672800, -20.87000000000000100 ) ) ;
#2494 = ADVANCED_FACE ( 'NONE', ( #549 ), #1297, .F. ) ;
#2493 = DIRECTION ( 'NONE',  ( 1.000000000000000000, 0.0000000000000000000, -0.0000000000000000000 ) ) ;
#2495 = CARTESIAN_POINT ( 'NONE',  ( 1.158659974683586800, -0.2236770375454172900, -2.808233851214545900 ) ) ;
#2496 = ORIENTED_EDGE ( 'NONE', *, *, #4620, .F. ) ;
#2497 = CARTESIAN_POINT ( 'NONE',  ( 1.817444646354428700, -0.3663273771599263000, -2.160000000000000100 ) ) ;
#2498 = ORIENTED_EDGE ( 'NONE', *, *, #2329, .T. ) ;
#2499 = FACE_OUTER_BOUND ( 'NONE', #3760, .T. ) ;
#2500 = ORIENTED_EDGE ( 'NONE', *, *, #3471, .T. ) ;
#2501 = CARTESIAN_POINT ( 'NONE',  ( 1.356703362009577000, 0.9829989299598460600, -5.200000000000001100 ) ) ;
#2502 = LINE ( 'NONE', #996, #139 ) ;
#2503 = DIRECTION ( 'NONE',  ( 1.649312457936277200E-045, 4.727827394800278100E-031, 1.000000000000000000 ) ) ;
#2504 = DIRECTION ( 'NONE',  ( 0.0000000000000000000, 0.0000000000000000000, -1.000000000000000000 ) ) ;
#2505 = VECTOR ( 'NONE', #4903, 1000.000000000000100 ) ;
#2506 = VERTEX_POINT ( 'NONE', #2544 ) ;
#2507 = ORIENTED_EDGE ( 'NONE', *, *, #523, .F. ) ;
#2508 = DIRECTION ( 'NONE',  ( 0.0000000000000000000, 0.0000000000000000000, 1.000000000000000000 ) ) ;
#2509 = DIRECTION ( 'NONE',  ( -0.9999999999999995600, 2.933728273543135700E-008, -0.0000000000000000000 ) ) ;
#2510 = EDGE_LOOP ( 'NONE', ( #3028, #1817, #580, #476, #668 ) ) ;
#2511 = B_SPLINE_CURVE_WITH_KNOTS ( 'NONE', 3,
 ( #4427, #1131, #723, #1984 ),
 .UNSPECIFIED., .F., .F.,
 ( 4, 4 ),
 ( 0.0000000000000000000, 0.0001999968785188037400 ),
 .UNSPECIFIED. ) ;
#2512 = PLANE ( 'NONE',  #2878 ) ;
#2513 = DIRECTION ( 'NONE',  ( 1.000000000000000000, -0.0000000000000000000, -0.0000000000000000000 ) ) ;
#2514 = CARTESIAN_POINT ( 'NONE',  ( -1.124455423598471800, 0.8000000002124864100, -16.17000000000000200 ) ) ;
#2515 = PLANE ( 'NONE',  #579 ) ;
#2516 = CARTESIAN_POINT ( 'NONE',  ( 0.1874151072722417800, 1.109604611443321800, -16.17000000000000200 ) ) ;
#2517 = CARTESIAN_POINT ( 'NONE',  ( 1.379999999999999700, 0.0000000000000000000, -20.87000000000000100 ) ) ;
#2518 = PLANE ( 'NONE',  #868 ) ;
#2519 = DIRECTION ( 'NONE',  ( 0.0000000000000000000, 0.0000000000000000000, -1.000000000000000000 ) ) ;
#2520 = DIRECTION ( 'NONE',  ( 0.0000000000000000000, 1.000000000000000000, 1.251002506714043500E-016 ) ) ;
#2521 = VECTOR ( 'NONE', #1, 1000.000000000000000 ) ;
#2522 = DIRECTION ( 'NONE',  ( 1.000000000000000000, 0.0000000000000000000, 0.0000000000000000000 ) ) ;
#2523 = ADVANCED_FACE ( 'NONE', ( #2738 ), #4673, .F. ) ;
#2524 = CARTESIAN_POINT ( 'NONE',  ( 0.0000000000000000000, 0.0000000000000000000, -21.96999999999999900 ) ) ;
#2525 = VERTEX_POINT ( 'NONE', #2998 ) ;
#2526 = EDGE_LOOP ( 'NONE', ( #11, #2496, #345, #4752, #904 ) ) ;
#2527 = VERTEX_POINT ( 'NONE', #487 ) ;
#2528 = DIRECTION ( 'NONE',  ( 0.9894526760102604300, -0.1448564873802154800, -0.0000000000000000000 ) ) ;
#2529 = FACE_OUTER_BOUND ( 'NONE', #4209, .T. ) ;
#2530 = CIRCLE ( 'NONE', #2963, 0.2999999999999999300 ) ;
#2531 = DIRECTION ( 'NONE',  ( 0.0000000000000000000, 0.0000000000000000000, -1.000000000000000000 ) ) ;
#2532 = ORIENTED_EDGE ( 'NONE', *, *, #4201, .F. ) ;
#2533 = CARTESIAN_POINT ( 'NONE',  ( -0.7666277045327312100, 1.509602348651554800, -10.45592314019917200 ) ) ;
#2534 = CARTESIAN_POINT ( 'NONE',  ( 1.151620312390816200, 0.9000000000000000200, -12.82000000000000000 ) ) ;
#2535 = VECTOR ( 'NONE', #5231, 1000.000000000000000 ) ;
#2536 = CARTESIAN_POINT ( 'NONE',  ( -0.2305126330003931000, 1.106238638824022400, -16.17000000000000200 ) ) ;
#2537 = DIRECTION ( 'NONE',  ( -0.0000000000000000000, -0.0000000000000000000, 1.000000000000000000 ) ) ;
#2538 = CARTESIAN_POINT ( 'NONE',  ( -0.1230529426754854600, 1.406501570789600000, -15.63473397605560100 ) ) ;
#2539 = DIRECTION ( 'NONE',  ( -0.09273486341100840900, 0.6334321673880419800, -0.7682212795973755200 ) ) ;
#2540 = VERTEX_POINT ( 'NONE', #922 ) ;
#2541 = CARTESIAN_POINT ( 'NONE',  ( 0.7980601574949717200, 0.7999999906369366100, -16.17000000000000200 ) ) ;
#2542 = EDGE_CURVE ( 'NONE', #4115, #2121, #1485, .T. ) ;
#2543 =( BOUNDED_SURFACE ( )  B_SPLINE_SURFACE ( 3, 2, ( 
 ( #4353, #4800, #5217 ),
 ( #2757, #251, #3166 ),
 ( #693, #3581, #1094 ),
 ( #4006, #1508, #4394 ) ),
 .UNSPECIFIED., .F., .F., .F. ) 
 B_SPLINE_SURFACE_WITH_KNOTS ( ( 4, 4 ),
 ( 3, 3 ),
 ( 0.0006874781261327454600, 0.001214702214445726200 ),
 ( 0.0000000000000000000, 1.000000000000000000 ),
 .UNSPECIFIED. ) 
 GEOMETRIC_REPRESENTATION_ITEM ( )  RATIONAL_B_SPLINE_SURFACE ( (
 ( 1.000000000000000000, 0.6207401733972283100, 1.000000000000000000),
 ( 1.000000000000000000, 0.6300069799538408100, 1.000000000000000000),
 ( 1.000000000000000000, 0.6393127506507012600, 1.000000000000000000),
 ( 1.000000000000000000, 0.6485931647595107900, 1.000000000000000000) ) ) 
 REPRESENTATION_ITEM ( '' )  SURFACE ( )  );
#2544 = CARTESIAN_POINT ( 'NONE',  ( -0.6833008122342599800, -0.9000000000000000200, -12.82000000000000000 ) ) ;
#2545 = EDGE_LOOP ( 'NONE', ( #3469, #128, #2215 ) ) ;
#2546 = VECTOR ( 'NONE', #1175, 1000.000000000000000 ) ;
#2547 = EDGE_CURVE ( 'NONE', #407, #1301, #3568, .T. ) ;
#2548 = CARTESIAN_POINT ( 'NONE',  ( -0.1441379984261817500, 1.647504860826715500, -10.68999999999999800 ) ) ;
#2549 = ORIENTED_EDGE ( 'NONE', *, *, #5261, .F. ) ;
#2551 = ADVANCED_FACE ( 'NONE', ( #5094 ), #1763, .T. ) ;
#2550 = CARTESIAN_POINT ( 'NONE',  ( -1.228727149365014000, -0.2356592905498068000, -2.811078154075519200 ) ) ;
#2552 = LINE ( 'NONE', #388, #64 ) ;
#2553 = CARTESIAN_POINT ( 'NONE',  ( -1.250000000000000200, 1.980000000000000000, -3.049999999999999800 ) ) ;
#2554 = VECTOR ( 'NONE', #4556, 1000.000000000000000 ) ;
#2555 = DIRECTION ( 'NONE',  ( 1.355252715606880300E-016, 0.0000000000000000000, 1.000000000000000000 ) ) ;
#2556 = EDGE_CURVE ( 'NONE', #993, #909, #1379, .T. ) ;
#2557 = CARTESIAN_POINT ( 'NONE',  ( -1.036747381255596700, -0.4495206845412031400, -16.17000000000000500 ) ) ;
#2558 = CARTESIAN_POINT ( 'NONE',  ( 0.3281037880933626600, 1.782112582192539200, -11.16707577369837700 ) ) ;
#2559 = ORIENTED_EDGE ( 'NONE', *, *, #1547, .F. ) ;
#2560 = ORIENTED_EDGE ( 'NONE', *, *, #2245, .T. ) ;
#2561 = CARTESIAN_POINT ( 'NONE',  ( 0.1749341506114671700, 1.274825985918327100, -14.50434359063181800 ) ) ;
#2562 = ORIENTED_EDGE ( 'NONE', *, *, #43, .T. ) ;
#2563 = VECTOR ( 'NONE', #3161, 1000.000000000000000 ) ;
#2564 = LINE ( 'NONE', #2911, #1423 ) ;
#2565 = ORIENTED_EDGE ( 'NONE', *, *, #2204, .F. ) ;
#2566 = CARTESIAN_POINT ( 'NONE',  ( 0.0000000000000000000, 0.0000000000000000000, 0.0000000000000000000 ) ) ;
#2567 = CYLINDRICAL_SURFACE ( 'NONE', #4397, 1.129999999999999700 ) ;
#2568 = ORIENTED_EDGE ( 'NONE', *, *, #2264, .T. ) ;
#2569 = CARTESIAN_POINT ( 'NONE',  ( -1.130000000000000800, 0.0000000000000000000, -14.80000000000002700 ) ) ;
#2570 = ORIENTED_EDGE ( 'NONE', *, *, #1858, .T. ) ;
#2571 = LINE ( 'NONE', #720, #336 ) ;
#2572 = DIRECTION ( 'NONE',  ( -0.0000000000000000000, -0.0000000000000000000, -1.000000000000000000 ) ) ;
#2573 = LINE ( 'NONE', #2071, #1433 ) ;
#2574 = DIRECTION ( 'NONE',  ( -0.9894526760102604300, -0.1448564873802154800, -0.0000000000000000000 ) ) ;
#2575 = CARTESIAN_POINT ( 'NONE',  ( 0.1230529426754854600, 1.406501570789598700, -15.63473397605560900 ) ) ;
#2576 = CARTESIAN_POINT ( 'NONE',  ( 1.257758094408550900, 0.9974845786978674400, -4.800000000000000700 ) ) ;
#2577 = ORIENTED_EDGE ( 'NONE', *, *, #3875, .T. ) ;
#2578 = ORIENTED_EDGE ( 'NONE', *, *, #2809, .T. ) ;
#2579 = EDGE_CURVE ( 'NONE', #4624, #4862, #2628, .T. ) ;
#2580 = ADVANCED_FACE ( 'NONE', ( #2327 ), #3136, .T. ) ;
#2581 = EDGE_CURVE ( 'NONE', #4985, #4261, #859, .T. ) ;
#2582 = ORIENTED_EDGE ( 'NONE', *, *, #1274, .T. ) ;
#2583 = DIRECTION ( 'NONE',  ( -0.0000000000000000000, -0.0000000000000000000, -1.000000000000000000 ) ) ;
#2584 = VERTEX_POINT ( 'NONE', #5369 ) ;
#2585 = CARTESIAN_POINT ( 'NONE',  ( 0.8963266196103798500, 0.7999999935198076600, -15.82516308280242100 ) ) ;
#2586 = VERTEX_POINT ( 'NONE', #2932 ) ;
#2587 = DIRECTION ( 'NONE',  ( -0.0000000000000000000, -0.0000000000000000000, -1.000000000000000000 ) ) ;
#2588 = CARTESIAN_POINT ( 'NONE',  ( 1.185329850718443300, 0.5027582406927372200, -3.200000000000000200 ) ) ;
#2589 = EDGE_LOOP ( 'NONE', ( #1374, #3520, #2593, #5146 ) ) ;
#2590 = CARTESIAN_POINT ( 'NONE',  ( 0.3506768782001217800, 1.785520655702377700, -11.02403897228970400 ) ) ;
#2591 = VECTOR ( 'NONE', #1707, 1000.000000000000100 ) ;
#2592 = LINE ( 'NONE', #5030, #3528 ) ;
#2593 = ORIENTED_EDGE ( 'NONE', *, *, #4433, .F. ) ;
#2594 = ORIENTED_EDGE ( 'NONE', *, *, #4299, .T. ) ;
#2595 = CARTESIAN_POINT ( 'NONE',  ( -1.624764614360949100, -0.4401716245189280000, -2.159999999999999700 ) ) ;
#2596 = VECTOR ( 'NONE', #4578, 1000.000000000000000 ) ;
#2597 = AXIS2_PLACEMENT_3D ( 'NONE', #4776, #2296, #5192 ) ;
#2598 = AXIS2_PLACEMENT_3D ( 'NONE', #1911, #4780, #2298 ) ;
#2599 = EDGE_CURVE ( 'NONE', #4384, #1898, #3031, .T. ) ;
#2600 = EDGE_CURVE ( 'NONE', #2275, #4634, #2502, .T. ) ;
#2601 = CARTESIAN_POINT ( 'NONE',  ( -1.379999999999999700, 0.0000000000000000000, -16.17000000000000200 ) ) ;
#2602 = VERTEX_POINT ( 'NONE', #420 ) ;
#2603 = ORIENTED_EDGE ( 'NONE', *, *, #3924, .T. ) ;
#2604 = CARTESIAN_POINT ( 'NONE',  ( 0.6833008122342599800, -0.9000000000000000200, -12.82000000000000000 ) ) ;
#2605 = CARTESIAN_POINT ( 'NONE',  ( 0.7666277045326683700, 1.509602348650839900, -10.45592314021008000 ) ) ;
#2606 = CARTESIAN_POINT ( 'NONE',  ( 0.0000000000000000000, 0.0000000000000000000, -20.87000000000000100 ) ) ;
#2607 = CARTESIAN_POINT ( 'NONE',  ( -1.046135746449761400, -0.9000000000000000200, -12.82000000000000000 ) ) ;
#2608 = FACE_OUTER_BOUND ( 'NONE', #3356, .T. ) ;
#2609 = AXIS2_PLACEMENT_3D ( 'NONE', #5214, #2755, #248 ) ;
#2610 = B_SPLINE_CURVE_WITH_KNOTS ( 'NONE', 3,
 ( #1571, #1999, #5288, #2835, #330, #3238, #774, #3660, #1171, #4083, #1591, #4465, #2019 ),
 .UNSPECIFIED., .F., .F.,
 ( 4, 3, 3, 3, 4 ),
 ( 2.235140038340936300E-019, 5.080415506654587700E-005, 0.0001183253889713164500, 0.0001858477892019663100, 0.0002425766339555232700 ),
 .UNSPECIFIED. ) ;
#2611 = LINE ( 'NONE', #5319, #1467 ) ;
#2612 = LINE ( 'NONE', #5139, #390 ) ;
#2613 = PLANE ( 'NONE',  #2173 ) ;
#2614 = CARTESIAN_POINT ( 'NONE',  ( -1.379999999999999700, 0.0000000000000000000, -13.42999999999999100 ) ) ;
#2615 = ORIENTED_EDGE ( 'NONE', *, *, #4960, .F. ) ;
#2616 = CARTESIAN_POINT ( 'NONE',  ( 1.073681690390445100, -0.2598625642574756700, -3.200000000000000200 ) ) ;
#2617 = VERTEX_POINT ( 'NONE', #4991 ) ;
#2618 = DIRECTION ( 'NONE',  ( 0.0000000000000000000, 0.0000000000000000000, -1.000000000000000000 ) ) ;
#2619 = ORIENTED_EDGE ( 'NONE', *, *, #4970, .F. ) ;
#2620 = ORIENTED_EDGE ( 'NONE', *, *, #3548, .F. ) ;
#2621 = CARTESIAN_POINT ( 'NONE',  ( 1.221735230083598000, 0.8111902848543736100, -10.53394876014005500 ) ) ;
#2622 = EDGE_LOOP ( 'NONE', ( #2507, #433, #2289, #4512 ) ) ;
#2623 = VECTOR ( 'NONE', #2132, 1000.000000000000000 ) ;
#2624 = EDGE_LOOP ( 'NONE', ( #865, #1846, #2059, #3832 ) ) ;
#2625 = ORIENTED_EDGE ( 'NONE', *, *, #1407, .F. ) ;
#2626 = LINE ( 'NONE', #3971, #2225 ) ;
#2627 = ORIENTED_EDGE ( 'NONE', *, *, #5323, .F. ) ;
#2628 = LINE ( 'NONE', #1780, #4548 ) ;
#2629 = CARTESIAN_POINT ( 'NONE',  ( -1.395106995409589600, 0.8878299132256435300, -10.69000000000000000 ) ) ;
#2630 = VECTOR ( 'NONE', #5248, 1000.000000000000000 ) ;
#2631 = EDGE_LOOP ( 'NONE', ( #3125, #3786, #4994, #883, #1477 ) ) ;
#2632 = VERTEX_POINT ( 'NONE', #4163 ) ;
#2633 = CARTESIAN_POINT ( 'NONE',  ( 2.195000001576094700, -0.1469381192604953500, -13.31000000000000400 ) ) ;
#2634 = CARTESIAN_POINT ( 'NONE',  ( -0.3315099465539759200, 1.546275371092648200, -11.09286222069363200 ) ) ;
#2635 = CARTESIAN_POINT ( 'NONE',  ( 0.7626657414609723200, 1.464316903519738800, -11.14666666666666700 ) ) ;
#2636 = VERTEX_POINT ( 'NONE', #2517 ) ;
#2637 = EDGE_CURVE ( 'NONE', #3725, #2584, #3344, .T. ) ;
#2638 = CARTESIAN_POINT ( 'NONE',  ( 1.945000006337886500, -0.1562883383625692800, -13.31000000000000200 ) ) ;
#2639 = EDGE_LOOP ( 'NONE', ( #3940, #1003, #2203, #604, #5186 ) ) ;
#2640 = EDGE_CURVE ( 'NONE', #3399, #5005, #247, .T. ) ;
#2641 = CARTESIAN_POINT ( 'NONE',  ( -0.8642663124699404600, 1.673112385579235400, -10.45592324347367200 ) ) ;
#2642 = LINE ( 'NONE', #1216, #3587 ) ;
#2643 = CYLINDRICAL_SURFACE ( 'NONE', #4249, 1.099999999999999600 ) ;
#2644 = ORIENTED_EDGE ( 'NONE', *, *, #280, .F. ) ;
#2645 = EDGE_LOOP ( 'NONE', ( #3001, #4289, #112, #5032 ) ) ;
#2646 = VERTEX_POINT ( 'NONE', #879 ) ;
#2647 = EDGE_CURVE ( 'NONE', #2914, #4322, #1259, .T. ) ;
#2648 = FACE_OUTER_BOUND ( 'NONE', #4377, .T. ) ;
#2649 = VECTOR ( 'NONE', #2695, 1000.000000000000000 ) ;
#2650 = CARTESIAN_POINT ( 'NONE',  ( -0.6291125313078939100, 1.393052101976860200, -10.72782635849175000 ) ) ;
#2651 = CARTESIAN_POINT ( 'NONE',  ( 0.1087768239794132700, 1.243324787413053300, -14.80000000000001000 ) ) ;
#2652 = ORIENTED_EDGE ( 'NONE', *, *, #4756, .T. ) ;
#2653 = CIRCLE ( 'NONE', #217, 1.129999999999998600 ) ;
#2654 = ORIENTED_EDGE ( 'NONE', *, *, #3045, .T. ) ;
#2655 = ORIENTED_EDGE ( 'NONE', *, *, #2264, .F. ) ;
#2656 = AXIS2_PLACEMENT_3D ( 'NONE', #5170, #3127, #1884 ) ;
#2657 = ORIENTED_EDGE ( 'NONE', *, *, #5162, .T. ) ;
#2658 = VECTOR ( 'NONE', #3635, 1000.000000000000000 ) ;
#2659 = ADVANCED_FACE ( 'NONE', ( #23 ), #2116, .F. ) ;
#2660 = B_SPLINE_CURVE_WITH_KNOTS ( 'NONE', 3,
 ( #3756, #2939, #2958, #443 ),
 .UNSPECIFIED., .F., .F.,
 ( 4, 4 ),
 ( 1.533293416683374200E-019, 0.0001185672554671013100 ),
 .UNSPECIFIED. ) ;
#2661 = DIRECTION ( 'NONE',  ( -0.1448564873802154500, -0.9894526760102604300, 0.0000000000000000000 ) ) ;
#2662 = ORIENTED_EDGE ( 'NONE', *, *, #164, .T. ) ;
#2663 = EDGE_LOOP ( 'NONE', ( #1101, #2433, #5059, #4725 ) ) ;
#2664 = EDGE_CURVE ( 'NONE', #3780, #2632, #3184, .T. ) ;
#2665 = LINE ( 'NONE', #1360, #4599 ) ;
#2666 = FACE_OUTER_BOUND ( 'NONE', #4469, .T. ) ;
#2667 = ORIENTED_EDGE ( 'NONE', *, *, #5252, .T. ) ;
#2668 = ORIENTED_EDGE ( 'NONE', *, *, #4151, .F. ) ;
#2669 = ORIENTED_EDGE ( 'NONE', *, *, #4300, .T. ) ;
#2670 = EDGE_CURVE ( 'NONE', #1104, #2162, #4288, .T. ) ;
#2671 = ORIENTED_EDGE ( 'NONE', *, *, #3172, .F. ) ;
#2672 = FACE_OUTER_BOUND ( 'NONE', #933, .T. ) ;
#2673 = CIRCLE ( 'NONE', #1311, 0.5000000000000000000 ) ;
#2674 = VERTEX_POINT ( 'NONE', #1735 ) ;
#2675 = CARTESIAN_POINT ( 'NONE',  ( -1.169150940712115700, 0.3384047135905014500, -12.81999999999999900 ) ) ;
#2676 = FACE_OUTER_BOUND ( 'NONE', #4693, .T. ) ;
#2677 = ORIENTED_EDGE ( 'NONE', *, *, #3232, .T. ) ;
#2678 = CARTESIAN_POINT ( 'NONE',  ( 1.605831094663643800, -0.1913703414557952900, -2.160000000000000100 ) ) ;
#2679 = ORIENTED_EDGE ( 'NONE', *, *, #2250, .F. ) ;
#2680 = VECTOR ( 'NONE', #3175, 1000.000000000000100 ) ;
#2681 = CARTESIAN_POINT ( 'NONE',  ( -1.544330722560900400, -0.4183809500377925800, -2.160000000000000600 ) ) ;
#2682 = FACE_OUTER_BOUND ( 'NONE', #3860, .T. ) ;
#2683 = AXIS2_PLACEMENT_3D ( 'NONE', #3288, #5350, #2063 ) ;
#2684 = AXIS2_PLACEMENT_3D ( 'NONE', #4464, #4082, #2423 ) ;
#2685 = EDGE_CURVE ( 'NONE', #2277, #4234, #1103, .T. ) ;
#2686 = EDGE_CURVE ( 'NONE', #2831, #5177, #4183, .T. ) ;
#2687 = ORIENTED_EDGE ( 'NONE', *, *, #595, .T. ) ;
#2688 = CARTESIAN_POINT ( 'NONE',  ( -5.200000000000001100, 0.9000000000000000200, -12.82000000000000000 ) ) ;
#2689 = ADVANCED_FACE ( 'NONE', ( #1965 ), #3384, .F. ) ;
#2690 = ORIENTED_EDGE ( 'NONE', *, *, #3863, .T. ) ;
#2691 =( LENGTH_UNIT ( ) NAMED_UNIT ( * ) SI_UNIT ( .MILLI., .METRE. ) );
#2692 = ORIENTED_EDGE ( 'NONE', *, *, #630, .F. ) ;
#2693 = CARTESIAN_POINT ( 'NONE',  ( -0.1202749249917591100, 1.374748683366609400, -16.17000000000000200 ) ) ;
#2694 = ORIENTED_EDGE ( 'NONE', *, *, #1073, .F. ) ;
#2695 = DIRECTION ( 'NONE',  ( -1.000000000000000000, 3.488520879062148500E-015, 0.0000000000000000000 ) ) ;
#2696 = AXIS2_PLACEMENT_3D ( 'NONE', #422, #4167, #4818 ) ;
#2697 = ORIENTED_EDGE ( 'NONE', *, *, #3863, .F. ) ;
#2698 = B_SPLINE_CURVE_WITH_KNOTS ( 'NONE', 3,
 ( #4182, #4164, #5011, #2538 ),
 .UNSPECIFIED., .F., .F.,
 ( 4, 4 ),
 ( 0.0004788012959568653500, 0.004966952125186023200 ),
 .UNSPECIFIED. ) ;
#2699 = CARTESIAN_POINT ( 'NONE',  ( 1.257758094408550900, 0.9974845786978674400, -5.200000000000001100 ) ) ;
#2700 = ORIENTED_EDGE ( 'NONE', *, *, #939, .F. ) ;
#2701 = PRODUCT_DEFINITION_FORMATION_WITH_SPECIFIED_SOURCE ( 'ANY', '', #226, .NOT_KNOWN. ) ;
#2702 = FACE_OUTER_BOUND ( 'NONE', #3072, .T. ) ;
#2703 = VECTOR ( 'NONE', #2509, 1000.000000000000100 ) ;
#2704 = ORIENTED_EDGE ( 'NONE', *, *, #3414, .F. ) ;
#2705 = PLANE ( 'NONE',  #2747 ) ;
#2706 = ORIENTED_EDGE ( 'NONE', *, *, #1432, .T. ) ;
#2707 = ORIENTED_EDGE ( 'NONE', *, *, #2204, .T. ) ;
#2708 = CARTESIAN_POINT ( 'NONE',  ( 2.464999999999999400, 2.980000000000001300, -2.160000000000000100 ) ) ;
#2709 = TOROIDAL_SURFACE ( 'NONE', #4155, 1.579999999999999800, 0.2000000000000000100 ) ;
#2710 = ORIENTED_EDGE ( 'NONE', *, *, #2245, .F. ) ;
#2711 = ORIENTED_EDGE ( 'NONE', *, *, #321, .F. ) ;
#2712 = AXIS2_PLACEMENT_3D ( 'NONE', #960, #2820, #3265 ) ;
#2713 =( NAMED_UNIT ( * ) SI_UNIT ( $, .STERADIAN. ) SOLID_ANGLE_UNIT ( ) );
#2714 = ADVANCED_FACE ( 'NONE', ( #2978 ), #731, .T. ) ;
#2715 = LINE ( 'NONE', #1201, #4923 ) ;
#2716 = DIRECTION ( 'NONE',  ( 1.000000000000000000, -0.0000000000000000000, -0.0000000000000000000 ) ) ;
#2717 = CARTESIAN_POINT ( 'NONE',  ( -0.2305126330003931000, 1.106238638824022400, -16.17000000000000200 ) ) ;
#2718 = ORIENTED_EDGE ( 'NONE', *, *, #2190, .T. ) ;
#2719 = CARTESIAN_POINT ( 'NONE',  ( -5.200000000000001100, 0.8000000000000000400, -13.57000000000000000 ) ) ;
#2720 = CIRCLE ( 'NONE', #384, 1.379999999999999700 ) ;
#2721 = VECTOR ( 'NONE', #3475, 1000.000000000000000 ) ;
#2722 = EDGE_CURVE ( 'NONE', #150, #4460, #479, .T. ) ;
#2723 = CARTESIAN_POINT ( 'NONE',  ( -1.548429447034363800, -0.2429165268258652000, -2.215698818885680300 ) ) ;
#2724 = ORIENTED_EDGE ( 'NONE', *, *, #304, .T. ) ;
#2725 = EDGE_CURVE ( 'NONE', #1292, #4039, #4033, .T. ) ;
#2726 = VERTEX_POINT ( 'NONE', #929 ) ;
#2727 = DIRECTION ( 'NONE',  ( 1.000000000000000000, 1.048062100069321200E-014, 0.0000000000000000000 ) ) ;
#2728 = VERTEX_POINT ( 'NONE', #1773 ) ;
#2729 = EDGE_CURVE ( 'NONE', #1790, #567, #5140, .T. ) ;
#2730 = LINE ( 'NONE', #4603, #1373 ) ;
#2731 = CARTESIAN_POINT ( 'NONE',  ( 1.352925973727793900, -0.3432976227047930800, -6.791200438886038500 ) ) ;
#2732 = ADVANCED_FACE ( 'NONE', ( #3921 ), #2169, .F. ) ;
#2733 = CARTESIAN_POINT ( 'NONE',  ( -0.1874151072722418700, 1.109604611443321800, -16.17000000000000200 ) ) ;
#2734 = VERTEX_POINT ( 'NONE', #947 ) ;
#2735 = VECTOR ( 'NONE', #2257, 1000.000000000000000 ) ;
#2736 = ORIENTED_EDGE ( 'NONE', *, *, #1055, .T. ) ;
#2737 = EDGE_CURVE ( 'NONE', #3515, #1276, #1847, .T. ) ;
#2738 = FACE_OUTER_BOUND ( 'NONE', #3861, .T. ) ;
#2739 = LINE ( 'NONE', #1702, #3733 ) ;
#2740 = CARTESIAN_POINT ( 'NONE',  ( 1.884123392170884200, -0.1321417838129810000, -2.159999999999994800 ) ) ;
#2741 = EDGE_CURVE ( 'NONE', #1084, #1332, #601, .T. ) ;
#2742 = ORIENTED_EDGE ( 'NONE', *, *, #1016, .F. ) ;
#2743 = ORIENTED_EDGE ( 'NONE', *, *, #3870, .T. ) ;
#2744 = CARTESIAN_POINT ( 'NONE',  ( -1.562928387984999800, -0.2316351744243724300, -10.10000000000000100 ) ) ;
#2745 = CARTESIAN_POINT ( 'NONE',  ( -1.344813680594695700, -0.2554004858295242900, -2.815750876241089000 ) ) ;
#2746 = AXIS2_PLACEMENT_3D ( 'NONE', #4165, #1695, #4560 ) ;
#2747 = AXIS2_PLACEMENT_3D ( 'NONE', #2688, #1042, #3954 ) ;
#2748 = EDGE_CURVE ( 'NONE', #3226, #961, #5029, .T. ) ;
#2749 = ORIENTED_EDGE ( 'NONE', *, *, #154, .F. ) ;
#2750 = ORIENTED_EDGE ( 'NONE', *, *, #4758, .F. ) ;
#2751 = CARTESIAN_POINT ( 'NONE',  ( 0.9647027577309540400, 0.03125551874544749800, -3.049999792556994800 ) ) ;
#2752 = DIRECTION ( 'NONE',  ( -1.000000000000000000, 0.0000000000000000000, 0.0000000000000000000 ) ) ;
#2753 = VERTEX_POINT ( 'NONE', #533 ) ;
#2754 = CARTESIAN_POINT ( 'NONE',  ( -1.166325481635975200, -0.2822850879635867600, -5.799999999999999800 ) ) ;
#2755 = DIRECTION ( 'NONE',  ( -0.0000000000000000000, -0.0000000000000000000, 1.000000000000000000 ) ) ;
#2756 = VECTOR ( 'NONE', #2786, 1000.000000000000100 ) ;
#2757 = CARTESIAN_POINT ( 'NONE',  ( -1.649473781252145400, -0.3814159985618252300, -2.521906163415061500 ) ) ;
#2758 = CIRCLE ( 'NONE', #3427, 1.199999999999999700 ) ;
#2759 = VERTEX_POINT ( 'NONE', #3039 ) ;
#2760 = EDGE_LOOP ( 'NONE', ( #2692, #1703, #4841, #3032, #4129 ) ) ;
#2761 = ADVANCED_FACE ( 'NONE', ( #2676 ), #2567, .F. ) ;
#2762 = CARTESIAN_POINT ( 'NONE',  ( 1.443317834428720300, 1.574625325617178700, -6.093261892320531300 ) ) ;
#2763 = CARTESIAN_POINT ( 'NONE',  ( 1.249999999999999100, 1.979999999999999800, -3.257106781186547300 ) ) ;
#2764 = AXIS2_PLACEMENT_3D ( 'NONE', #4178, #1708, #17 ) ;
#2765 = CIRCLE ( 'NONE', #3358, 0.2999999999999999300 ) ;
#2766 = DIRECTION ( 'NONE',  ( 1.000000000000000000, 0.0000000000000000000, -0.0000000000000000000 ) ) ;
#2767 = CARTESIAN_POINT ( 'NONE',  ( 1.249999999999999600, 1.980000000000000000, -3.049999999999999800 ) ) ;
#2768 = CARTESIAN_POINT ( 'NONE',  ( 1.785632397961041300, -0.4837529734811965600, -2.160000000000000100 ) ) ;
#2769 = CARTESIAN_POINT ( 'NONE',  ( -1.129999999999999900, 3.945373912892740100E-015, -10.48999999999999800 ) ) ;
#2770 = ORIENTED_EDGE ( 'NONE', *, *, #2326, .T. ) ;
#2771 = CARTESIAN_POINT ( 'NONE',  ( 1.129999999999999900, 3.945373912892740100E-015, -6.900000000000001200 ) ) ;
#2772 = ORIENTED_EDGE ( 'NONE', *, *, #2857, .T. ) ;
#2773 = CARTESIAN_POINT ( 'NONE',  ( -1.544330722560900400, -0.4183809500377925800, -2.160000000000000100 ) ) ;
#2774 = DIRECTION ( 'NONE',  ( -3.491481338843133400E-015, -1.000000000000000000, 0.0000000000000000000 ) ) ;
#2775 = DIRECTION ( 'NONE',  ( -1.000000000000000000, 0.0000000000000000000, 0.0000000000000000000 ) ) ;
#2776 = AXIS2_PLACEMENT_3D ( 'NONE', #4886, #2403, #5292 ) ;
#2777 = PLANE ( 'NONE',  #4847 ) ;
#2778 = CARTESIAN_POINT ( 'NONE',  ( -0.7980601481091488300, -0.7999999999999997100, -16.17000000000000200 ) ) ;
#2779 = EDGE_LOOP ( 'NONE', ( #2707, #4916, #1483, #3111 ) ) ;
#2780 = LINE ( 'NONE', #5268, #2658 ) ;
#2781 = CARTESIAN_POINT ( 'NONE',  ( -1.309528219689544600, -0.4353571428571382800, -10.30000000000000200 ) ) ;
#2782 = CARTESIAN_POINT ( 'NONE',  ( -1.088397943611286300, -0.1593421361182369400, -1.307046315598956900E-016 ) ) ;
#2783 = CARTESIAN_POINT ( 'NONE',  ( 1.449999999999999700, 1.620268339096389000, -3.070078346969903100 ) ) ;
#2784 = EDGE_LOOP ( 'NONE', ( #3056, #1830, #5026, #5189 ) ) ;
#2785 = ORIENTED_EDGE ( 'NONE', *, *, #679, .T. ) ;
#2786 = DIRECTION ( 'NONE',  ( -0.9999999999999995600, 2.933728273543135700E-008, -0.0000000000000000000 ) ) ;
#2787 = LINE ( 'NONE', #3428, #3788 ) ;
#2788 = CARTESIAN_POINT ( 'NONE',  ( -1.436426353334338400, 1.527552567373270600, -6.099999999999999600 ) ) ;
#2789 = LINE ( 'NONE', #5351, #1720 ) ;
#2790 = DIRECTION ( 'NONE',  ( 1.000000000000000000, 0.0000000000000000000, 0.0000000000000000000 ) ) ;
#2791 = ADVANCED_FACE ( 'NONE', ( #4724 ), #1279, .F. ) ;
#2792 = DIRECTION ( 'NONE',  ( 1.000000000000000000, 0.0000000000000000000, 0.0000000000000000000 ) ) ;
#2793 = DIRECTION ( 'NONE',  ( -1.000000000000000000, 0.0000000000000000000, 0.0000000000000000000 ) ) ;
#2794 = ORIENTED_EDGE ( 'NONE', *, *, #198, .F. ) ;
#2795 = ORIENTED_EDGE ( 'NONE', *, *, #2725, .F. ) ;
#2796 = ORIENTED_EDGE ( 'NONE', *, *, #5144, .F. ) ;
#2797 = DIRECTION ( 'NONE',  ( -0.0000000000000000000, -0.0000000000000000000, -1.000000000000000000 ) ) ;
#2798 = EDGE_CURVE ( 'NONE', #934, #3011, #478, .T. ) ;
#2799 = CARTESIAN_POINT ( 'NONE',  ( -1.266715902832221500, -0.5660043063169885000, -16.17000000000000500 ) ) ;
#2800 = ORIENTED_EDGE ( 'NONE', *, *, #740, .F. ) ;
#2801 = VECTOR ( 'NONE', #1890, 1000.000000000000000 ) ;
#2802 = CIRCLE ( 'NONE', #1871, 1.129999999999999700 ) ;
#2803 = ORIENTED_EDGE ( 'NONE', *, *, #280, .T. ) ;
#2804 = DIRECTION ( 'NONE',  ( -0.9989484067727931700, 0.0000000000000000000, 0.04584845260309468300 ) ) ;
#2805 = AXIS2_PLACEMENT_3D ( 'NONE', #5086, #3440, #963 ) ;
#2806 = VECTOR ( 'NONE', #5071, 1000.000000000000000 ) ;
#2807 = CARTESIAN_POINT ( 'NONE',  ( 1.451589140156567000, -0.3393387370713101300, -2.513707834628458000 ) ) ;
#2808 = CARTESIAN_POINT ( 'NONE',  ( 1.839515385441488300, -0.1223912699163738800, -2.160000000000000100 ) ) ;
#2809 = EDGE_CURVE ( 'NONE', #1319, #1112, #328, .T. ) ;
#2810 = CARTESIAN_POINT ( 'NONE',  ( 2.664999999999999600, 2.980000000000000900, -2.160000000000000100 ) ) ;
#2811 = ORIENTED_EDGE ( 'NONE', *, *, #3230, .F. ) ;
#2812 = VECTOR ( 'NONE', #2307, 1000.000000000000100 ) ;
#2813 = CARTESIAN_POINT ( 'NONE',  ( 1.379999999999999700, 0.0000000000000000000, -13.42999999999999100 ) ) ;
#2814 = CARTESIAN_POINT ( 'NONE',  ( 0.0000000000000000000, 0.0000000000000000000, -16.17000000000000200 ) ) ;
#2815 = LINE ( 'NONE', #1606, #1746 ) ;
#2816 = CARTESIAN_POINT ( 'NONE',  ( -1.881069143160203800, -0.1314761844472547600, -2.159999999993758000 ) ) ;
#2817 = PLANE ( 'NONE',  #3080 ) ;
#2818 = CARTESIAN_POINT ( 'NONE',  ( -0.9771355316133613100, 0.5869905704856193100, -16.16999999999999800 ) ) ;
#2819 = EDGE_CURVE ( 'NONE', #2914, #3099, #3646, .T. ) ;
#2820 = DIRECTION ( 'NONE',  ( -0.0000000000000000000, -0.0000000000000000000, 1.000000000000000000 ) ) ;
#2821 = CARTESIAN_POINT ( 'NONE',  ( 1.379999999999999400, 0.0000000000000000000, -10.69000000000000000 ) ) ;
#2822 = DIRECTION ( 'NONE',  ( 0.0000000000000000000, 0.0000000000000000000, -1.000000000000000000 ) ) ;
#2823 = ORIENTED_EDGE ( 'NONE', *, *, #1049, .F. ) ;
#2824 = CARTESIAN_POINT ( 'NONE',  ( 1.144390723508598600, 0.07790321458604403100, -3.049999999999999800 ) ) ;
#2825 = ORIENTED_EDGE ( 'NONE', *, *, #2857, .F. ) ;
#2826 = CARTESIAN_POINT ( 'NONE',  ( -1.839515385441487400, -0.1223912699163758300, -2.160000000000000100 ) ) ;
#2827 = ADVANCED_FACE ( 'NONE', ( #4612 ), #4303, .F. ) ;
#2828 = CARTESIAN_POINT ( 'NONE',  ( -0.09848598930484615800, 1.108659117096004700, -16.17000000000000500 ) ) ;
#2829 = DIRECTION ( 'NONE',  ( 3.321745982590990000E-016, 1.000000000000000000, 1.325673136855651400E-016 ) ) ;
#2830 = DIRECTION ( 'NONE',  ( 1.000000000000000000, -3.488520879062148500E-015, 0.0000000000000000000 ) ) ;
#2831 = VERTEX_POINT ( 'NONE', #1411 ) ;
#2832 = CARTESIAN_POINT ( 'NONE',  ( 1.379999999999999700, 0.0000000000000000000, -16.17000000000000200 ) ) ;
#2833 = DIRECTION ( 'NONE',  ( -0.1448564873802144800, -0.9894526760102605500, 0.0000000000000000000 ) ) ;
#2834 = ORIENTED_EDGE ( 'NONE', *, *, #906, .T. ) ;
#2835 = CARTESIAN_POINT ( 'NONE',  ( -1.495599113505866800, -0.3486972886652606700, -2.515529324024441800 ) ) ;
#2836 = CARTESIAN_POINT ( 'NONE',  ( -1.450000000000000200, 1.620268339096388300, -6.079921653030095500 ) ) ;
#2837 = CARTESIAN_POINT ( 'NONE',  ( -0.9734604855587900600, 0.1087542209055033400, -3.050000000000000700 ) ) ;
#2838 = ORIENTED_EDGE ( 'NONE', *, *, #3696, .T. ) ;
#2839 = B_SPLINE_CURVE_WITH_KNOTS ( 'NONE', 3,
 ( #1627, #2049, #825, #3709 ),
 .UNSPECIFIED., .F., .F.,
 ( 4, 4 ),
 ( 4.058368013681135900E-017, 0.0004146558929107522200 ),
 .UNSPECIFIED. ) ;
#2840 = DIRECTION ( 'NONE',  ( -0.0000000000000000000, 1.000000000000000000, -0.0000000000000000000 ) ) ;
#2841 = CARTESIAN_POINT ( 'NONE',  ( 1.395106995409589600, 0.8878299132256435300, -10.69000000000000000 ) ) ;
#2842 = DIRECTION ( 'NONE',  ( -0.9719379013633129300, 0.2352375733029888300, -0.0000000000000000000 ) ) ;
#2843 = VERTEX_POINT ( 'NONE', #3100 ) ;
#2844 = DIRECTION ( 'NONE',  ( 1.000000000000000000, 0.0000000000000000000, 0.0000000000000000000 ) ) ;
#2845 = CIRCLE ( 'NONE', #3505, 1.379999999999999700 ) ;
#2846 = FACE_OUTER_BOUND ( 'NONE', #1967, .T. ) ;
#2847 = CARTESIAN_POINT ( 'NONE',  ( 1.449999999999999700, 1.620268339096389000, -3.070078346969903100 ) ) ;
#2848 = CARTESIAN_POINT ( 'NONE',  ( -0.9774029843242374400, -0.04403966488497802800, -3.018853438579693000 ) ) ;
#2849 = ORIENTED_EDGE ( 'NONE', *, *, #4697, .F. ) ;
#2850 = CARTESIAN_POINT ( 'NONE',  ( 1.881069649684759400, -0.1314743147602323900, -2.160000000000000100 ) ) ;
#2851 = CARTESIAN_POINT ( 'NONE',  ( 1.142711595536619800, 0.5781906312671920600, -10.68999999999999600 ) ) ;
#2852 = EDGE_LOOP ( 'NONE', ( #2455, #4387, #1421, #1490, #3758, #210, #3536 ) ) ;
#2853 = ORIENTED_EDGE ( 'NONE', *, *, #4658, .F. ) ;
#2854 = EDGE_CURVE ( 'NONE', #5104, #4261, #184, .T. ) ;
#2855 = VECTOR ( 'NONE', #1675, 999.9999999999998900 ) ;
#2856 = CARTESIAN_POINT ( 'NONE',  ( -1.356703362009577000, 0.9829989299598460600, -4.800000000000000700 ) ) ;
#2857 = EDGE_CURVE ( 'NONE', #4858, #2416, #1318, .T. ) ;
#2858 = CARTESIAN_POINT ( 'NONE',  ( 0.0000000000000000000, 0.0000000000000000000, 0.0000000000000000000 ) ) ;
#2859 = CARTESIAN_POINT ( 'NONE',  ( 1.545256470341154900, -0.3592336668339649000, -2.517577205672525900 ) ) ;
#2860 = ORIENTED_EDGE ( 'NONE', *, *, #2982, .T. ) ;
#2861 = CARTESIAN_POINT ( 'NONE',  ( 0.9734604588888786700, 0.1087542257319907700, -3.049999999999999800 ) ) ;
#2862 = PLANE ( 'NONE',  #4074 ) ;
#2863 = DIRECTION ( 'NONE',  ( 0.04584845260309469000, 0.0000000000000000000, -0.9989484067727930600 ) ) ;
#2864 = DIRECTION ( 'NONE',  ( -0.5435630326427199900, 0.2525267579981292400, -0.8004807718110432700 ) ) ;
#2865 = CARTESIAN_POINT ( 'NONE',  ( -2.665000000000000500, 2.980000000000000000, -2.160000000000000100 ) ) ;
#2866 = CARTESIAN_POINT ( 'NONE',  ( 0.8642663124700104000, 1.673112385580033600, -10.45592324346150000 ) ) ;
#2867 = DIRECTION ( 'NONE',  ( -0.9894526760102605500, -0.1448564873802151700, 0.0000000000000000000 ) ) ;
#2868 = DIRECTION ( 'NONE',  ( 1.000000000000000000, 0.0000000000000000000, -0.0000000000000000000 ) ) ;
#2869 = DIRECTION ( 'NONE',  ( -0.1448564873802154200, -0.9894526760102604300, 0.0000000000000000000 ) ) ;
#2870 = CARTESIAN_POINT ( 'NONE',  ( -5.200000000000001100, -0.9000000000000000200, -12.82000000000000000 ) ) ;
#2872 = VECTOR ( 'NONE', #3246, 1000.000000000000000 ) ;
#2871 = CARTESIAN_POINT ( 'NONE',  ( -5.200000000000001100, -0.9000000000000000200, -12.82000000000000000 ) ) ;
#2873 = DIRECTION ( 'NONE',  ( -0.0000000000000000000, -0.0000000000000000000, -1.000000000000000000 ) ) ;
#2874 = ORIENTED_EDGE ( 'NONE', *, *, #3495, .F. ) ;
#2875 = CARTESIAN_POINT ( 'NONE',  ( -1.187343211212311700, -0.1738277848562581300, -3.049999999999999800 ) ) ;
#2876 = VERTEX_POINT ( 'NONE', #4308 ) ;
#2877 = VECTOR ( 'NONE', #4227, 1000.000000000000000 ) ;
#2878 = AXIS2_PLACEMENT_3D ( 'NONE', #13, #3347, #872 ) ;
#2879 = AXIS2_PLACEMENT_3D ( 'NONE', #3122, #3960, #1455 ) ;
#2880 = EDGE_CURVE ( 'NONE', #5174, #4656, #1184, .T. ) ;
#2881 = DIRECTION ( 'NONE',  ( 0.9652067016005632100, -0.2614880937736200900, 0.0000000000000000000 ) ) ;
#2882 = CARTESIAN_POINT ( 'NONE',  ( -1.309528219689544600, -0.4353571428571382800, -6.700000000000001100 ) ) ;
#2883 = EDGE_CURVE ( 'NONE', #1806, #2506, #2410, .T. ) ;
#2884 = DIRECTION ( 'NONE',  ( 0.1448564873802154500, 0.9894526760102604300, 0.0000000000000000000 ) ) ;
#2885 = CARTESIAN_POINT ( 'NONE',  ( 1.212656674943201500, -0.1831616883346474100, -3.049999999992637300 ) ) ;
#2886 = SURFACE_SIDE_STYLE ('',( #28 ) ) ;
#2887 = CARTESIAN_POINT ( 'NONE',  ( 1.185329850718443300, 0.5027582406927372200, -5.799999999999999800 ) ) ;
#2888 = DIRECTION ( 'NONE',  ( 0.09273486341100847800, -0.6334321673880425300, -0.7682212795973751800 ) ) ;
#2889 = CARTESIAN_POINT ( 'NONE',  ( 0.0000000000000000000, 0.0000000000000000000, -16.17000000000000200 ) ) ;
#2890 = DIRECTION ( 'NONE',  ( -1.000000000000000000, 3.488520879062148900E-015, 0.0000000000000000000 ) ) ;
#2891 = CARTESIAN_POINT ( 'NONE',  ( -1.379999999999998800, 0.2000000000000048400, -10.69000000000000000 ) ) ;
#2892 = DIRECTION ( 'NONE',  ( -0.0000000000000000000, -0.0000000000000000000, -1.000000000000000000 ) ) ;
#2893 = ORIENTED_EDGE ( 'NONE', *, *, #410, .F. ) ;
#2894 = ORIENTED_EDGE ( 'NONE', *, *, #784, .F. ) ;
#2895 = FACE_OUTER_BOUND ( 'NONE', #3373, .T. ) ;
#2896 = CARTESIAN_POINT ( 'NONE',  ( -1.185039682266524800, 0.07059180599345418700, -3.049999999999999800 ) ) ;
#2897 = CARTESIAN_POINT ( 'NONE',  ( -0.09848598930484624100, 1.125700008843672800, -16.17000000000000200 ) ) ;
#2898 = DIRECTION ( 'NONE',  ( 1.000000000000000000, 0.0000000000000000000, 0.0000000000000000000 ) ) ;
#2899 = ORIENTED_EDGE ( 'NONE', *, *, #2737, .T. ) ;
#2900 = VECTOR ( 'NONE', #3542, 1000.000000000000000 ) ;
#2901 = VERTEX_POINT ( 'NONE', #4735 ) ;
#2902 = LINE ( 'NONE', #344, #1797 ) ;
#2903 = CARTESIAN_POINT ( 'NONE',  ( 1.266715902832221500, -0.5660043063169885000, -16.17000000000000500 ) ) ;
#2904 = CARTESIAN_POINT ( 'NONE',  ( -1.151620312390816200, 0.9000000000000000200, -12.82000000000000000 ) ) ;
#2905 = CARTESIAN_POINT ( 'NONE',  ( 1.104888821544790500, -0.1617564109079073200, -3.049999999999999800 ) ) ;
#2906 = CARTESIAN_POINT ( 'NONE',  ( 1.785632397961041300, -0.4837529734811965600, -2.160000000000000100 ) ) ;
#2907 = VERTEX_POINT ( 'NONE', #3109 ) ;
#2908 = CARTESIAN_POINT ( 'NONE',  ( 1.187343211212313000, -0.1738277848562579900, -3.049999999999999800 ) ) ;
#2909 = CARTESIAN_POINT ( 'NONE',  ( 0.0000000000000000000, 0.0000000000000000000, -4.200000000000000200 ) ) ;
#2910 = CARTESIAN_POINT ( 'NONE',  ( -1.129999999999999700, 0.0000000000000000000, -16.17000000000000200 ) ) ;
#2911 = CARTESIAN_POINT ( 'NONE',  ( -1.594208267448140100, -0.2299999999999944600, -6.700000000000001100 ) ) ;
#2912 = CARTESIAN_POINT ( 'NONE',  ( -0.09848598930484624100, 1.125700008843672800, -16.17000000000000200 ) ) ;
#2913 = ORIENTED_EDGE ( 'NONE', *, *, #123, .T. ) ;
#2914 = VERTEX_POINT ( 'NONE', #2693 ) ;
#2915 = DIRECTION ( 'NONE',  ( -0.0000000000000000000, -0.0000000000000000000, -1.000000000000000000 ) ) ;
#2916 = ADVANCED_FACE ( 'NONE', ( #3261 ), #4502, .T. ) ;
#2917 = AXIS2_PLACEMENT_3D ( 'NONE', #5085, #3035, #529 ) ;
#2918 = CARTESIAN_POINT ( 'NONE',  ( 0.3281037880933591600, 3.000000000000000000, -11.16707577369845300 ) ) ;
#2919 = EDGE_LOOP ( 'NONE', ( #4385, #3826, #2008, #70 ) ) ;
#2920 = CARTESIAN_POINT ( 'NONE',  ( 1.069131691499643600, -0.2587613306332878200, -3.049999999999999800 ) ) ;
#2921 = B_SPLINE_CURVE_WITH_KNOTS ( 'NONE', 3,
 ( #4393, #4048, #4871, #2386, #5280, #2826, #319 ),
 .UNSPECIFIED., .F., .F.,
 ( 4, 3, 4 ),
 ( 2.206191581974134500E-019, 0.0001226906387161942500, 0.0002502966852417900700 ),
 .UNSPECIFIED. ) ;
#2922 = CARTESIAN_POINT ( 'NONE',  ( -0.8275779853652182000, 1.180770713494844900, -10.68999999999999800 ) ) ;
#2923 = VECTOR ( 'NONE', #113, 1000.000000000000000 ) ;
#2924 = FACE_OUTER_BOUND ( 'NONE', #4692, .T. ) ;
#2925 = CARTESIAN_POINT ( 'NONE',  ( -1.155281071667066900, 0.8000000011168276700, -14.91643946520701300 ) ) ;
#2926 = B_SPLINE_CURVE_WITH_KNOTS ( 'NONE', 3,
 ( #2164, #4625, #5068, #2585 ),
 .UNSPECIFIED., .F., .F.,
 ( 4, 4 ),
 ( 0.0000000000000000000, 0.002256548768707690100 ),
 .UNSPECIFIED. ) ;
#2927 = DIRECTION ( 'NONE',  ( 0.0000000000000000000, 0.0000000000000000000, 1.000000000000000000 ) ) ;
#2928 = CARTESIAN_POINT ( 'NONE',  ( -1.486487804586676700, -0.3287903791687276100, -2.604999999999999500 ) ) ;
#2929 = CARTESIAN_POINT ( 'NONE',  ( 1.114329421602584300, -0.2160642314706022200, -2.806423537691743200 ) ) ;
#2930 = ORIENTED_EDGE ( 'NONE', *, *, #539, .T. ) ;
#2931 = ORIENTED_EDGE ( 'NONE', *, *, #823, .F. ) ;
#2932 = CARTESIAN_POINT ( 'NONE',  ( 1.155281071671589100, 0.8000000011168276700, -14.91643946519114500 ) ) ;
#2933 = CARTESIAN_POINT ( 'NONE',  ( 1.176799688912704800, 1.480000000000000000, -6.099999999999999600 ) ) ;
#2934 = CIRCLE ( 'NONE', #2236, 1.129999999999999700 ) ;
#2935 = LINE ( 'NONE', #1854, #3894 ) ;
#2936 = CARTESIAN_POINT ( 'NONE',  ( -0.8892845093490235900, 1.110122591202243000, -16.17000000000000200 ) ) ;
#2937 = CARTESIAN_POINT ( 'NONE',  ( 1.805000000000000800, -0.2300000000000062800, -6.900000000000001200 ) ) ;
#2938 = EDGE_CURVE ( 'NONE', #4269, #918, #2270, .T. ) ;
#2939 = CARTESIAN_POINT ( 'NONE',  ( 0.9343038399878975700, 0.8679352159056660200, -13.57000000000000200 ) ) ;
#2940 = VERTEX_POINT ( 'NONE', #4877 ) ;
#2941 = AXIS2_PLACEMENT_3D ( 'NONE', #4420, #1978, #4853 ) ;
#2942 = ORIENTED_EDGE ( 'NONE', *, *, #980, .T. ) ;
#2943 = ORIENTED_EDGE ( 'NONE', *, *, #4598, .T. ) ;
#2944 = CARTESIAN_POINT ( 'NONE',  ( -1.187343211212311900, -0.1738277848562579900, -3.200000000000000200 ) ) ;
#2945 = EDGE_CURVE ( 'NONE', #4940, #2100, #1041, .T. ) ;
#2946 = DIRECTION ( 'NONE',  ( -0.0000000000000000000, -0.0000000000000000000, -1.000000000000000000 ) ) ;
#2948 = ADVANCED_FACE ( 'NONE', ( #2039 ), #3236, .F. ) ;
#2947 = CARTESIAN_POINT ( 'NONE',  ( -0.7288288639449821400, -1.579897002578964300, -3.049999999999999400 ) ) ;
#2949 = CARTESIAN_POINT ( 'NONE',  ( 0.1433616066989911700, 1.110460131798682400, -16.17000000000000200 ) ) ;
#2950 = EDGE_CURVE ( 'NONE', #1097, #4574, #951, .T. ) ;
#2951 = CARTESIAN_POINT ( 'NONE',  ( 1.129999999999999400, -0.2300000000000039500, -6.900000000000001200 ) ) ;
#2952 = CARTESIAN_POINT ( 'NONE',  ( 1.069131691499643800, -0.2587613306332873200, -4.200000000000000200 ) ) ;
#2953 = LINE ( 'NONE', #1107, #705 ) ;
#2954 = PLANE ( 'NONE',  #3059 ) ;
#2955 = VERTEX_POINT ( 'NONE', #4463 ) ;
#2956 = EDGE_LOOP ( 'NONE', ( #2930, #2594, #4760, #246 ) ) ;
#2957 = ORIENTED_EDGE ( 'NONE', *, *, #3220, .F. ) ;
#2958 = CARTESIAN_POINT ( 'NONE',  ( 0.9555718437646253400, 0.8345654856631641300, -13.57000000000000200 ) ) ;
#2959 = DIRECTION ( 'NONE',  ( 1.000000000000000000, 0.0000000000000000000, 0.0000000000000000000 ) ) ;
#2960 = VECTOR ( 'NONE', #2064, 1000.000000000000100 ) ;
#2961 = B_SPLINE_CURVE_WITH_KNOTS ( 'NONE', 3,
 ( #15, #2516, #2949, #3929 ),
 .UNSPECIFIED., .F., .F.,
 ( 4, 4 ),
 ( 0.9287245450964991500, 0.9992167182441358300 ),
 .UNSPECIFIED. ) ;
#2962 = CARTESIAN_POINT ( 'NONE',  ( 1.257758094408550900, 0.9974845786978674400, -3.799999999999999800 ) ) ;
#2963 = AXIS2_PLACEMENT_3D ( 'NONE', #231, #3153, #673 ) ;
#2964 = ORIENTED_EDGE ( 'NONE', *, *, #2685, .F. ) ;
#2965 = EDGE_LOOP ( 'NONE', ( #3956, #998, #4867, #3947 ) ) ;
#2966 = ORIENTED_EDGE ( 'NONE', *, *, #808, .T. ) ;
#2967 = CARTESIAN_POINT ( 'NONE',  ( 1.069131691499643800, -0.2587613306332873200, -3.800000000000000700 ) ) ;
#2968 = CARTESIAN_POINT ( 'NONE',  ( -1.129999999999999900, 0.0000000000000000000, -10.53394876013278200 ) ) ;
#2969 = DIRECTION ( 'NONE',  ( -0.1448564873802154800, 0.9894526760102604300, 0.0000000000000000000 ) ) ;
#2970 = DIRECTION ( 'NONE',  ( 0.0000000000000000000, 0.0000000000000000000, -1.000000000000000000 ) ) ;
#2971 = ORIENTED_EDGE ( 'NONE', *, *, #3131, .T. ) ;
#2972 = CARTESIAN_POINT ( 'NONE',  ( 0.09848598930484625500, 1.125700008843673100, -20.87000000000000100 ) ) ;
#2973 = VECTOR ( 'NONE', #5193, 1000.000000000000100 ) ;
#2974 = VECTOR ( 'NONE', #5291, 1000.000000000000200 ) ;
#2975 = VERTEX_POINT ( 'NONE', #1588 ) ;
#2976 = CARTESIAN_POINT ( 'NONE',  ( 1.073681690390445400, -0.2598625642574750000, -3.799999999999999800 ) ) ;
#2977 = DIRECTION ( 'NONE',  ( 0.0000000000000000000, 0.0000000000000000000, 1.000000000000000000 ) ) ;
#2978 = FACE_OUTER_BOUND ( 'NONE', #2760, .T. ) ;
#2979 = CARTESIAN_POINT ( 'NONE',  ( 1.171357150092621400, -0.2830217273562170600, -5.200000000000001100 ) ) ;
#2980 = VERTEX_POINT ( 'NONE', #5305 ) ;
#2981 = CARTESIAN_POINT ( 'NONE',  ( 1.425761985557338200, -0.3282938229005248900, -2.345792909018044700 ) ) ;
#2982 = EDGE_CURVE ( 'NONE', #5333, #1214, #4112, .T. ) ;
#2983 = ADVANCED_FACE ( 'NONE', ( #5318 ), #663, .F. ) ;
#2984 = ORIENTED_EDGE ( 'NONE', *, *, #1992, .T. ) ;
#2985 = CARTESIAN_POINT ( 'NONE',  ( -1.219978018017146400, 0.7911052590277885000, -11.14666666666666700 ) ) ;
#2986 = CARTESIAN_POINT ( 'NONE',  ( 1.129999999999999000, -0.2300000000000039500, -10.10000000000000100 ) ) ;
#2987 = EDGE_CURVE ( 'NONE', #1381, #3531, #1896, .T. ) ;
#2988 = CARTESIAN_POINT ( 'NONE',  ( -1.241121761485832100, -0.2377740903155697600, -2.811579618982252600 ) ) ;
#2989 = CARTESIAN_POINT ( 'NONE',  ( 1.257758094408550900, 0.9974845786978674400, -5.200000000000001100 ) ) ;
#2990 = CARTESIAN_POINT ( 'NONE',  ( -1.145228189760910500, 0.8999999999999992500, -13.07001018702310800 ) ) ;
#2991 = ORIENTED_EDGE ( 'NONE', *, *, #462, .T. ) ;
#2992 = ORIENTED_EDGE ( 'NONE', *, *, #582, .T. ) ;
#2993 = AXIS2_PLACEMENT_3D ( 'NONE', #5366, #2927, #416 ) ;
#2994 = ORIENTED_EDGE ( 'NONE', *, *, #1285, .T. ) ;
#2995 = MECHANICAL_DESIGN_GEOMETRIC_PRESENTATION_REPRESENTATION (  '', ( #2389 ), #3229 ) ;
#2996 = EDGE_CURVE ( 'NONE', #4384, #718, #3030, .T. ) ;
#2997 = EDGE_CURVE ( 'NONE', #1244, #3090, #5090, .T. ) ;
#2998 = CARTESIAN_POINT ( 'NONE',  ( -2.665000000000000500, 2.762174940136285600, -2.160000000000000100 ) ) ;
#2999 = CIRCLE ( 'NONE', #1557, 1.129999999999998600 ) ;
#3000 = LINE ( 'NONE', #5364, #3939 ) ;
#3001 = ORIENTED_EDGE ( 'NONE', *, *, #3782, .F. ) ;
#3002 = EDGE_LOOP ( 'NONE', ( #4928, #434, #1085, #1429 ) ) ;
#3003 = ORIENTED_EDGE ( 'NONE', *, *, #5152, .F. ) ;
#3004 = CARTESIAN_POINT ( 'NONE',  ( -0.7417109714184431100, 1.224802785941272700, -14.80000000000001700 ) ) ;
#3005 = FACE_OUTER_BOUND ( 'NONE', #3189, .T. ) ;
#3006 = ADVANCED_FACE ( 'NONE', ( #2895 ), #1227, .F. ) ;
#3007 = DIRECTION ( 'NONE',  ( -1.000000000000000000, 0.0000000000000000000, 0.0000000000000000000 ) ) ;
#3008 = DIRECTION ( 'NONE',  ( -0.2740548739561974900, 8.040025356153330600E-009, 0.9617140562874460000 ) ) ;
#3009 = CARTESIAN_POINT ( 'NONE',  ( -1.379999999999999400, 0.0000000000000000000, -12.82000000000000000 ) ) ;
#3010 = DIRECTION ( 'NONE',  ( 0.0000000000000000000, -0.0000000000000000000, 1.000000000000000000 ) ) ;
#3011 = VERTEX_POINT ( 'NONE', #3721 ) ;
#3012 = CARTESIAN_POINT ( 'NONE',  ( 0.0000000000000000000, 0.0000000000000000000, -10.10000000000000100 ) ) ;
#3013 = AXIS2_PLACEMENT_3D ( 'NONE', #3202, #732, #3616 ) ;
#3014 = CARTESIAN_POINT ( 'NONE',  ( 0.0000000000000000000, 0.0000000000000000000, -16.17000000000000200 ) ) ;
#3015 = PRODUCT_RELATED_PRODUCT_CATEGORY ( 'part', '', ( #226 ) ) ;
#3016 = VECTOR ( 'NONE', #3200, 1000.000000000000000 ) ;
#3017 = CARTESIAN_POINT ( 'NONE',  ( 1.072411882491595600, -0.2685360786181955100, -5.200000000000001100 ) ) ;
#3018 = ORIENTED_EDGE ( 'NONE', *, *, #687, .T. ) ;
#3019 = ORIENTED_EDGE ( 'NONE', *, *, #833, .T. ) ;
#3020 = CARTESIAN_POINT ( 'NONE',  ( -0.9296487893591053300, 0.8999999999988702600, -13.07002237772021200 ) ) ;
#3021 = LINE ( 'NONE', #1772, #2877 ) ;
#3022 = DIRECTION ( 'NONE',  ( 0.0000000000000000000, 0.0000000000000000000, 1.000000000000000000 ) ) ;
#3023 = DIRECTION ( 'NONE',  ( 0.0000000000000000000, 0.0000000000000000000, -1.000000000000000000 ) ) ;
#3024 = CARTESIAN_POINT ( 'NONE',  ( 0.4606303556514620400, 1.743940561268374000, -10.84406109832543700 ) ) ;
#3025 = AXIS2_PLACEMENT_3D ( 'NONE', #508, #4635, #2181 ) ;
#3026 = AXIS2_PLACEMENT_3D ( 'NONE', #771, #1169, #4081 ) ;
#3027 = CARTESIAN_POINT ( 'NONE',  ( -1.584547668460925000, -0.4292762872783603700, -2.159999999999999700 ) ) ;
#3028 = ORIENTED_EDGE ( 'NONE', *, *, #181, .F. ) ;
#3029 = ORIENTED_EDGE ( 'NONE', *, *, #3429, .F. ) ;
#3030 = LINE ( 'NONE', #2906, #3970 ) ;
#3031 = B_SPLINE_CURVE_WITH_KNOTS ( 'NONE', 3,
 ( #3472, #2497, #860, #3748 ),
 .UNSPECIFIED., .F., .F.,
 ( 4, 4 ),
 ( 0.0000000000000000000, 0.0003649754900993151000 ),
 .UNSPECIFIED. ) ;
#3032 = ORIENTED_EDGE ( 'NONE', *, *, #4508, .F. ) ;
#3033 = VECTOR ( 'NONE', #650, 1000.000000000000100 ) ;
#3034 = ORIENTED_EDGE ( 'NONE', *, *, #4076, .T. ) ;
#3035 = DIRECTION ( 'NONE',  ( 0.2352375733029890000, -0.9719379013633129300, 0.0000000000000000000 ) ) ;
#3036 = DIRECTION ( 'NONE',  ( -0.1448564873802154500, 0.9894526760102604300, 0.0000000000000000000 ) ) ;
#3037 = VECTOR ( 'NONE', #2797, 1000.000000000000000 ) ;
#3038 = DIRECTION ( 'NONE',  ( -1.000000000000000000, 0.0000000000000000000, -0.0000000000000000000 ) ) ;
#3039 = CARTESIAN_POINT ( 'NONE',  ( 0.8798276833061962100, 0.7999999930357736300, -16.17000000000000500 ) ) ;
#3040 = EDGE_CURVE ( 'NONE', #961, #3180, #4942, .T. ) ;
#3041 = DIRECTION ( 'NONE',  ( 1.000000000000000000, 0.0000000000000000000, 0.0000000000000000000 ) ) ;
#3042 = DIRECTION ( 'NONE',  ( -0.0000000000000000000, -0.0000000000000000000, -1.000000000000000000 ) ) ;
#3043 = ORIENTED_EDGE ( 'NONE', *, *, #2686, .F. ) ;
#3044 = EDGE_CURVE ( 'NONE', #1914, #5004, #69, .T. ) ;
#3045 = EDGE_CURVE ( 'NONE', #1748, #934, #3864, .T. ) ;
#3047 = VERTEX_POINT ( 'NONE', #4966 ) ;
#3046 = CARTESIAN_POINT ( 'NONE',  ( -0.8472076187139621100, 1.478130623731597400, -13.42999999999999100 ) ) ;
#3048 = ORIENTED_EDGE ( 'NONE', *, *, #1779, .T. ) ;
#3049 = EDGE_CURVE ( 'NONE', #2362, #618, #651, .T. ) ;
#3050 = CARTESIAN_POINT ( 'NONE',  ( -1.124455423598472100, 0.8000000002124868500, -16.17000000000000200 ) ) ;
#3051 = CARTESIAN_POINT ( 'NONE',  ( 0.1454806152425618400, 1.662851041260507500, -10.53394876014005300 ) ) ;
#3052 = FACE_OUTER_BOUND ( 'NONE', #257, .T. ) ;
#3053 = PLANE ( 'NONE',  #1516 ) ;
#3054 = EDGE_CURVE ( 'NONE', #1051, #5242, #4782, .T. ) ;
#3055 = ORIENTED_EDGE ( 'NONE', *, *, #5138, .T. ) ;
#3056 = ORIENTED_EDGE ( 'NONE', *, *, #3294, .F. ) ;
#3057 = FACE_OUTER_BOUND ( 'NONE', #2965, .T. ) ;
#3058 = LINE ( 'NONE', #5127, #1821 ) ;
#3059 = AXIS2_PLACEMENT_3D ( 'NONE', #4995, #4581, #2128 ) ;
#3060 = AXIS2_PLACEMENT_3D ( 'NONE', #3998, #1499, #4382 ) ;
#3061 = AXIS2_PLACEMENT_3D ( 'NONE', #5148, #667, #3553 ) ;
#3062 = EDGE_CURVE ( 'NONE', #4661, #3821, #4426, .T. ) ;
#3063 = CARTESIAN_POINT ( 'NONE',  ( -0.1655959112205379600, 1.892769926374317800, -10.69000000000000000 ) ) ;
#3064 = ORIENTED_EDGE ( 'NONE', *, *, #687, .F. ) ;
#3065 = CARTESIAN_POINT ( 'NONE',  ( 2.170977006148287400, -0.2936944207337418000, -13.31000000000000200 ) ) ;
#3066 = CARTESIAN_POINT ( 'NONE',  ( -1.450000000000000200, 1.620268339096388300, -3.070078346969902700 ) ) ;
#3067 = CARTESIAN_POINT ( 'NONE',  ( 1.130000000000001200, 0.0000000000000000000, -12.06000000000001500 ) ) ;
#3068 = VERTEX_POINT ( 'NONE', #5006 ) ;
#3069 = CARTESIAN_POINT ( 'NONE',  ( 1.945000003489104800, 0.1562883589598992300, -13.31000000000000000 ) ) ;
#3070 = AXIS2_PLACEMENT_3D ( 'NONE', #4197, #3811, #1307 ) ;
#3071 = LINE ( 'NONE', #4380, #5123 ) ;
#3072 = EDGE_LOOP ( 'NONE', ( #322, #418, #2644, #4501 ) ) ;
#3073 = CARTESIAN_POINT ( 'NONE',  ( 1.378140213263364200, 0.1473061727881113900, -10.69000000000000000 ) ) ;
#3074 = EDGE_LOOP ( 'NONE', ( #1750, #1758, #3034, #305, #3865 ) ) ;
#3075 = CARTESIAN_POINT ( 'NONE',  ( -0.7829600007438140000, 1.239927492031271900, -10.69000000052723800 ) ) ;
#3076 = ORIENTED_EDGE ( 'NONE', *, *, #5279, .F. ) ;
#3077 = ORIENTED_EDGE ( 'NONE', *, *, #1857, .F. ) ;
#3078 = CARTESIAN_POINT ( 'NONE',  ( 1.206881286740565200, 0.6414089355412463400, -15.71333333333333300 ) ) ;
#3079 = B_SPLINE_CURVE_WITH_KNOTS ( 'NONE', 3,
 ( #3262, #5306, #4099, #1622 ),
 .UNSPECIFIED., .F., .F.,
 ( 4, 4 ),
 ( 0.08383484639031389700, 0.5666047082036255200 ),
 .UNSPECIFIED. ) ;
#3080 = AXIS2_PLACEMENT_3D ( 'NONE', #4041, #752, #3639 ) ;
#3081 = AXIS2_PLACEMENT_3D ( 'NONE', #2699, #3114, #629 ) ;
#3082 = ORIENTED_EDGE ( 'NONE', *, *, #3797, .T. ) ;
#3083 = ORIENTED_EDGE ( 'NONE', *, *, #5145, .F. ) ;
#3084 = LINE ( 'NONE', #1087, #1963 ) ;
#3085 = ORIENTED_EDGE ( 'NONE', *, *, #1665, .F. ) ;
#3086 = VECTOR ( 'NONE', #2555, 1000.000000000000000 ) ;
#3087 = ORIENTED_EDGE ( 'NONE', *, *, #3868, .F. ) ;
#3088 = ADVANCED_FACE ( 'NONE', ( #1478 ), #1706, .F. ) ;
#3089 = ORIENTED_EDGE ( 'NONE', *, *, #3882, .F. ) ;
#3090 = VERTEX_POINT ( 'NONE', #2534 ) ;
#3091 = EDGE_CURVE ( 'NONE', #641, #4742, #543, .T. ) ;
#3092 = DIRECTION ( 'NONE',  ( 1.000000000000000000, -0.0000000000000000000, -0.0000000000000000000 ) ) ;
#3093 = EDGE_CURVE ( 'NONE', #3913, #1203, #402, .T. ) ;
#3094 = EDGE_CURVE ( 'NONE', #4574, #3283, #3560, .T. ) ;
#3095 = B_SPLINE_SURFACE_WITH_KNOTS ( 'NONE', 3, 1, ( 
 ( #547, #5102 ),
 ( #3446, #975 ),
 ( #3876, #1365 ),
 ( #4266, #1808 ),
 ( #4671, #2211 ),
 ( #5113, #2633 ),
 ( #124, #3065 ),
 ( #560, #3174 ),
 ( #700, #3588 ),
 ( #1110, #4018 ) ),
 .UNSPECIFIED., .F., .F., .F.,
 ( 4, 2, 2, 2, 4 ),
 ( 2, 2 ),
 ( 0.0000000000000000000, 0.2500000000000000000, 0.5000000000000000000, 0.7500000000000000000, 1.000000000000000000 ),
 ( 0.0000000000000000000, 1.000000000000000000 ),
 .UNSPECIFIED. ) ;
#3096 = LINE ( 'NONE', #1623, #5153 ) ;
#3097 = LINE ( 'NONE', #2419, #5154 ) ;
#3098 = PLANE ( 'NONE',  #5285 ) ;
#3099 = VERTEX_POINT ( 'NONE', #49 ) ;
#3100 = CARTESIAN_POINT ( 'NONE',  ( -1.069131691499643600, -0.2587613306332877700, -4.800000000000000700 ) ) ;
#3101 = ORIENTED_EDGE ( 'NONE', *, *, #3645, .F. ) ;
#3102 = ADVANCED_FACE ( 'NONE', ( #2490 ), #1730, .T. ) ;
#3103 = DIRECTION ( 'NONE',  ( 3.491998357141312700E-015, 1.000000000000000000, 0.0000000000000000000 ) ) ;
#3104 = CIRCLE ( 'NONE', #1915, 1.129999999999999700 ) ;
#3105 = ORIENTED_EDGE ( 'NONE', *, *, #2637, .T. ) ;
#3106 = DIRECTION ( 'NONE',  ( 0.2740548739561974900, 8.040025356153330600E-009, 0.9617140562874460000 ) ) ;
#3107 =( NAMED_UNIT ( * ) PLANE_ANGLE_UNIT ( ) SI_UNIT ( $, .RADIAN. ) );
#3108 = LINE ( 'NONE', #4813, #4221 ) ;
#3109 = CARTESIAN_POINT ( 'NONE',  ( -1.187343211212311900, -0.1738277848562581100, -3.799999999999999800 ) ) ;
#3110 = CARTESIAN_POINT ( 'NONE',  ( -1.219679438377713000, 1.772893218813452300, -3.049999999999999800 ) ) ;
#3111 = ORIENTED_EDGE ( 'NONE', *, *, #4854, .F. ) ;
#3112 = EDGE_CURVE ( 'NONE', #4143, #536, #2730, .T. ) ;
#3113 = FACE_OUTER_BOUND ( 'NONE', #4583, .T. ) ;
#3114 = DIRECTION ( 'NONE',  ( -0.1112818360932101800, -0.7601186008656495300, 0.6401843996644806000 ) ) ;
#3115 = EDGE_CURVE ( 'NONE', #4500, #4661, #4542, .T. ) ;
#3116 = ADVANCED_FACE ( 'NONE', ( #239 ), #2300, .T. ) ;
#3117 = DIRECTION ( 'NONE',  ( -0.2740548739561974900, 8.040025501984445400E-009, 0.9617140562874460000 ) ) ;
#3118 = ORIENTED_EDGE ( 'NONE', *, *, #5082, .T. ) ;
#3119 = ORIENTED_EDGE ( 'NONE', *, *, #741, .F. ) ;
#3120 = FACE_OUTER_BOUND ( 'NONE', #2622, .T. ) ;
#3121 = B_SPLINE_SURFACE_WITH_KNOTS ( 'NONE', 3, 3, ( 
 ( #3197, #1520, #719, #3611 ),
 ( #1129, #4040, #1545, #4422 ),
 ( #1981, #4856, #2375, #5269 ),
 ( #2813, #306, #3217, #749 ),
 ( #3636, #1150, #4058, #1576 ),
 ( #4445, #2003, #4884, #2400 ),
 ( #5290, #2841, #337, #3242 ),
 ( #780, #3664, #1176, #4085 ),
 ( #1595, #4471, #2024, #4910 ),
 ( #2428, #5310, #2866, #357 ) ),
 .UNSPECIFIED., .F., .F., .F.,
 ( 4, 1, 1, 1, 3, 4 ),
 ( 4, 4 ),
 ( 0.0000000000000000000, 0.1195983361826859800, 0.2391966723653719500, 0.3587950085480579000, 0.4783933447307439100, 0.4988277904395355100 ),
 ( 0.0000000000000000000, 1.000000000000000000 ),
 .UNSPECIFIED. ) ;
#3122 = CARTESIAN_POINT ( 'NONE',  ( -0.1119951294307321700, 1.280110187047893000, -21.96999999999999900 ) ) ;
#3123 = CARTESIAN_POINT ( 'NONE',  ( 0.0000000000000000000, 0.0000000000000000000, 0.0000000000000000000 ) ) ;
#3124 = VECTOR ( 'NONE', #3658, 1000.000000000000000 ) ;
#3125 = ORIENTED_EDGE ( 'NONE', *, *, #4756, .F. ) ;
#3126 = LINE ( 'NONE', #5196, #2176 ) ;
#3127 = DIRECTION ( 'NONE',  ( -1.000000000000000000, 0.0000000000000000000, 0.0000000000000000000 ) ) ;
#3128 = LINE ( 'NONE', #733, #3037 ) ;
#3129 = AXIS2_PLACEMENT_3D ( 'NONE', #2341, #5237, #2775 ) ;
#3130 = EDGE_CURVE ( 'NONE', #1104, #5313, #2926, .T. ) ;
#3131 = EDGE_CURVE ( 'NONE', #56, #946, #134, .T. ) ;
#3132 = ORIENTED_EDGE ( 'NONE', *, *, #4281, .T. ) ;
#3133 = VERTEX_POINT ( 'NONE', #2151 ) ;
#3134 = CARTESIAN_POINT ( 'NONE',  ( -1.129999999999999900, 3.945373912892740100E-015, -10.48999999999999800 ) ) ;
#3135 = PLANE ( 'NONE',  #3321 ) ;
#3136 = B_SPLINE_SURFACE_WITH_KNOTS ( 'NONE', 3, 3, ( 
 ( #2601, #94, #525, #3431 ),
 ( #958, #3857, #1350, #4253 ),
 ( #1791, #4649, #2193, #5100 ),
 ( #2614, #111, #3046, #542 ),
 ( #3444, #971, #3871, #1363 ),
 ( #4265, #1804, #4663, #2210 ),
 ( #5108, #2629, #120, #3063 ),
 ( #556, #3456, #985, #3888 ),
 ( #1380, #4275, #1823, #4684 ),
 ( #2221, #5121, #2641, #144 ) ),
 .UNSPECIFIED., .F., .F., .F.,
 ( 4, 1, 1, 1, 3, 4 ),
 ( 4, 4 ),
 ( 0.0000000000000000000, 0.1195983361826859800, 0.2391966723653719500, 0.3587950085480579000, 0.4783933447307439100, 0.4988277904384727500 ),
 ( 0.0000000000000000000, 1.000000000000000000 ),
 .UNSPECIFIED. ) ;
#3137 = ORIENTED_EDGE ( 'NONE', *, *, #3165, .T. ) ;
#3138 = CARTESIAN_POINT ( 'NONE',  ( -1.623456723671937900, -0.1263095674145766600, -2.160000316697334700 ) ) ;
#3139 = CARTESIAN_POINT ( 'NONE',  ( 1.785632397961041300, -0.4837529734811965600, 0.0000000000000000000 ) ) ;
#3140 = ADVANCED_FACE ( 'NONE', ( #3458 ), #83, .T. ) ;
#3141 = PLANE ( 'NONE',  #3193 ) ;
#3142 = AXIS2_PLACEMENT_3D ( 'NONE', #1531, #4404, #1968 ) ;
#3143 = CARTESIAN_POINT ( 'NONE',  ( 1.449999999999999700, 1.620268339096389000, -3.049999999999999800 ) ) ;
#3144 = LINE ( 'NONE', #3767, #845 ) ;
#3145 = CARTESIAN_POINT ( 'NONE',  ( 1.494596184423103900, -0.2387989648837416700, -6.900000000000001200 ) ) ;
#3146 = ORIENTED_EDGE ( 'NONE', *, *, #294, .F. ) ;
#3147 = VERTEX_POINT ( 'NONE', #4241 ) ;
#3148 = CARTESIAN_POINT ( 'NONE',  ( 1.379999999999999700, 4.818244247603522600E-015, -6.099999999999999600 ) ) ;
#3149 = CARTESIAN_POINT ( 'NONE',  ( -0.1433616066989912600, 1.110460131798682400, -16.17000000000000200 ) ) ;
#3150 = VECTOR ( 'NONE', #4611, 1000.000000000000000 ) ;
#3151 = LINE ( 'NONE', #535, #977 ) ;
#3152 = AXIS2_PLACEMENT_3D ( 'NONE', #2858, #1193, #4096 ) ;
#3153 = DIRECTION ( 'NONE',  ( 0.0000000000000000000, -0.0000000000000000000, -1.000000000000000000 ) ) ;
#3154 = CARTESIAN_POINT ( 'NONE',  ( 1.299276039304223500, 0.6368500033013806400, -12.81999999999999500 ) ) ;
#3155 = CARTESIAN_POINT ( 'NONE',  ( -1.374143825337888600, 0.1999999999969577200, -10.69000000000000000 ) ) ;
#3156 = ORIENTED_EDGE ( 'NONE', *, *, #3818, .T. ) ;
#3157 = DIRECTION ( 'NONE',  ( -0.0000000000000000000, -0.0000000000000000000, -1.000000000000000000 ) ) ;
#3158 = CARTESIAN_POINT ( 'NONE',  ( 0.0000000000000000000, 0.0000000000000000000, -5.200000000000001100 ) ) ;
#3159 = ADVANCED_FACE ( 'NONE', ( #2269 ), #3420, .T. ) ;
#3160 = CARTESIAN_POINT ( 'NONE',  ( -1.187343211212311700, -0.1738277848562581300, -6.099999999999999600 ) ) ;
#3161 = DIRECTION ( 'NONE',  ( -0.9894526760102604300, -0.1448564873802154800, -0.0000000000000000000 ) ) ;
#3162 = VECTOR ( 'NONE', #2037, 1000.000000000000000 ) ;
#3163 = CARTESIAN_POINT ( 'NONE',  ( 0.0000000000000000000, 0.0000000000000000000, 0.0000000000000000000 ) ) ;
#3164 = ORIENTED_EDGE ( 'NONE', *, *, #400, .F. ) ;
#3165 = EDGE_CURVE ( 'NONE', #3648, #2424, #5195, .T. ) ;
#3166 = CARTESIAN_POINT ( 'NONE',  ( -1.712434830181361400, -0.09461658949659650100, -2.160000000000000600 ) ) ;
#3167 = EDGE_LOOP ( 'NONE', ( #5141, #2306, #1574, #3601 ) ) ;
#3168 = AXIS2_PLACEMENT_3D ( 'NONE', #4174, #893, #2531 ) ;
#3169 = ORIENTED_EDGE ( 'NONE', *, *, #2640, .T. ) ;
#3170 = CARTESIAN_POINT ( 'NONE',  ( -1.072411882491595800, -0.2685360786181944500, -4.200000000000000200 ) ) ;
#3171 = EDGE_LOOP ( 'NONE', ( #1108, #4530, #89, #3255, #3169, #243, #2429, #1450, #4047, #1590 ) ) ;
#3172 = EDGE_CURVE ( 'NONE', #2584, #4879, #1917, .T. ) ;
#3173 = DIRECTION ( 'NONE',  ( 0.0000000000000000000, -0.0000000000000000000, -1.000000000000000000 ) ) ;
#3174 = CARTESIAN_POINT ( 'NONE',  ( 2.081715904838712400, -0.5660043024585974500, -13.31000000000000400 ) ) ;
#3175 = DIRECTION ( 'NONE',  ( 0.2614880937736200900, 0.9652067016005631000, 0.0000000000000000000 ) ) ;
#3176 = CARTESIAN_POINT ( 'NONE',  ( -0.1184476786248464700, 1.353863161822765200, -16.17000000000000200 ) ) ;
#3177 = CARTESIAN_POINT ( 'NONE',  ( 1.185329850718443300, 0.5027582406927372200, -3.200000000000000200 ) ) ;
#3178 = ORIENTED_EDGE ( 'NONE', *, *, #3559, .T. ) ;
#3179 = CARTESIAN_POINT ( 'NONE',  ( -2.464999999999999900, 2.980000000000000000, -2.160000000000000100 ) ) ;
#3180 = VERTEX_POINT ( 'NONE', #4651 ) ;
#3181 = VECTOR ( 'NONE', #4792, 1000.000000000000000 ) ;
#3182 = ORIENTED_EDGE ( 'NONE', *, *, #1663, .F. ) ;
#3183 = EDGE_CURVE ( 'NONE', #6, #3399, #3987, .T. ) ;
#3184 = LINE ( 'NONE', #2972, #4388 ) ;
#3185 = EDGE_LOOP ( 'NONE', ( #2800, #4949, #2258, #4667 ) ) ;
#3186 = CARTESIAN_POINT ( 'NONE',  ( -1.129999999999999700, 0.0000000000000000000, -20.87000000000000100 ) ) ;
#3187 = ORIENTED_EDGE ( 'NONE', *, *, #5022, .T. ) ;
#3188 = CARTESIAN_POINT ( 'NONE',  ( -2.016750096073986600, 0.6913569880315039200, -13.30999999999999900 ) ) ;
#3189 = EDGE_LOOP ( 'NONE', ( #2267, #253, #3590, #4347, #2208, #3182, #4486, #917, #1427, #520, #4291, #3452, #4332, #1039, #5016, #4333, #828, #2894, #1418 ) ) ;
#3190 = ADVANCED_FACE ( 'NONE', ( #5109 ), #3095, .F. ) ;
#3191 = DIRECTION ( 'NONE',  ( -1.000000000000000000, 2.168404344971008100E-015, -0.0000000000000000000 ) ) ;
#3192 = CARTESIAN_POINT ( 'NONE',  ( -1.129999999999999900, 0.0000000000000000000, -10.69000000000000000 ) ) ;
#3193 = AXIS2_PLACEMENT_3D ( 'NONE', #1900, #3978, #1472 ) ;
#3194 = DIRECTION ( 'NONE',  ( -0.0000000000000000000, -0.0000000000000000000, -1.000000000000000000 ) ) ;
#3195 = EDGE_LOOP ( 'NONE', ( #1885, #18, #4745, #1875, #249, #2615, #2577 ) ) ;
#3196 = CARTESIAN_POINT ( 'NONE',  ( 1.429464627884892100, 1.480000000000000000, -3.049999999999999800 ) ) ;
#3197 = CARTESIAN_POINT ( 'NONE',  ( 1.379999999999999700, 0.0000000000000000000, -16.17000000000000200 ) ) ;
#3198 = DIRECTION ( 'NONE',  ( 1.000000000000000000, 0.0000000000000000000, -0.0000000000000000000 ) ) ;
#3199 = CARTESIAN_POINT ( 'NONE',  ( -1.450000000000000200, 1.620268339096388300, -6.079921653030095500 ) ) ;
#3200 = DIRECTION ( 'NONE',  ( -0.0000000000000000000, -0.0000000000000000000, 1.000000000000000000 ) ) ;
#3201 = CARTESIAN_POINT ( 'NONE',  ( -1.707455435750089300, -0.7058336095749898600, -13.30999999999999700 ) ) ;
#3202 = CARTESIAN_POINT ( 'NONE',  ( 0.0000000000000000000, 0.0000000000000000000, -13.57000000000000000 ) ) ;
#3203 = DIRECTION ( 'NONE',  ( 0.9999999999999995600, -2.933728240325675600E-008, 0.0000000000000000000 ) ) ;
#3204 = CARTESIAN_POINT ( 'NONE',  ( -1.201750109750250100, -0.6913569638744945200, -16.17000000000000200 ) ) ;
#3205 = EDGE_CURVE ( 'NONE', #5101, #457, #3889, .T. ) ;
#3206 = DIRECTION ( 'NONE',  ( -0.9894526760102604300, -0.1448564873802154800, -0.0000000000000000000 ) ) ;
#3207 = CARTESIAN_POINT ( 'NONE',  ( -0.9305704377077073100, 0.7999999999999419800, -15.07375059457858600 ) ) ;
#3208 = CARTESIAN_POINT ( 'NONE',  ( 1.379999999999999700, 4.818244247603522600E-015, -16.17000000000000200 ) ) ;
#3209 = VECTOR ( 'NONE', #302, 1000.000000000000000 ) ;
#3210 = FACE_OUTER_BOUND ( 'NONE', #4070, .T. ) ;
#3211 = CARTESIAN_POINT ( 'NONE',  ( -0.9206259334041881900, -1.995659371678692100, -3.049999999999999800 ) ) ;
#3212 = CARTESIAN_POINT ( 'NONE',  ( 1.495585759355011900, -0.3486944514374212800, -2.515528772105081400 ) ) ;
#3213 = CARTESIAN_POINT ( 'NONE',  ( 1.797964171800013000, -0.1132942572597269900, -2.160000000000000100 ) ) ;
#3214 = B_SPLINE_CURVE_WITH_KNOTS ( 'NONE', 3,
 ( #722, #4425, #5270, #2816 ),
 .UNSPECIFIED., .F., .F.,
 ( 4, 4 ),
 ( 0.0000000000000000000, 0.0003649754901719763800 ),
 .UNSPECIFIED. ) ;
#3215 = CARTESIAN_POINT ( 'NONE',  ( -1.352925973727795700, -0.3432976227047842000, -10.20879956111396700 ) ) ;
#3216 = B_SPLINE_SURFACE_WITH_KNOTS ( 'NONE', 3, 1, ( 
 ( #5106, #2202 ),
 ( #3881, #1371 ),
 ( #4270, #1814 ),
 ( #4676, #2216 ),
 ( #5117, #2638 ),
 ( #130, #3069 ),
 ( #563, #3468 ),
 ( #992, #3897 ),
 ( #1387, #4282 ),
 ( #1831, #4690 ) ),
 .UNSPECIFIED., .F., .F., .F.,
 ( 4, 2, 2, 2, 4 ),
 ( 2, 2 ),
 ( 0.0000000000000000000, 0.2500000000000000600, 0.5000000000000001100, 0.7500000000000002200, 1.000000000000000000 ),
 ( 0.0000000000000000000, 1.000000000000000000 ),
 .UNSPECIFIED. ) ;
#3217 = CARTESIAN_POINT ( 'NONE',  ( 0.8472076187139621100, 1.478130623731597400, -13.42999999999999100 ) ) ;
#3218 = DIRECTION ( 'NONE',  ( -1.000000000000000000, 0.0000000000000000000, 0.0000000000000000000 ) ) ;
#3219 = B_SPLINE_CURVE_WITH_KNOTS ( 'NONE', 3,
 ( #3950, #1874, #4331, #1888 ),
 .UNSPECIFIED., .F., .F.,
 ( 4, 4 ),
 ( 0.002256548766696665900, 0.002601770498288685300 ),
 .UNSPECIFIED. ) ;
#3220 = EDGE_CURVE ( 'NONE', #1292, #660, #4975, .T. ) ;
#3221 = LINE ( 'NONE', #2541, #3837 ) ;
#3222 = DIRECTION ( 'NONE',  ( -0.04060998687930125800, 0.4641742740449008000, 0.8848124503421910300 ) ) ;
#3223 = ADVANCED_FACE ( 'NONE', ( #3052 ), #3121, .F. ) ;
#3224 = CARTESIAN_POINT ( 'NONE',  ( -0.8924554360737806400, 0.7058336009230963300, -16.17000000000000200 ) ) ;
#3225 = CARTESIAN_POINT ( 'NONE',  ( 0.9209918874817043500, 0.8999999999989368700, -13.32002638234782300 ) ) ;
#3226 = VERTEX_POINT ( 'NONE', #2616 ) ;
#3227 = CARTESIAN_POINT ( 'NONE',  ( 0.8275779853652182000, 1.180770713494844900, -10.68999999999999800 ) ) ;
#3228 = CARTESIAN_POINT ( 'NONE',  ( 1.185042663402087600, 0.07059127025609293600, -3.049999999999999800 ) ) ;
#3229 =( GEOMETRIC_REPRESENTATION_CONTEXT ( 3 ) GLOBAL_UNCERTAINTY_ASSIGNED_CONTEXT ( ( #3339 ) ) GLOBAL_UNIT_ASSIGNED_CONTEXT ( ( #3287, #816, #3703 ) ) REPRESENTATION_CONTEXT ( 'NONE', 'WORKASPACE' ) );
#3230 = EDGE_CURVE ( 'NONE', #4852, #4172, #4807, .T. ) ;
#3231 = DIRECTION ( 'NONE',  ( -1.000000000000000000, 3.488520879062148500E-015, 0.0000000000000000000 ) ) ;
#3232 = EDGE_CURVE ( 'NONE', #1377, #2955, #3754, .T. ) ;
#3233 = CARTESIAN_POINT ( 'NONE',  ( 1.257758094408550900, 0.9974845786978674400, -4.200000000000000200 ) ) ;
#3234 = CARTESIAN_POINT ( 'NONE',  ( 0.9399800422097472900, -0.1376136630112047800, -3.049999999999999800 ) ) ;
#3235 = LINE ( 'NONE', #4833, #5163 ) ;
#3236 = PLANE ( 'NONE',  #3026 ) ;
#3237 = CARTESIAN_POINT ( 'NONE',  ( 1.379999999999999400, 2.844292565410838600E-016, -10.62333440804280500 ) ) ;
#3238 = CARTESIAN_POINT ( 'NONE',  ( -1.451605460438958600, -0.3393422122206472000, -2.513708511552812800 ) ) ;
#3239 = CARTESIAN_POINT ( 'NONE',  ( -1.069730531640746600, -0.1625192910024538000, -3.049999999999567300 ) ) ;
#3240 = CARTESIAN_POINT ( 'NONE',  ( 1.257758094408550900, 0.9974845786978674400, -4.800000000000000700 ) ) ;
#3241 = ORIENTED_EDGE ( 'NONE', *, *, #2475, .T. ) ;
#3242 = CARTESIAN_POINT ( 'NONE',  ( 0.1655959112205379600, 1.892769926374317800, -10.69000000000000000 ) ) ;
#3243 = PLANE ( 'NONE',  #1189 ) ;
#3244 = LINE ( 'NONE', #5084, #4226 ) ;
#3245 = CARTESIAN_POINT ( 'NONE',  ( -1.171357150092621400, -0.2830217273562170600, -3.799999999999999800 ) ) ;
#3246 = DIRECTION ( 'NONE',  ( 0.0000000000000000000, -1.000000000000000000, 0.0000000000000000000 ) ) ;
#3247 = CARTESIAN_POINT ( 'NONE',  ( -1.379999999999999700, 4.818244247603522600E-015, -6.099999999999999600 ) ) ;
#3248 = CARTESIAN_POINT ( 'NONE',  ( -1.063664457328093100, -0.1950745690865817400, -2.867855538126693500 ) ) ;
#3249 = ORIENTED_EDGE ( 'NONE', *, *, #2105, .T. ) ;
#3250 = PLANE ( 'NONE',  #4786 ) ;
#3251 = CARTESIAN_POINT ( 'NONE',  ( 1.141644903989800200, 0.2000000000000040900, -10.68999999999999600 ) ) ;
#3252 = AXIS2_PLACEMENT_3D ( 'NONE', #1530, #264, #3599 ) ;
#3253 = ORIENTED_EDGE ( 'NONE', *, *, #721, .T. ) ;
#3254 = ADVANCED_FACE ( 'NONE', ( #1507 ), #1626, .T. ) ;
#3255 = ORIENTED_EDGE ( 'NONE', *, *, #3183, .T. ) ;
#3256 = VECTOR ( 'NONE', #1191, 1000.000000000000000 ) ;
#3257 = DIRECTION ( 'NONE',  ( 1.063145225417342700E-016, 2.573124296779018300E-017, -1.000000000000000000 ) ) ;
#3258 = CARTESIAN_POINT ( 'NONE',  ( -1.429464627884892400, 1.480000000000000000, -6.099999999999999600 ) ) ;
#3259 = CARTESIAN_POINT ( 'NONE',  ( -1.188075341996936300, 0.7999999999999999300, -13.56999999999999900 ) ) ;
#3260 = CARTESIAN_POINT ( 'NONE',  ( 1.166325481635975200, -0.2822850879635865300, -5.200000000000001100 ) ) ;
#3261 = FACE_OUTER_BOUND ( 'NONE', #3454, .T. ) ;
#3262 = CARTESIAN_POINT ( 'NONE',  ( -1.141644903989800200, 0.2000000000000040900, -10.68999999999999600 ) ) ;
#3263 = CARTESIAN_POINT ( 'NONE',  ( 0.0000000000000000000, 0.0000000000000000000, 0.0000000000000000000 ) ) ;
#3264 = DIRECTION ( 'NONE',  ( -0.0000000000000000000, -0.0000000000000000000, -1.000000000000000000 ) ) ;
#3265 = DIRECTION ( 'NONE',  ( 1.000000000000000000, 0.0000000000000000000, 0.0000000000000000000 ) ) ;
#3266 = DIRECTION ( 'NONE',  ( 0.0000000000000000000, 0.0000000000000000000, 1.000000000000000000 ) ) ;
#3267 = VERTEX_POINT ( 'NONE', #2449 ) ;
#3268 = CIRCLE ( 'NONE', #2598, 1.379999999999998800 ) ;
#3269 = CARTESIAN_POINT ( 'NONE',  ( -1.250000000000000200, 1.980000000000000000, -3.549999999999999800 ) ) ;
#3270 = CARTESIAN_POINT ( 'NONE',  ( 0.0000000000000000000, 0.0000000000000000000, -10.30000000000000200 ) ) ;
#3271 = VECTOR ( 'NONE', #2158, 1000.000000000000000 ) ;
#3272 = B_SPLINE_CURVE_WITH_KNOTS ( 'NONE', 3,
 ( #1592, #1173, #2020, #4906 ),
 .UNSPECIFIED., .F., .F.,
 ( 4, 4 ),
 ( 0.001254132372048673200, 0.002600965500830169700 ),
 .UNSPECIFIED. ) ;
#3273 = CARTESIAN_POINT ( 'NONE',  ( -1.257758094408550900, 0.9974845786978674400, -3.799999999999999800 ) ) ;
#3274 = DIRECTION ( 'NONE',  ( 1.000000000000000000, -0.0000000000000000000, -0.0000000000000000000 ) ) ;
#3275 = CARTESIAN_POINT ( 'NONE',  ( 1.269591382167717400, -0.1954904616517183200, -2.932956136660271000 ) ) ;
#3276 = CARTESIAN_POINT ( 'NONE',  ( -1.805000000000000800, 0.02000000000000630400, -6.900000000000000400 ) ) ;
#3277 = ORIENTED_EDGE ( 'NONE', *, *, #1128, .F. ) ;
#3278 = ORIENTED_EDGE ( 'NONE', *, *, #5126, .T. ) ;
#3279 = CARTESIAN_POINT ( 'NONE',  ( -1.594208267448141300, -0.5299999999999944800, -10.10000000000000100 ) ) ;
#3280 = ORIENTED_EDGE ( 'NONE', *, *, #1295, .F. ) ;
#3281 = PLANE ( 'NONE',  #5057 ) ;
#3282 = PLANE ( 'NONE',  #1242 ) ;
#3283 = VERTEX_POINT ( 'NONE', #3291 ) ;
#3284 = CARTESIAN_POINT ( 'NONE',  ( -1.299276039304230000, 0.6368500033013576600, -12.81999999999999900 ) ) ;
#3285 = CARTESIAN_POINT ( 'NONE',  ( 0.9399800422097472900, -0.1376136630112047800, -3.049999999999999800 ) ) ;
#3286 = CARTESIAN_POINT ( 'NONE',  ( 1.398792522506152400, 0.03229671904704143500, -3.050000000000034500 ) ) ;
#3287 =( LENGTH_UNIT ( ) NAMED_UNIT ( * ) SI_UNIT ( .MILLI., .METRE. ) );
#3288 = CARTESIAN_POINT ( 'NONE',  ( 0.0000000000000000000, 1.480000000000000000, -3.549999999999999800 ) ) ;
#3289 = DIRECTION ( 'NONE',  ( -3.491481338843133400E-015, 1.000000000000000000, 0.0000000000000000000 ) ) ;
#3290 = DIRECTION ( 'NONE',  ( -1.000000000000000000, 0.0000000000000000000, 0.0000000000000000000 ) ) ;
#3291 = CARTESIAN_POINT ( 'NONE',  ( -1.939455423749647700, -0.7999999999999997100, -13.31000000000000000 ) ) ;
#3292 = DIRECTION ( 'NONE',  ( 1.000000000000000000, -3.491481338843133400E-015, 0.0000000000000000000 ) ) ;
#3293 = CARTESIAN_POINT ( 'NONE',  ( -5.200000000000001100, 0.8000000000000000400, -13.57000000000000000 ) ) ;
#3294 = EDGE_CURVE ( 'NONE', #5164, #1840, #4689, .T. ) ;
#3295 = CYLINDRICAL_SURFACE ( 'NONE', #628, 0.5000000000000004400 ) ;
#3296 = CIRCLE ( 'NONE', #3470, 1.379999999999999700 ) ;
#3297 = CARTESIAN_POINT ( 'NONE',  ( -1.144387742552784400, 0.07790375132243813900, -3.049999999999999800 ) ) ;
#3298 = CARTESIAN_POINT ( 'NONE',  ( -1.131283753600889500, 0.9000000000000000200, -13.57000000000000000 ) ) ;
#3299 = CARTESIAN_POINT ( 'NONE',  ( 1.187343211212311900, -0.1738277848562579400, -3.799999999999999800 ) ) ;
#3300 = ORIENTED_EDGE ( 'NONE', *, *, #1128, .T. ) ;
#3301 = ORIENTED_EDGE ( 'NONE', *, *, #4132, .F. ) ;
#3302 = EDGE_CURVE ( 'NONE', #185, #5005, #2642, .T. ) ;
#3303 = VECTOR ( 'NONE', #477, 1000.000000000000000 ) ;
#3304 = CIRCLE ( 'NONE', #140, 0.9499999999999998400 ) ;
#3305 = CARTESIAN_POINT ( 'NONE',  ( 1.380000000013882300, -0.1469381312375129500, -16.17000000000000200 ) ) ;
#3306 = EDGE_CURVE ( 'NONE', #343, #2907, #430, .T. ) ;
#3307 = CARTESIAN_POINT ( 'NONE',  ( 1.435608696264749200, -0.2693832588869310400, -10.13234783386199400 ) ) ;
#3308 = CARTESIAN_POINT ( 'NONE',  ( 1.146116016378551300, -0.1677920978820829600, -3.049999999999999800 ) ) ;
#3309 = EDGE_LOOP ( 'NONE', ( #1331, #369, #2984, #4741 ) ) ;
#3310 = DIRECTION ( 'NONE',  ( 1.000000000000000000, -0.0000000000000000000, -0.0000000000000000000 ) ) ;
#3311 = CARTESIAN_POINT ( 'NONE',  ( 0.1119951294307322000, 1.280110187047893000, -21.96999999999999900 ) ) ;
#3312 = ADVANCED_FACE ( 'NONE', ( #562 ), #3707, .T. ) ;
#3313 = CARTESIAN_POINT ( 'NONE',  ( 1.334490529559783300, -0.2536512866725048600, -2.815337701637597300 ) ) ;
#3314 = EDGE_CURVE ( 'NONE', #1711, #4606, #4571, .T. ) ;
#3315 = CARTESIAN_POINT ( 'NONE',  ( -0.09848598930484624100, 1.125700008843672800, -16.17000000000000200 ) ) ;
#3316 = CARTESIAN_POINT ( 'NONE',  ( -1.450000000000000200, 1.480000000000000000, -3.549999999999999800 ) ) ;
#3317 = DIRECTION ( 'NONE',  ( 0.0000000000000000000, -0.0000000000000000000, 1.000000000000000000 ) ) ;
#3318 = ORIENTED_EDGE ( 'NONE', *, *, #5162, .F. ) ;
#3319 = EDGE_CURVE ( 'NONE', #5333, #2876, #1391, .T. ) ;
#3320 = CIRCLE ( 'NONE', #968, 1.379999999999998800 ) ;
#3321 = AXIS2_PLACEMENT_3D ( 'NONE', #2719, #3974, #3540 ) ;
#3322 = EDGE_LOOP ( 'NONE', ( #4478, #1180, #4557, #1392 ) ) ;
#3323 = EDGE_CURVE ( 'NONE', #4234, #1245, #3478, .T. ) ;
#3324 = DIRECTION ( 'NONE',  ( 1.000000000000000000, 0.0000000000000000000, -0.0000000000000000000 ) ) ;
#3325 = CARTESIAN_POINT ( 'NONE',  ( -2.464999999999999900, 2.980000000000000000, 0.0000000000000000000 ) ) ;
#3326 = VERTEX_POINT ( 'NONE', #4971 ) ;
#3327 = ORIENTED_EDGE ( 'NONE', *, *, #218, .T. ) ;
#3328 = CARTESIAN_POINT ( 'NONE',  ( 1.129999999999999900, 3.945373912892740100E-015, -16.17000000000000200 ) ) ;
#3329 = CARTESIAN_POINT ( 'NONE',  ( 1.108524119003800000, -0.2150661037444933400, -2.806186080120475900 ) ) ;
#3330 = DIRECTION ( 'NONE',  ( -0.0000000000000000000, -0.0000000000000000000, -1.000000000000000000 ) ) ;
#3331 = CARTESIAN_POINT ( 'NONE',  ( -1.130000000000000300, -0.2299999999999960400, -6.900000000000000400 ) ) ;
#3332 = CARTESIAN_POINT ( 'NONE',  ( -0.5315860587688049400, 1.321782809964984000, -16.17000000000000200 ) ) ;
#3333 = EDGE_LOOP ( 'NONE', ( #1670, #2796, #2353, #5354 ) ) ;
#3334 = ORIENTED_EDGE ( 'NONE', *, *, #2089, .T. ) ;
#3335 = ORIENTED_EDGE ( 'NONE', *, *, #4145, .T. ) ;
#3336 = DIRECTION ( 'NONE',  ( -0.0000000000000000000, -0.0000000000000000000, 1.000000000000000000 ) ) ;
#3337 = ADVANCED_FACE ( 'NONE', ( #4405 ), #2084, .T. ) ;
#3338 = CARTESIAN_POINT ( 'NONE',  ( 0.0000000000000000000, 0.0000000000000000000, -4.800000000000000700 ) ) ;
#3339 = UNCERTAINTY_MEASURE_WITH_UNIT (LENGTH_MEASURE( 1.000000000000000100E-005 ), #3287, 'distance_accuracy_value', 'NONE');
#3340 = ORIENTED_EDGE ( 'NONE', *, *, #900, .F. ) ;
#3341 = ORIENTED_EDGE ( 'NONE', *, *, #3571, .F. ) ;
#3342 = LINE ( 'NONE', #4359, #999 ) ;
#3343 = VERTEX_POINT ( 'NONE', #21 ) ;
#3344 = LINE ( 'NONE', #2104, #2228 ) ;
#3345 = ORIENTED_EDGE ( 'NONE', *, *, #2000, .T. ) ;
#3346 = CARTESIAN_POINT ( 'NONE',  ( 1.374143825337653400, 0.2000000000000611000, -10.69000000000000000 ) ) ;
#3347 = DIRECTION ( 'NONE',  ( 0.9894526760102604300, -0.1448564873802154500, 1.089205262999132900E-016 ) ) ;
#3348 = ORIENTED_EDGE ( 'NONE', *, *, #3967, .F. ) ;
#3349 = VECTOR ( 'NONE', #4490, 1000.000000000000000 ) ;
#3350 = DIRECTION ( 'NONE',  ( -0.0000000000000000000, -0.0000000000000000000, 1.000000000000000000 ) ) ;
#3351 = EDGE_LOOP ( 'NONE', ( #4890, #546, #2157, #244 ) ) ;
#3352 = CARTESIAN_POINT ( 'NONE',  ( -1.069131691499643600, -0.2587613306332877700, -5.799999999999999800 ) ) ;
#3353 = CARTESIAN_POINT ( 'NONE',  ( 0.7288288639449812500, -1.579897002578964300, -3.049999999999999400 ) ) ;
#3354 = DIRECTION ( 'NONE',  ( -0.01216090028527168900, -0.1389997263093313600, 0.9902177480686673600 ) ) ;
#3355 = DIRECTION ( 'NONE',  ( 1.000000000000000000, 0.0000000000000000000, 0.0000000000000000000 ) ) ;
#3356 = EDGE_LOOP ( 'NONE', ( #2668, #132, #716, #3082, #3936, #2196, #1868, #5207, #656, #3389 ) ) ;
#3357 = AXIS2_PLACEMENT_3D ( 'NONE', #1179, #4087, #1598 ) ;
#3358 = AXIS2_PLACEMENT_3D ( 'NONE', #2293, #5188, #2727 ) ;
#3359 = DIRECTION ( 'NONE',  ( -0.08715574274765154600, 0.9961946980917461000, 0.0000000000000000000 ) ) ;
#3360 = CARTESIAN_POINT ( 'NONE',  ( -0.7661801655939168800, 1.504486955173385700, -10.53394876013278000 ) ) ;
#3361 = LINE ( 'NONE', #880, #1273 ) ;
#3362 = CARTESIAN_POINT ( 'NONE',  ( -5.200000000000001100, 0.8000000000000000400, -13.57000000000000000 ) ) ;
#3364 = ADVANCED_FACE ( 'NONE', ( #2240 ), #2518, .T. ) ;
#3363 = CARTESIAN_POINT ( 'NONE',  ( 2.346982496104735800E-008, 0.7999999672240242200, -2.252166559517938100E-016 ) ) ;
#3365 = DIRECTION ( 'NONE',  ( 0.1448564873802144800, 0.9894526760102605500, -0.0000000000000000000 ) ) ;
#3366 = ORIENTED_EDGE ( 'NONE', *, *, #2883, .T. ) ;
#3367 = EDGE_LOOP ( 'NONE', ( #2032, #3993, #5000, #1738 ) ) ;
#3368 = DIRECTION ( 'NONE',  ( 1.000000000000000000, -0.0000000000000000000, -0.0000000000000000000 ) ) ;
#3369 = CARTESIAN_POINT ( 'NONE',  ( 0.0000000000000000000, 0.0000000000000000000, 0.0000000000000000000 ) ) ;
#3370 = VECTOR ( 'NONE', #3194, 1000.000000000000000 ) ;
#3371 = VECTOR ( 'NONE', #1512, 1000.000000000000000 ) ;
#3372 = EDGE_CURVE ( 'NONE', #709, #1130, #3361, .T. ) ;
#3373 = EDGE_LOOP ( 'NONE', ( #1944, #127, #1479, #4737 ) ) ;
#3374 = PRODUCT_DEFINITION_CONTEXT ( 'detailed design', #3961, 'design' ) ;
#3375 = CARTESIAN_POINT ( 'NONE',  ( 1.308209824139148700, -0.3086846657188339600, -2.507724601672086400 ) ) ;
#3376 = LINE ( 'NONE', #4952, #2142 ) ;
#3377 = AXIS2_PLACEMENT_3D ( 'NONE', #3877, #4267, #1809 ) ;
#3378 = ORIENTED_EDGE ( 'NONE', *, *, #1749, .T. ) ;
#3379 = EDGE_CURVE ( 'NONE', #521, #2527, #2698, .T. ) ;
#3380 = CARTESIAN_POINT ( 'NONE',  ( -0.1402089790432074800, 1.602595963780753000, -11.14666666666666700 ) ) ;
#3381 = DIRECTION ( 'NONE',  ( 0.0000000000000000000, 0.0000000000000000000, 1.000000000000000000 ) ) ;
#3382 = CARTESIAN_POINT ( 'NONE',  ( -1.269487145145725200, -0.2426096406495951400, -2.812725728413019600 ) ) ;
#3383 = CARTESIAN_POINT ( 'NONE',  ( -1.336654814284312400, 0.6943062353259572600, -10.69000000000000000 ) ) ;
#3384 = PLANE ( 'NONE',  #3070 ) ;
#3385 = EDGE_CURVE ( 'NONE', #5005, #4254, #108, .T. ) ;
#3386 = DIRECTION ( 'NONE',  ( 1.000000000000000000, -3.488520879062148500E-015, -0.0000000000000000000 ) ) ;
#3387 = CARTESIAN_POINT ( 'NONE',  ( 1.544330722560901100, -0.4183809500377922400, -2.160000000000000100 ) ) ;
#3388 = VECTOR ( 'NONE', #3706, 1000.000000000000100 ) ;
#3389 = ORIENTED_EDGE ( 'NONE', *, *, #2880, .T. ) ;
#3390 = CARTESIAN_POINT ( 'NONE',  ( -1.130000000000000300, -0.2299999999999960400, -6.900000000000000400 ) ) ;
#3391 = ADVANCED_FACE ( 'NONE', ( #1217 ), #2126, .F. ) ;
#3392 = FACE_OUTER_BOUND ( 'NONE', #1932, .T. ) ;
#3393 = COLOUR_RGB ( '',1.000000000000000000, 1.000000000000000000, 1.000000000000000000 ) ;
#3394 = ORIENTED_EDGE ( 'NONE', *, *, #1346, .T. ) ;
#3395 = CARTESIAN_POINT ( 'NONE',  ( -1.129999999999999700, -0.0000000000000000000, -15.71333333333333300 ) ) ;
#3396 = CARTESIAN_POINT ( 'NONE',  ( 0.0000000000000000000, 0.0000000000000000000, -2.160000000000000100 ) ) ;
#3397 = FILL_AREA_STYLE ('',( #4224 ) ) ;
#3398 = CARTESIAN_POINT ( 'NONE',  ( 0.0000000000000000000, 0.0000000000000000000, -6.700000000000002000 ) ) ;
#3399 = VERTEX_POINT ( 'NONE', #2976 ) ;
#3400 = VERTEX_POINT ( 'NONE', #5038 ) ;
#3401 = CARTESIAN_POINT ( 'NONE',  ( 0.3281037880933626600, 1.782112582192539200, -11.16707577369837700 ) ) ;
#3402 = LINE ( 'NONE', #703, #2268 ) ;
#3403 = CYLINDRICAL_SURFACE ( 'NONE', #3252, 1.599999999999999900 ) ;
#3404 = VERTEX_POINT ( 'NONE', #2557 ) ;
#3405 = CARTESIAN_POINT ( 'NONE',  ( 1.356703362009577000, 0.9829989299598460600, -3.799999999999999800 ) ) ;
#3406 = CARTESIAN_POINT ( 'NONE',  ( -1.450000000000000200, 1.480000000000000000, -5.599999999999998800 ) ) ;
#3407 = VECTOR ( 'NONE', #1428, 1000.000000000000000 ) ;
#3408 = B_SPLINE_CURVE_WITH_KNOTS ( 'NONE', 3,
 ( #4936, #2051, #2896, #385, #3297, #826, #3710, #1222, #4130, #1654 ),
 .UNSPECIFIED., .F., .F.,
 ( 4, 3, 3, 4 ),
 ( 1.883675319730380000E-016, 5.655711688277411000E-005, 0.0001239128839395287300, 0.0002501359270851440800 ),
 .UNSPECIFIED. ) ;
#3409 = ORIENTED_EDGE ( 'NONE', *, *, #5343, .F. ) ;
#3410 = LINE ( 'NONE', #1200, #189 ) ;
#3411 = DIRECTION ( 'NONE',  ( -1.000000000000000000, 0.0000000000000000000, 0.0000000000000000000 ) ) ;
#3412 = EDGE_CURVE ( 'NONE', #172, #1394, #267, .T. ) ;
#3413 = LINE ( 'NONE', #4220, #192 ) ;
#3414 = EDGE_CURVE ( 'NONE', #558, #1964, #2199, .T. ) ;
#3415 = DIRECTION ( 'NONE',  ( -1.000000000000000000, 0.0000000000000000000, 0.0000000000000000000 ) ) ;
#3416 = ORIENTED_EDGE ( 'NONE', *, *, #3818, .F. ) ;
#3417 = DIRECTION ( 'NONE',  ( 0.1448564873802154500, 0.9894526760102604300, 0.0000000000000000000 ) ) ;
#3418 = VERTEX_POINT ( 'NONE', #3812 ) ;
#3419 = ORIENTED_EDGE ( 'NONE', *, *, #3924, .F. ) ;
#3420 = PLANE ( 'NONE',  #2917 ) ;
#3421 = DIRECTION ( 'NONE',  ( -0.0000000000000000000, 0.0000000000000000000, 1.000000000000000000 ) ) ;
#3422 = CARTESIAN_POINT ( 'NONE',  ( 1.309528219689541900, -0.4353571428571474900, 0.0000000000000000000 ) ) ;
#3423 = ORIENTED_EDGE ( 'NONE', *, *, #4231, .T. ) ;
#3424 = CARTESIAN_POINT ( 'NONE',  ( 0.0000000000000000000, 0.0000000000000000000, -6.700000000000002000 ) ) ;
#3425 = CARTESIAN_POINT ( 'NONE',  ( 0.6183840917870130300, 1.647315353598551200, -10.73233244373280800 ) ) ;
#3426 = CARTESIAN_POINT ( 'NONE',  ( -1.544330722560900400, -0.4183809500377925800, -2.160000000000000100 ) ) ;
#3427 = AXIS2_PLACEMENT_3D ( 'NONE', #4361, #1923, #4794 ) ;
#3428 = CARTESIAN_POINT ( 'NONE',  ( 1.072411882491595800, -0.2685360786181944500, -4.200000000000000200 ) ) ;
#3429 = EDGE_CURVE ( 'NONE', #4286, #398, #5355, .T. ) ;
#3430 = EDGE_CURVE ( 'NONE', #1955, #2734, #1058, .T. ) ;
#3431 = CARTESIAN_POINT ( 'NONE',  ( -0.1184476786248464700, 1.353863161822765200, -16.17000000000000200 ) ) ;
#3432 = LINE ( 'NONE', #3260, #2194 ) ;
#3433 = VECTOR ( 'NONE', #332, 1000.000000000000000 ) ;
#3434 = ORIENTED_EDGE ( 'NONE', *, *, #2393, .F. ) ;
#3435 = CARTESIAN_POINT ( 'NONE',  ( 0.09848598930484628300, 3.000000000000000000, -16.17000000000000500 ) ) ;
#3436 = VERTEX_POINT ( 'NONE', #1756 ) ;
#3437 = ORIENTED_EDGE ( 'NONE', *, *, #2547, .F. ) ;
#3438 = CARTESIAN_POINT ( 'NONE',  ( -2.665000000000000500, 2.980000000000000000, 0.0000000000000000000 ) ) ;
#3439 = CONICAL_SURFACE ( 'NONE', #4374, 1.284999999999999300, 0.1399874452130806800 ) ;
#3440 = DIRECTION ( 'NONE',  ( 0.9894526760102605500, 0.1448564873802154500, -0.0000000000000000000 ) ) ;
#3441 = VERTEX_POINT ( 'NONE', #495 ) ;
#3442 = AXIS2_PLACEMENT_3D ( 'NONE', #3163, #2774, #265 ) ;
#3443 = DIRECTION ( 'NONE',  ( 0.0000000000000000000, 0.0000000000000000000, 1.000000000000000000 ) ) ;
#3444 = CARTESIAN_POINT ( 'NONE',  ( -1.379999999999999900, 0.0000000000000000000, -12.06000000000000400 ) ) ;
#3445 = VECTOR ( 'NONE', #2508, 1000.000000000000000 ) ;
#3446 = CARTESIAN_POINT ( 'NONE',  ( 1.201750109619605000, 0.6913569641015875300, -16.17000000000000500 ) ) ;
#3447 = PLANE ( 'NONE',  #3377 ) ;
#3448 = FACE_OUTER_BOUND ( 'NONE', #557, .T. ) ;
#3449 = CARTESIAN_POINT ( 'NONE',  ( 1.221511460614201200, 0.8086325881154082800, -10.61197438007002700 ) ) ;
#3450 = DIRECTION ( 'NONE',  ( 0.0000000000000000000, 0.0000000000000000000, 1.000000000000000000 ) ) ;
#3451 = EDGE_LOOP ( 'NONE', ( #2724, #2770, #2718, #1962, #1572, #632, #4391, #1364 ) ) ;
#3452 = ORIENTED_EDGE ( 'NONE', *, *, #4569, .F. ) ;
#3453 = ORIENTED_EDGE ( 'NONE', *, *, #1119, .T. ) ;
#3454 = EDGE_LOOP ( 'NONE', ( #2167, #2186, #507, #4466, #4643, #3089, #2218, #3132, #4108, #2669, #73, #5200 ) ) ;
#3455 = ORIENTED_EDGE ( 'NONE', *, *, #5294, .F. ) ;
#3456 = CARTESIAN_POINT ( 'NONE',  ( -1.395330764780269700, 0.8903876088362746600, -10.61197441449122400 ) ) ;
#3457 = ORIENTED_EDGE ( 'NONE', *, *, #4145, .F. ) ;
#3458 = FACE_OUTER_BOUND ( 'NONE', #697, .T. ) ;
#3459 = VERTEX_POINT ( 'NONE', #3405 ) ;
#3460 = VERTEX_POINT ( 'NONE', #930 ) ;
#3461 = FACE_OUTER_BOUND ( 'NONE', #1805, .T. ) ;
#3462 = ORIENTED_EDGE ( 'NONE', *, *, #266, .F. ) ;
#3463 = VECTOR ( 'NONE', #3771, 1000.000000000000000 ) ;
#3464 = CARTESIAN_POINT ( 'NONE',  ( 0.7574270489503404100, 1.404438374125123000, -12.06000000000000800 ) ) ;
#3465 = EDGE_CURVE ( 'NONE', #4979, #2975, #4349, .T. ) ;
#3466 = ORIENTED_EDGE ( 'NONE', *, *, #163, .F. ) ;
#3467 = VECTOR ( 'NONE', #1997, 1000.000000000000100 ) ;
#3468 = CARTESIAN_POINT ( 'NONE',  ( 1.911348504168353800, 0.3120444620658925400, -13.30999999999999900 ) ) ;
#3469 = ORIENTED_EDGE ( 'NONE', *, *, #412, .F. ) ;
#3470 = AXIS2_PLACEMENT_3D ( 'NONE', #2042, #4927, #2446 ) ;
#3471 = EDGE_CURVE ( 'NONE', #625, #2220, #2075, .T. ) ;
#3473 = EDGE_LOOP ( 'NONE', ( #1481, #3743, #3378, #4601, #2991, #2667, #1843, #2694, #3055, #3834 ) ) ;
#3472 = CARTESIAN_POINT ( 'NONE',  ( 1.785632397961041300, -0.4837529734811965600, -2.160000000000000100 ) ) ;
#3474 = EDGE_CURVE ( 'NONE', #1276, #1768, #976, .T. ) ;
#3475 = DIRECTION ( 'NONE',  ( 1.000000000000000000, -0.0000000000000000000, -0.0000000000000000000 ) ) ;
#3476 = CARTESIAN_POINT ( 'NONE',  ( 0.1009187852134645300, 1.153506993321126200, -15.71333333333333300 ) ) ;
#3477 = ADVANCED_FACE ( 'NONE', ( #4147 ), #1820, .T. ) ;
#3478 = LINE ( 'NONE', #3331, #153 ) ;
#3479 = CARTESIAN_POINT ( 'NONE',  ( -1.805000000000001300, 0.02000000000000630400, -10.10000000000000100 ) ) ;
#3480 = EDGE_CURVE ( 'NONE', #3460, #2362, #2934, .T. ) ;
#3481 = ORIENTED_EDGE ( 'NONE', *, *, #4190, .T. ) ;
#3482 = ORIENTED_EDGE ( 'NONE', *, *, #1635, .F. ) ;
#3483 = ORIENTED_EDGE ( 'NONE', *, *, #494, .T. ) ;
#3484 = CONICAL_SURFACE ( 'NONE', #3910, 1.284999999999999300, 0.1399874452130806800 ) ;
#3485 = FACE_OUTER_BOUND ( 'NONE', #2175, .T. ) ;
#3486 = EDGE_CURVE ( 'NONE', #2540, #759, #851, .T. ) ;
#3487 = VERTEX_POINT ( 'NONE', #4244 ) ;
#3488 = FACE_OUTER_BOUND ( 'NONE', #4274, .T. ) ;
#3489 =( BOUNDED_CURVE ( )  B_SPLINE_CURVE ( 3, ( #2783, #5250, #282, #3196 ),
 .UNSPECIFIED., .F., .T. ) 
 B_SPLINE_CURVE_WITH_KNOTS ( ( 4, 4 ),
 ( 1.286443132189230000, 1.570796326794896600 ),
 .UNSPECIFIED. ) 
 CURVE ( )  GEOMETRIC_REPRESENTATION_ITEM ( )  RATIONAL_B_SPLINE_CURVE ( ( 1.000000000000000000, 0.9932732811164957100, 0.9932732811164957100, 1.000000000000000000 ) ) 
 REPRESENTATION_ITEM ( '' )  );
#3490 = ORIENTED_EDGE ( 'NONE', *, *, #4078, .F. ) ;
#3491 = CARTESIAN_POINT ( 'NONE',  ( 0.0000000000000000000, 0.0000000000000000000, -5.799999999999999800 ) ) ;
#3492 = CARTESIAN_POINT ( 'NONE',  ( 0.0000000000000000000, 0.0000000000000000000, -21.96999999999999900 ) ) ;
#3493 = CARTESIAN_POINT ( 'NONE',  ( -0.8275779926601049000, 1.460106257069149400, -10.69000000000000000 ) ) ;
#3494 = CARTESIAN_POINT ( 'NONE',  ( 1.356703362009577000, 0.9829989299598460600, -4.800000000000000700 ) ) ;
#3495 = EDGE_CURVE ( 'NONE', #2162, #2484, #2086, .T. ) ;
#3496 = B_SPLINE_CURVE_WITH_KNOTS ( 'NONE', 3,
 ( #1616, #4095, #4920, #2437, #5326, #2882 ),
 .UNSPECIFIED., .F., .F.,
 ( 4, 2, 4 ),
 ( 0.0000000000000000000, 0.0002025647518122844600, 0.0004051295036245689200 ),
 .UNSPECIFIED. ) ;
#3497 = LINE ( 'NONE', #819, #60 ) ;
#3498 = ADVANCED_FACE ( 'NONE', ( #3057 ), #4739, .T. ) ;
#3499 = ORIENTED_EDGE ( 'NONE', *, *, #4953, .F. ) ;
#3500 = CIRCLE ( 'NONE', #2712, 1.284999999999999300 ) ;
#3501 = FACE_OUTER_BOUND ( 'NONE', #4685, .T. ) ;
#3502 = ORIENTED_EDGE ( 'NONE', *, *, #3765, .T. ) ;
#3503 = DIRECTION ( 'NONE',  ( 0.0000000000000000000, 0.0000000000000000000, -1.000000000000000000 ) ) ;
#3504 = CARTESIAN_POINT ( 'NONE',  ( 0.9399800422097472900, -0.1376136630112047800, -3.049999999999999800 ) ) ;
#3505 = AXIS2_PLACEMENT_3D ( 'NONE', #675, #3567, #1079 ) ;
#3506 = EDGE_CURVE ( 'NONE', #5313, #2759, #3219, .T. ) ;
#3507 = ORIENTED_EDGE ( 'NONE', *, *, #3571, .T. ) ;
#3508 = VECTOR ( 'NONE', #2793, 1000.000000000000000 ) ;
#3509 = VECTOR ( 'NONE', #4838, 999.9999999999998900 ) ;
#3510 = ORIENTED_EDGE ( 'NONE', *, *, #1444, .T. ) ;
#3511 = EDGE_CURVE ( 'NONE', #4261, #4067, #4980, .T. ) ;
#3512 = VECTOR ( 'NONE', #158, 1000.000000000000000 ) ;
#3513 = ORIENTED_EDGE ( 'NONE', *, *, #2556, .T. ) ;
#3514 = CARTESIAN_POINT ( 'NONE',  ( -5.200000000000001100, -0.9000000000000000200, -13.57000000000000000 ) ) ;
#3515 = VERTEX_POINT ( 'NONE', #5173 ) ;
#3516 = LINE ( 'NONE', #4446, #2417 ) ;
#3517 = VECTOR ( 'NONE', #29, 1000.000000000000100 ) ;
#3518 = ORIENTED_EDGE ( 'NONE', *, *, #1493, .F. ) ;
#3519 = DIRECTION ( 'NONE',  ( 0.0000000000000000000, 0.0000000000000000000, 1.000000000000000000 ) ) ;
#3520 = ORIENTED_EDGE ( 'NONE', *, *, #450, .F. ) ;
#3521 = CARTESIAN_POINT ( 'NONE',  ( 1.129999999999999900, 3.945373912892740100E-015, -10.48999999999999800 ) ) ;
#3522 = CARTESIAN_POINT ( 'NONE',  ( -1.129999999999999900, -3.008866695794153500E-015, -10.62333437382708800 ) ) ;
#3523 = DIRECTION ( 'NONE',  ( -0.1448564873802154800, -0.9894526760102604300, 0.0000000000000000000 ) ) ;
#3524 = ORIENTED_EDGE ( 'NONE', *, *, #2326, .F. ) ;
#3525 = PLANE ( 'NONE',  #2879 ) ;
#3526 = VECTOR ( 'NONE', #327, 1000.000000000000000 ) ;
#3527 = AXIS2_PLACEMENT_3D ( 'NONE', #1733, #4593, #2135 ) ;
#3528 = VECTOR ( 'NONE', #1541, 1000.000000000000100 ) ;
#3529 = DIRECTION ( 'NONE',  ( 1.000000000000000000, 0.0000000000000000000, 0.0000000000000000000 ) ) ;
#3530 = ORIENTED_EDGE ( 'NONE', *, *, #1639, .F. ) ;
#3531 = VERTEX_POINT ( 'NONE', #2279 ) ;
#3532 = CARTESIAN_POINT ( 'NONE',  ( 1.562928387984998000, -0.2316351744243833100, -6.900000000000001200 ) ) ;
#3533 = LINE ( 'NONE', #2138, #213 ) ;
#3534 = DIRECTION ( 'NONE',  ( 0.0000000000000000000, -0.0000000000000000000, 1.000000000000000000 ) ) ;
#3535 = ORIENTED_EDGE ( 'NONE', *, *, #582, .F. ) ;
#3536 = ORIENTED_EDGE ( 'NONE', *, *, #5055, .T. ) ;
#3537 = ORIENTED_EDGE ( 'NONE', *, *, #4683, .F. ) ;
#3538 = CARTESIAN_POINT ( 'NONE',  ( 1.429464627884892100, 1.480000000000000000, -3.049999999999999800 ) ) ;
#3539 = ADVANCED_FACE ( 'NONE', ( #3995 ), #1038, .T. ) ;
#3540 = DIRECTION ( 'NONE',  ( -1.000000000000000000, 0.0000000000000000000, -0.0000000000000000000 ) ) ;
#3541 = EDGE_CURVE ( 'NONE', #1245, #3326, #2765, .T. ) ;
#3542 = DIRECTION ( 'NONE',  ( 1.355252715606880800E-016, 0.0000000000000000000, 1.000000000000000000 ) ) ;
#3543 = FACE_OUTER_BOUND ( 'NONE', #3759, .T. ) ;
#3544 = DIRECTION ( 'NONE',  ( -0.0000000000000000000, -0.0000000000000000000, 1.000000000000000000 ) ) ;
#3545 = EDGE_CURVE ( 'NONE', #3180, #3459, #1696, .T. ) ;
#3546 = VECTOR ( 'NONE', #2873, 1000.000000000000000 ) ;
#3547 = DIRECTION ( 'NONE',  ( -0.0000000000000000000, -0.0000000000000000000, -1.000000000000000000 ) ) ;
#3548 = EDGE_CURVE ( 'NONE', #2109, #3068, #689, .T. ) ;
#3549 = ORIENTED_EDGE ( 'NONE', *, *, #1812, .F. ) ;
#3550 = PLANE ( 'NONE',  #3885 ) ;
#3551 = EDGE_CURVE ( 'NONE', #4311, #4269, #3893, .T. ) ;
#3552 = EDGE_LOOP ( 'NONE', ( #633, #2627, #4223, #136 ) ) ;
#3553 = DIRECTION ( 'NONE',  ( 1.000000000000000000, 0.0000000000000000000, 0.0000000000000000000 ) ) ;
#3554 = EDGE_LOOP ( 'NONE', ( #3814, #2671, #3874, #1816 ) ) ;
#3555 = ORIENTED_EDGE ( 'NONE', *, *, #4563, .T. ) ;
#3556 = CARTESIAN_POINT ( 'NONE',  ( 1.712434892595901200, -0.09461660322912535100, -2.159999999999994800 ) ) ;
#3557 = CARTESIAN_POINT ( 'NONE',  ( 0.0000000000000000000, 0.0000000000000000000, -12.82000000000000000 ) ) ;
#3558 = ORIENTED_EDGE ( 'NONE', *, *, #541, .F. ) ;
#3559 = EDGE_CURVE ( 'NONE', #2088, #1240, #4816, .T. ) ;
#3560 = CIRCLE ( 'NONE', #5185, 1.379999999999998800 ) ;
#3561 = ADVANCED_FACE ( 'NONE', ( #2529 ), #3484, .F. ) ;
#3562 = EDGE_LOOP ( 'NONE', ( #1045, #584, #2942, #4173 ) ) ;
#3563 = ORIENTED_EDGE ( 'NONE', *, *, #1979, .T. ) ;
#3564 = VECTOR ( 'NONE', #3106, 1000.000000000000000 ) ;
#3565 = DIRECTION ( 'NONE',  ( -0.0000000000000000000, -0.0000000000000000000, 1.000000000000000000 ) ) ;
#3566 = VERTEX_POINT ( 'NONE', #3155 ) ;
#3567 = DIRECTION ( 'NONE',  ( 0.0000000000000000000, 0.0000000000000000000, -1.000000000000000000 ) ) ;
#3568 = CIRCLE ( 'NONE', #5362, 1.379999999999998800 ) ;
#3569 = AXIS2_PLACEMENT_3D ( 'NONE', #41, #2977, #452 ) ;
#3570 = AXIS2_PLACEMENT_3D ( 'NONE', #702, #3589, #1113 ) ;
#3571 = EDGE_CURVE ( 'NONE', #427, #2275, #4579, .T. ) ;
#3572 = LINE ( 'NONE', #2346, #2630 ) ;
#3573 = VERTEX_POINT ( 'NONE', #5205 ) ;
#3574 = ORIENTED_EDGE ( 'NONE', *, *, #894, .F. ) ;
#3575 = DIRECTION ( 'NONE',  ( 0.0000000000000000000, -0.0000000000000000000, 1.000000000000000000 ) ) ;
#3576 = CARTESIAN_POINT ( 'NONE',  ( 0.0000000000000000000, 0.0000000000000000000, -20.87000000000000100 ) ) ;
#3577 = DIRECTION ( 'NONE',  ( -0.0000000000000000000, -0.0000000000000000000, -1.000000000000000000 ) ) ;
#3578 = CARTESIAN_POINT ( 'NONE',  ( -0.6183045714649757500, 1.647375242082143700, -10.73236495950472500 ) ) ;
#3579 = ORIENTED_EDGE ( 'NONE', *, *, #4828, .F. ) ;
#3580 = CARTESIAN_POINT ( 'NONE',  ( 0.8987243618182437800, -0.6995798783725372100, -16.17000000000000200 ) ) ;
#3581 = CARTESIAN_POINT ( 'NONE',  ( -1.465568364251870900, -0.4098127211798625600, -2.159999999999691500 ) ) ;
#3582 = VERTEX_POINT ( 'NONE', #3997 ) ;
#3583 = AXIS2_PLACEMENT_3D ( 'NONE', #4215, #473, #2155 ) ;
#3584 = PLANE ( 'NONE',  #1558 ) ;
#3585 = CARTESIAN_POINT ( 'NONE',  ( -1.036740239990503700, 0.4495169127647188900, -16.17000000000000200 ) ) ;
#3586 = DIRECTION ( 'NONE',  ( 1.000000000000000000, -3.488520879062148500E-015, 0.0000000000000000000 ) ) ;
#3587 = VECTOR ( 'NONE', #1648, 1000.000000000000000 ) ;
#3588 = CARTESIAN_POINT ( 'NONE',  ( 2.016750110905317900, -0.6913569622509678800, -13.31000000000000200 ) ) ;
#3589 = DIRECTION ( 'NONE',  ( -0.0000000000000000000, -0.0000000000000000000, 1.000000000000000000 ) ) ;
#3590 = ORIENTED_EDGE ( 'NONE', *, *, #3230, .T. ) ;
#3591 = ORIENTED_EDGE ( 'NONE', *, *, #5079, .F. ) ;
#3592 = ORIENTED_EDGE ( 'NONE', *, *, #4451, .T. ) ;
#3593 = CARTESIAN_POINT ( 'NONE',  ( 1.129999999999998600, -6.628737023548052600E-009, -16.17000000000000200 ) ) ;
#3594 = ADVANCED_FACE ( 'NONE', ( #275 ), #236, .T. ) ;
#3595 = DIRECTION ( 'NONE',  ( 0.9652067016005631000, 0.2614880937736202600, -0.0000000000000000000 ) ) ;
#3596 = DIRECTION ( 'NONE',  ( -0.9719379013633128200, 0.2352375733029894700, -0.0000000000000000000 ) ) ;
#3597 = LINE ( 'NONE', #3170, #2358 ) ;
#3598 = CYLINDRICAL_SURFACE ( 'NONE', #2656, 0.5000000000000004400 ) ;
#3599 = DIRECTION ( 'NONE',  ( 1.000000000000000000, 0.0000000000000000000, 0.0000000000000000000 ) ) ;
#3600 = CARTESIAN_POINT ( 'NONE',  ( 1.249999999999999600, 1.980000000000000000, -6.099999999999999600 ) ) ;
#3601 = ORIENTED_EDGE ( 'NONE', *, *, #2486, .T. ) ;
#3602 = CARTESIAN_POINT ( 'NONE',  ( -2.081715892696509100, 0.5660043296328116600, -13.31000000000000000 ) ) ;
#3603 = LINE ( 'NONE', #5211, #2535 ) ;
#3604 = AXIS2_PLACEMENT_3D ( 'NONE', #202, #3534, #1054 ) ;
#3605 = DIRECTION ( 'NONE',  ( -1.000000000000000000, 0.0000000000000000000, -0.0000000000000000000 ) ) ;
#3606 = CARTESIAN_POINT ( 'NONE',  ( 2.464999999999999400, 2.980000000000001300, -2.160000000000000100 ) ) ;
#3607 = PLANE ( 'NONE',  #4894 ) ;
#3608 = VERTEX_POINT ( 'NONE', #2328 ) ;
#3609 = CARTESIAN_POINT ( 'NONE',  ( -1.594208267448140100, -0.2299999999999944300, -6.900000000000000400 ) ) ;
#3610 = B_SPLINE_CURVE_WITH_KNOTS ( 'NONE', 3,
 ( #4738, #191, #2678, #171 ),
 .UNSPECIFIED., .F., .F.,
 ( 4, 4 ),
 ( 0.0000000000000000000, 0.0003527906637079208300 ),
 .UNSPECIFIED. ) ;
#3611 = CARTESIAN_POINT ( 'NONE',  ( 0.1184476786248464700, 1.353863161822765200, -16.17000000000000200 ) ) ;
#3612 = CARTESIAN_POINT ( 'NONE',  ( -1.429464627884892400, 1.480000000000000000, -6.099999999999999600 ) ) ;
#3613 = CARTESIAN_POINT ( 'NONE',  ( -1.792135533444936700, -0.5869905775883104100, -13.31000000000000400 ) ) ;
#3614 = CARTESIAN_POINT ( 'NONE',  ( -0.3281037880933654900, 1.540919224833002400, -11.16707577369831300 ) ) ;
#3615 = ORIENTED_EDGE ( 'NONE', *, *, #4835, .F. ) ;
#3617 = CIRCLE ( 'NONE', #1096, 1.129999999999998600 ) ;
#3616 = DIRECTION ( 'NONE',  ( -1.000000000000000000, 0.0000000000000000000, 0.0000000000000000000 ) ) ;
#3618 = CARTESIAN_POINT ( 'NONE',  ( 1.545256470341154900, -0.3592336668339649000, -2.517577205672525900 ) ) ;
#3619 = EDGE_CURVE ( 'NONE', #4143, #3725, #3597, .T. ) ;
#3620 = CARTESIAN_POINT ( 'NONE',  ( -1.124455423749646700, -0.7999999999999997100, -16.17000000000000200 ) ) ;
#3621 = VERTEX_POINT ( 'NONE', #3585 ) ;
#3622 = LINE ( 'NONE', #3017, #1415 ) ;
#3623 = VECTOR ( 'NONE', #4604, 1000.000000000000000 ) ;
#3624 = ADVANCED_FACE ( 'NONE', ( #1395 ), #678, .T. ) ;
#3625 = CARTESIAN_POINT ( 'NONE',  ( 1.131283753600889500, 0.9000000000000000200, -13.57000000000000000 ) ) ;
#3626 = CARTESIAN_POINT ( 'NONE',  ( -0.9752535514619695700, 0.8000000000000000400, -13.57000000000000000 ) ) ;
#3627 = CARTESIAN_POINT ( 'NONE',  ( -1.881069143160203800, -0.1314761844472547600, -2.159999999993758000 ) ) ;
#3628 = CARTESIAN_POINT ( 'NONE',  ( -1.187343211212312300, -0.1738277848562576600, -3.049999999999999800 ) ) ;
#3629 = CARTESIAN_POINT ( 'NONE',  ( 1.528698575794631200, -0.3557249863659528400, -2.516895844521636900 ) ) ;
#3630 = CARTESIAN_POINT ( 'NONE',  ( 2.664999999999999600, 2.762174940136286500, -2.160000000000000100 ) ) ;
#3631 = ORIENTED_EDGE ( 'NONE', *, *, #2460, .T. ) ;
#3632 = ORIENTED_EDGE ( 'NONE', *, *, #4986, .T. ) ;
#3633 = CARTESIAN_POINT ( 'NONE',  ( 1.716468420589660300, -0.09542292467826982100, -2.160000000000000100 ) ) ;
#3634 = EDGE_CURVE ( 'NONE', #3399, #3226, #440, .T. ) ;
#3635 = DIRECTION ( 'NONE',  ( 0.0000000000000000000, 0.0000000000000000000, -1.000000000000000000 ) ) ;
#3636 = CARTESIAN_POINT ( 'NONE',  ( 1.379999999999999900, 0.0000000000000000000, -12.06000000000000400 ) ) ;
#3637 = CARTESIAN_POINT ( 'NONE',  ( 1.130000000000001000, 0.0000000000000000000, -11.85666666666668200 ) ) ;
#3638 = DIRECTION ( 'NONE',  ( -0.9999999999999995600, -2.933728240325675600E-008, 0.0000000000000000000 ) ) ;
#3639 = DIRECTION ( 'NONE',  ( -1.000000000000000000, 3.488520879062148900E-015, 0.0000000000000000000 ) ) ;
#3640 = ORIENTED_EDGE ( 'NONE', *, *, #1842, .T. ) ;
#3641 = CARTESIAN_POINT ( 'NONE',  ( -0.7980601574949716100, 0.7999999906369361600, -16.17000000000000200 ) ) ;
#3642 = LINE ( 'NONE', #4711, #2563 ) ;
#3643 = FACE_OUTER_BOUND ( 'NONE', #559, .T. ) ;
#3644 = EDGE_LOOP ( 'NONE', ( #1679, #165, #3631, #1095, #4849, #4026, #4892 ) ) ;
#3645 = EDGE_CURVE ( 'NONE', #4862, #3047, #157, .T. ) ;
#3646 = LINE ( 'NONE', #592, #3512 ) ;
#3647 = CARTESIAN_POINT ( 'NONE',  ( -1.088397943611285200, -0.1593421361182367800, 1.307046315598958100E-016 ) ) ;
#3648 = VERTEX_POINT ( 'NONE', #279 ) ;
#3649 = CARTESIAN_POINT ( 'NONE',  ( 1.222150226097197500, 0.06392403865290705000, -3.050000000004023700 ) ) ;
#3650 = CARTESIAN_POINT ( 'NONE',  ( -1.379999999999999400, -2.599233761913835600E-011, -10.49000322412891800 ) ) ;
#3651 = EDGE_LOOP ( 'NONE', ( #2849, #3345, #2294, #2964 ) ) ;
#3652 = CIRCLE ( 'NONE', #5159, 1.379999999999999700 ) ;
#3653 = CARTESIAN_POINT ( 'NONE',  ( 0.7980601481091488300, -0.7999999999999997100, -16.17000000000000200 ) ) ;
#3654 = VECTOR ( 'NONE', #2090, 1000.000000000000000 ) ;
#3655 = CARTESIAN_POINT ( 'NONE',  ( -0.1866287230538481400, 1.290759860432578700, -14.24954165412272300 ) ) ;
#3656 = CARTESIAN_POINT ( 'NONE',  ( -2.665000000000000500, 2.762174940136285600, 0.0000000000000000000 ) ) ;
#3657 = CARTESIAN_POINT ( 'NONE',  ( 0.8275779914797556400, 0.0000000000000000000, -11.19000000000000000 ) ) ;
#3658 = DIRECTION ( 'NONE',  ( -1.000000000000000000, 0.0000000000000000000, 0.0000000000000000000 ) ) ;
#3659 = ORIENTED_EDGE ( 'NONE', *, *, #3172, .T. ) ;
#3660 = CARTESIAN_POINT ( 'NONE',  ( -1.407616751523481400, -0.3299634864767265800, -2.511880369827745400 ) ) ;
#3661 = CARTESIAN_POINT ( 'NONE',  ( -1.073681690390445100, -0.2598625642574761100, -5.200000000000001100 ) ) ;
#3662 = CARTESIAN_POINT ( 'NONE',  ( -1.205092180283682700, -0.2317292008014693000, -2.810160078955351800 ) ) ;
#3663 = PLANE ( 'NONE',  #866 ) ;
#3664 = CARTESIAN_POINT ( 'NONE',  ( 1.395330764780281300, 0.8903876088364076600, -10.61197441448716600 ) ) ;
#3665 = EDGE_LOOP ( 'NONE', ( #4389, #215, #1848, #90 ) ) ;
#3666 = DIRECTION ( 'NONE',  ( 0.0000000000000000000, 0.0000000000000000000, 1.000000000000000000 ) ) ;
#3667 = CARTESIAN_POINT ( 'NONE',  ( 0.0000000000000000000, 0.0000000000000000000, -16.17000000000000200 ) ) ;
#3668 = PLANE ( 'NONE',  #4187 ) ;
#3669 = ADVANCED_FACE ( 'NONE', ( #2648 ), #1540, .F. ) ;
#3670 = CARTESIAN_POINT ( 'NONE',  ( -1.069131691499643600, -0.2587613306332887100, -3.799999999999999800 ) ) ;
#3671 = PLANE ( 'NONE',  #4329 ) ;
#3672 = ORIENTED_EDGE ( 'NONE', *, *, #3773, .F. ) ;
#3673 = DIRECTION ( 'NONE',  ( 0.1448564873802148700, 0.9894526760102605500, 0.0000000000000000000 ) ) ;
#3674 = ORIENTED_EDGE ( 'NONE', *, *, #4485, .F. ) ;
#3675 = EDGE_CURVE ( 'NONE', #1725, #757, #1135, .T. ) ;
#3676 = ORIENTED_EDGE ( 'NONE', *, *, #4236, .F. ) ;
#3677 = CARTESIAN_POINT ( 'NONE',  ( 1.187343211212311900, -0.1738277848562579700, -4.800000000000000700 ) ) ;
#3678 = EDGE_LOOP ( 'NONE', ( #923, #4318, #2690, #1582, #472 ) ) ;
#3679 = EDGE_CURVE ( 'NONE', #4610, #427, #45, .T. ) ;
#3680 = DIRECTION ( 'NONE',  ( 0.0000000000000000000, -0.0000000000000000000, 1.000000000000000000 ) ) ;
#3681 = VECTOR ( 'NONE', #4052, 1000.000000000000000 ) ;
#3682 = FACE_OUTER_BOUND ( 'NONE', #3908, .T. ) ;
#3683 = DIRECTION ( 'NONE',  ( 0.9894526760102604300, -0.1448564873802154800, -0.0000000000000000000 ) ) ;
#3684 = CARTESIAN_POINT ( 'NONE',  ( -0.6833008122342599800, -0.9000000000000000200, 0.0000000000000000000 ) ) ;
#3685 = ORIENTED_EDGE ( 'NONE', *, *, #5152, .T. ) ;
#3686 = VERTEX_POINT ( 'NONE', #746 ) ;
#3687 = ORIENTED_EDGE ( 'NONE', *, *, #1858, .F. ) ;
#3688 = CARTESIAN_POINT ( 'NONE',  ( 1.562928387984998000, -0.2316351744243833100, -10.10000000000000100 ) ) ;
#3689 = CARTESIAN_POINT ( 'NONE',  ( 1.336654814283451100, 0.6943062353278237600, -10.69000000000000000 ) ) ;
#3690 = LINE ( 'NONE', #1710, #2596 ) ;
#3691 = DIRECTION ( 'NONE',  ( 0.0000000000000000000, -0.6441855083154284200, 0.7648692900596760800 ) ) ;
#3692 = ORIENTED_EDGE ( 'NONE', *, *, #3931, .T. ) ;
#3693 = VERTEX_POINT ( 'NONE', #3630 ) ;
#3694 = CARTESIAN_POINT ( 'NONE',  ( 1.344813680594696000, -0.2554004858295248500, -2.815750876241088100 ) ) ;
#3695 = DIRECTION ( 'NONE',  ( -1.000000000000000000, 0.0000000000000000000, 0.0000000000000000000 ) ) ;
#3696 = EDGE_CURVE ( 'NONE', #1914, #1097, #1018, .T. ) ;
#3697 = DIRECTION ( 'NONE',  ( 0.0000000000000000000, -0.0000000000000000000, -1.000000000000000000 ) ) ;
#3698 = EDGE_CURVE ( 'NONE', #1566, #5240, #2610, .T. ) ;
#3699 = CARTESIAN_POINT ( 'NONE',  ( 1.143945032577605700, 0.8000000000000003800, -15.33432986530681500 ) ) ;
#3700 = CARTESIAN_POINT ( 'NONE',  ( 1.117212541407889100, 0.8000000000000002700, -16.17000000000000500 ) ) ;
#3701 = VECTOR ( 'NONE', #1159, 1000.000000000000000 ) ;
#3702 = CARTESIAN_POINT ( 'NONE',  ( 1.347343844094734100, -0.2558291741761349900, -2.815852130899992200 ) ) ;
#3703 =( NAMED_UNIT ( * ) SI_UNIT ( $, .STERADIAN. ) SOLID_ANGLE_UNIT ( ) );
#3704 = CARTESIAN_POINT ( 'NONE',  ( -0.9399800422097471800, -0.1376136630112048400, -6.099999999999999600 ) ) ;
#3705 = CARTESIAN_POINT ( 'NONE',  ( -2.665000000000000500, 2.762174940136285600, -2.160000000000000100 ) ) ;
#3706 = DIRECTION ( 'NONE',  ( 0.2740548792467021900, 0.0000000000000000000, 0.9617140547798370700 ) ) ;
#3707 = PLANE ( 'NONE',  #5118 ) ;
#3708 = LINE ( 'NONE', #1581, #4767 ) ;
#3709 = CARTESIAN_POINT ( 'NONE',  ( -1.124455423749645800, -0.8000000000000001600, -16.17000000000000500 ) ) ;
#3710 = CARTESIAN_POINT ( 'NONE',  ( -1.100195281039990200, 0.08586501032598094200, -3.049999999999999800 ) ) ;
#3711 = ORIENTED_EDGE ( 'NONE', *, *, #3545, .F. ) ;
#3712 = ADVANCED_FACE ( 'NONE', ( #4206 ), #4905, .T. ) ;
#3713 = CARTESIAN_POINT ( 'NONE',  ( -1.129999999999999900, 3.945373912892740100E-015, -10.10000000000000100 ) ) ;
#3714 = ORIENTED_EDGE ( 'NONE', *, *, #400, .T. ) ;
#3715 = EDGE_LOOP ( 'NONE', ( #1098, #501, #4080, #1035 ) ) ;
#3716 = EDGE_LOOP ( 'NONE', ( #2706, #5257, #397, #3898, #583 ) ) ;
#3717 = CARTESIAN_POINT ( 'NONE',  ( 6.977041758124299400E-017, 0.02000000000000000700, -9.455654789600560800E-033 ) ) ;
#3718 = CARTESIAN_POINT ( 'NONE',  ( 1.562928387984998000, -0.2316351744243833100, -10.10000000000000100 ) ) ;
#3719 = CARTESIAN_POINT ( 'NONE',  ( 1.187343211212312100, -0.1738277848562586000, -3.049999999999999800 ) ) ;
#3720 = VECTOR ( 'NONE', #4987, 1000.000000000000000 ) ;
#3721 = CARTESIAN_POINT ( 'NONE',  ( 0.1337840651176451200, 1.529158861570830300, -21.96999999999999900 ) ) ;
#3722 = CARTESIAN_POINT ( 'NONE',  ( -1.284999999999999300, 0.0000000000000000000, -21.96999999999999900 ) ) ;
#3723 = CARTESIAN_POINT ( 'NONE',  ( -1.450000000000000200, 1.980000000000000000, -3.049999999999999800 ) ) ;
#3724 = CARTESIAN_POINT ( 'NONE',  ( 1.313845128131922300, -0.2501480180203599600, -2.814509480101344600 ) ) ;
#3725 = VERTEX_POINT ( 'NONE', #4054 ) ;
#3726 = ORIENTED_EDGE ( 'NONE', *, *, #1629, .F. ) ;
#3727 = LINE ( 'NONE', #4558, #2735 ) ;
#3728 = ORIENTED_EDGE ( 'NONE', *, *, #1493, .T. ) ;
#3729 = DIRECTION ( 'NONE',  ( -0.0000000000000000000, -0.0000000000000000000, -1.000000000000000000 ) ) ;
#3730 = VECTOR ( 'NONE', #908, 1000.000000000000000 ) ;
#3731 = DIRECTION ( 'NONE',  ( 0.0000000000000000000, 0.0000000000000000000, -1.000000000000000000 ) ) ;
#3732 = CARTESIAN_POINT ( 'NONE',  ( -0.9519805426822186600, -0.05564337972811770500, -3.049999999999999800 ) ) ;
#3733 = VECTOR ( 'NONE', #869, 999.9999999999998900 ) ;
#3734 = AXIS2_PLACEMENT_3D ( 'NONE', #4921, #5328, #2884 ) ;
#3735 = CARTESIAN_POINT ( 'NONE',  ( -1.356703362009577000, 0.9829989299598460600, -3.799999999999999800 ) ) ;
#3736 = ORIENTED_EDGE ( 'NONE', *, *, #2722, .F. ) ;
#3737 = ORIENTED_EDGE ( 'NONE', *, *, #1533, .F. ) ;
#3738 = AXIS2_PLACEMENT_3D ( 'NONE', #4517, #2067, #4950 ) ;
#3739 = CARTESIAN_POINT ( 'NONE',  ( 0.0000000000000000000, 0.0000000000000000000, -6.099999999999999600 ) ) ;
#3740 = CARTESIAN_POINT ( 'NONE',  ( 0.8892845093273367100, 1.110122591215075800, -16.17000000000000500 ) ) ;
#3741 = ORIENTED_EDGE ( 'NONE', *, *, #3545, .T. ) ;
#3742 = CARTESIAN_POINT ( 'NONE',  ( -1.379999999999999700, 4.818244247603522600E-015, -16.17000000000000200 ) ) ;
#3743 = ORIENTED_EDGE ( 'NONE', *, *, #289, .T. ) ;
#3744 = CARTESIAN_POINT ( 'NONE',  ( -1.131425729190413300, 0.8000000000000006000, -15.75218801600329000 ) ) ;
#3746 = ADVANCED_FACE ( 'NONE', ( #4416 ), #4880, .T. ) ;
#3745 = CARTESIAN_POINT ( 'NONE',  ( 1.544330722560900600, -0.4183809500377925800, 0.0000000000000000000 ) ) ;
#3747 = B_SPLINE_CURVE_WITH_KNOTS ( 'NONE', 3,
 ( #5221, #4396, #1951, #4824 ),
 .UNSPECIFIED., .F., .F.,
 ( 4, 4 ),
 ( 0.0000000000000000000, 0.0002402862002487065700 ),
 .UNSPECIFIED. ) ;
#3748 = CARTESIAN_POINT ( 'NONE',  ( 1.881069649684759400, -0.1314743147602323900, -2.160000000000000100 ) ) ;
#3749 = DIRECTION ( 'NONE',  ( 1.000000000000000000, -3.488520879062148500E-015, -0.0000000000000000000 ) ) ;
#3750 = EDGE_LOOP ( 'NONE', ( #4481, #4636, #1853, #352, #2654, #456, #3972, #837 ) ) ;
#3751 = PLANE ( 'NONE',  #2696 ) ;
#3752 = DIRECTION ( 'NONE',  ( 0.1448564873802154500, -0.9894526760102604300, -0.0000000000000000000 ) ) ;
#3753 = EDGE_CURVE ( 'NONE', #1998, #150, #1994, .T. ) ;
#3754 = LINE ( 'NONE', #3269, #1685 ) ;
#3755 = LINE ( 'NONE', #2310, #1686 ) ;
#3756 = CARTESIAN_POINT ( 'NONE',  ( 0.9115495949992749000, 0.9000000000000000200, -13.57000000000000000 ) ) ;
#3757 = DIRECTION ( 'NONE',  ( 0.0000000000000000000, 0.0000000000000000000, 1.000000000000000000 ) ) ;
#3758 = ORIENTED_EDGE ( 'NONE', *, *, #421, .F. ) ;
#3759 = EDGE_LOOP ( 'NONE', ( #2340, #2311, #1277, #1946 ) ) ;
#3760 = EDGE_LOOP ( 'NONE', ( #3711, #4734, #3640, #4791 ) ) ;
#3761 = AXIS2_PLACEMENT_3D ( 'NONE', #4442, #303, #2373 ) ;
#3762 = VECTOR ( 'NONE', #3547, 1000.000000000000000 ) ;
#3763 = FACE_OUTER_BOUND ( 'NONE', #2631, .T. ) ;
#3764 = PLANE ( 'NONE',  #2325 ) ;
#3765 = EDGE_CURVE ( 'NONE', #757, #2726, #3096, .T. ) ;
#3766 = EDGE_LOOP ( 'NONE', ( #4898, #3101, #1386, #1632 ) ) ;
#3767 = CARTESIAN_POINT ( 'NONE',  ( 1.544330722560900900, -0.4183809500377926300, -2.160000000000000100 ) ) ;
#3768 = CARTESIAN_POINT ( 'NONE',  ( -1.257758094408550900, 0.9974845786978674400, -4.800000000000000700 ) ) ;
#3769 = CARTESIAN_POINT ( 'NONE',  ( 1.579999999999999800, 5.516540515372150100E-015, -6.900000000000001200 ) ) ;
#3770 = CARTESIAN_POINT ( 'NONE',  ( 0.9399800422097472900, -0.1376136630112047800, -3.049999999999999800 ) ) ;
#3771 = DIRECTION ( 'NONE',  ( -0.9719379013633129300, 0.2352375733029888300, -0.0000000000000000000 ) ) ;
#3772 = VERTEX_POINT ( 'NONE', #2041 ) ;
#3773 = EDGE_CURVE ( 'NONE', #3404, #2168, #2999, .T. ) ;
#3774 = CARTESIAN_POINT ( 'NONE',  ( 0.0000000000000000000, 0.0000000000000000000, -21.96999999999999900 ) ) ;
#3775 = ORIENTED_EDGE ( 'NONE', *, *, #4677, .F. ) ;
#3776 = CARTESIAN_POINT ( 'NONE',  ( 1.544330722560900900, -0.4183809500377926300, 0.0000000000000000000 ) ) ;
#3777 = PLANE ( 'NONE',  #956 ) ;
#3778 = EDGE_CURVE ( 'NONE', #4742, #4030, #1082, .T. ) ;
#3779 = ADVANCED_FACE ( 'NONE', ( #1864 ), #5056, .T. ) ;
#3780 = VERTEX_POINT ( 'NONE', #3311 ) ;
#3781 = LINE ( 'NONE', #334, #4708 ) ;
#3782 = EDGE_CURVE ( 'NONE', #343, #5333, #769, .T. ) ;
#3783 = CARTESIAN_POINT ( 'NONE',  ( 0.0000000000000000000, 0.0000000000000000000, 0.0000000000000000000 ) ) ;
#3784 = CARTESIAN_POINT ( 'NONE',  ( -1.129999999999999900, 0.0000000000000000000, -10.61197438006639100 ) ) ;
#3785 = VERTEX_POINT ( 'NONE', #838 ) ;
#3786 = ORIENTED_EDGE ( 'NONE', *, *, #2033, .F. ) ;
#3787 = CARTESIAN_POINT ( 'NONE',  ( -1.105621504979913600, -0.2145668387635223100, -2.806067285669653800 ) ) ;
#3788 = VECTOR ( 'NONE', #1348, 1000.000000000000200 ) ;
#3789 = LINE ( 'NONE', #2928, #4713 ) ;
#3790 = CARTESIAN_POINT ( 'NONE',  ( -5.200000000000001100, 0.8000000000000000400, -13.57000000000000000 ) ) ;
#3791 = DIRECTION ( 'NONE',  ( -0.0000000000000000000, -0.0000000000000000000, -1.000000000000000000 ) ) ;
#3792 = DIRECTION ( 'NONE',  ( 0.0000000000000000000, 0.0000000000000000000, -1.000000000000000000 ) ) ;
#3793 = ORIENTED_EDGE ( 'NONE', *, *, #1567, .T. ) ;
#3794 = ORIENTED_EDGE ( 'NONE', *, *, #3887, .T. ) ;
#3795 = ORIENTED_EDGE ( 'NONE', *, *, #5042, .T. ) ;
#3796 = DIRECTION ( 'NONE',  ( -1.000000000000000000, 0.0000000000000000000, 0.0000000000000000000 ) ) ;
#3797 = EDGE_CURVE ( 'NONE', #1394, #5177, #4064, .T. ) ;
#3798 = ORIENTED_EDGE ( 'NONE', *, *, #539, .F. ) ;
#3799 = CIRCLE ( 'NONE', #3886, 1.199999999999999700 ) ;
#3800 = FACE_OUTER_BOUND ( 'NONE', #12, .T. ) ;
#3801 = ORIENTED_EDGE ( 'NONE', *, *, #1739, .T. ) ;
#3802 = CARTESIAN_POINT ( 'NONE',  ( -5.200000000000001100, -0.7999999999999997100, -16.17000000000000200 ) ) ;
#3803 = VECTOR ( 'NONE', #2185, 999.9999999999998900 ) ;
#3804 = ORIENTED_EDGE ( 'NONE', *, *, #3319, .F. ) ;
#3805 = CARTESIAN_POINT ( 'NONE',  ( -1.217358671761831000, 0.7611659943304806000, -12.06000000000000900 ) ) ;
#3806 = ORIENTED_EDGE ( 'NONE', *, *, #1140, .T. ) ;
#3807 = TOROIDAL_SURFACE ( 'NONE', #2278, 1.579999999999999800, 0.2000000000000000100 ) ;
#3809 = ADVANCED_FACE ( 'NONE', ( #1764 ), #1671, .T. ) ;
#3808 = CARTESIAN_POINT ( 'NONE',  ( -1.313827182583742000, -0.2501449714201024500, -2.814508759640148100 ) ) ;
#3810 = FACE_OUTER_BOUND ( 'NONE', #639, .T. ) ;
#3811 = DIRECTION ( 'NONE',  ( 0.0000000000000000000, 1.000000000000000000, 1.251002506714043500E-016 ) ) ;
#3812 = CARTESIAN_POINT ( 'NONE',  ( -1.450000000000000200, 1.620268339096388300, -3.070078346969902700 ) ) ;
#3813 = CARTESIAN_POINT ( 'NONE',  ( -1.187343211212311700, -0.1738277848562581300, -3.049999999999999800 ) ) ;
#3814 = ORIENTED_EDGE ( 'NONE', *, *, #4706, .T. ) ;
#3815 = B_SPLINE_CURVE_WITH_KNOTS ( 'NONE', 3,
 ( #3298, #829, #4131, #1656 ),
 .UNSPECIFIED., .F., .F.,
 ( 4, 4 ),
 ( 0.0000000000000000000, 0.0001150012370044166300 ),
 .UNSPECIFIED. ) ;
#3816 = AXIS2_PLACEMENT_3D ( 'NONE', #1251, #2946, #4160 ) ;
#3817 = AXIS2_PLACEMENT_3D ( 'NONE', #1228, #4139, #1669 ) ;
#3818 = EDGE_CURVE ( 'NONE', #2901, #4286, #619, .T. ) ;
#3819 = EDGE_CURVE ( 'NONE', #1861, #3460, #4900, .T. ) ;
#3820 = ORIENTED_EDGE ( 'NONE', *, *, #1326, .T. ) ;
#3821 = VERTEX_POINT ( 'NONE', #4988 ) ;
#3822 = ORIENTED_EDGE ( 'NONE', *, *, #4158, .F. ) ;
#3823 = CARTESIAN_POINT ( 'NONE',  ( -0.7364722789078102000, 1.164924256546654400, -15.71333333333333300 ) ) ;
#3824 = DIRECTION ( 'NONE',  ( 1.000000000000000000, 0.0000000000000000000, 0.0000000000000000000 ) ) ;
#3825 = DIRECTION ( 'NONE',  ( -2.933728240325675600E-008, -0.9999999999999995600, 2.815208314736420500E-016 ) ) ;
#3826 = ORIENTED_EDGE ( 'NONE', *, *, #4854, .T. ) ;
#3827 = EDGE_LOOP ( 'NONE', ( #3187, #2308, #3277, #5314 ) ) ;
#3828 = CARTESIAN_POINT ( 'NONE',  ( -1.284275118319469400, 0.4882725919547156200, -3.200000000000000200 ) ) ;
#3829 = DIRECTION ( 'NONE',  ( 0.0000000000000000000, 1.734723475976805500E-015, -1.000000000000000000 ) ) ;
#3830 = VECTOR ( 'NONE', #856, 1000.000000000000000 ) ;
#3831 = LINE ( 'NONE', #4549, #2703 ) ;
#3832 = ORIENTED_EDGE ( 'NONE', *, *, #5194, .T. ) ;
#3833 = ORIENTED_EDGE ( 'NONE', *, *, #3778, .T. ) ;
#3834 = ORIENTED_EDGE ( 'NONE', *, *, #1338, .F. ) ;
#3835 = CARTESIAN_POINT ( 'NONE',  ( -1.187343211212312300, -0.1738277848562581900, -3.049999999999999800 ) ) ;
#3836 = AXIS2_PLACEMENT_3D ( 'NONE', #5256, #1137, #4045 ) ;
#3837 = VECTOR ( 'NONE', #5015, 1000.000000000000000 ) ;
#3838 = ADVANCED_FACE ( 'NONE', ( #2702 ), #4747, .F. ) ;
#3839 = DIRECTION ( 'NONE',  ( -0.0000000000000000000, 0.0000000000000000000, -1.000000000000000000 ) ) ;
#3840 = VERTEX_POINT ( 'NONE', #3352 ) ;
#3841 = ORIENTED_EDGE ( 'NONE', *, *, #1745, .T. ) ;
#3842 = CARTESIAN_POINT ( 'NONE',  ( -1.311344807182227100, -0.4298491336115636800, -16.17000000000000500 ) ) ;
#3843 = DIRECTION ( 'NONE',  ( -0.0000000000000000000, 0.0000000000000000000, 1.000000000000000000 ) ) ;
#3844 = SURFACE_STYLE_USAGE ( .BOTH. , #943 ) ;
#3845 = DIRECTION ( 'NONE',  ( 0.1448564873802155300, 0.9894526760102604300, 0.0000000000000000000 ) ) ;
#3846 = DIRECTION ( 'NONE',  ( 1.000000000000000000, 0.0000000000000000000, 0.0000000000000000000 ) ) ;
#3847 = CARTESIAN_POINT ( 'NONE',  ( 0.7780964369594541900, 1.512316143669235800, -10.68999999990202800 ) ) ;
#3848 = AXIS2_PLACEMENT_3D ( 'NONE', #5341, #2458, #2898 ) ;
#3849 = FACE_OUTER_BOUND ( 'NONE', #2589, .T. ) ;
#3850 = VERTEX_POINT ( 'NONE', #3769 ) ;
#3851 = AXIS2_PLACEMENT_3D ( 'NONE', #431, #3350, #875 ) ;
#3852 = VERTEX_POINT ( 'NONE', #1271 ) ;
#3853 = PLANE ( 'NONE',  #2291 ) ;
#3854 = VECTOR ( 'NONE', #2384, 1000.000000000000000 ) ;
#3855 = VECTOR ( 'NONE', #978, 1000.000000000000000 ) ;
#3856 = CARTESIAN_POINT ( 'NONE',  ( 0.0000000000000000000, 0.0000000000000000000, -3.800000000000000300 ) ) ;
#3857 = CARTESIAN_POINT ( 'NONE',  ( -1.380700591005350500, 0.7231639573904469200, -15.71333333333333300 ) ) ;
#3858 = EDGE_LOOP ( 'NONE', ( #3416, #75, #2966, #269 ) ) ;
#3859 = CARTESIAN_POINT ( 'NONE',  ( -1.171357150092621400, -0.2830217273562170600, -5.200000000000001100 ) ) ;
#3860 = EDGE_LOOP ( 'NONE', ( #1393, #1351, #5142, #1198 ) ) ;
#3861 = EDGE_LOOP ( 'NONE', ( #3301, #1076, #2114, #3423, #1020, #331, #4759 ) ) ;
#3862 = CARTESIAN_POINT ( 'NONE',  ( 1.129999999999999900, 0.0000000000000000000, -10.45592314021008200 ) ) ;
#3863 = EDGE_CURVE ( 'NONE', #27, #427, #505, .T. ) ;
#3864 = LINE ( 'NONE', #855, #1653 ) ;
#3865 = ORIENTED_EDGE ( 'NONE', *, *, #3696, .F. ) ;
#3866 = LINE ( 'NONE', #3705, #545 ) ;
#3867 = ORIENTED_EDGE ( 'NONE', *, *, #1908, .T. ) ;
#3868 = EDGE_CURVE ( 'NONE', #5104, #3515, #2845, .T. ) ;
#3869 = VECTOR ( 'NONE', #2528, 1000.000000000000000 ) ;
#3870 = EDGE_CURVE ( 'NONE', #3090, #4940, #987, .T. ) ;
#3871 = CARTESIAN_POINT ( 'NONE',  ( -0.8550656574799105900, 1.567948417823524100, -12.06000000000000000 ) ) ;
#3872 = FACE_OUTER_BOUND ( 'NONE', #2354, .T. ) ;
#3873 = VERTEX_POINT ( 'NONE', #2745 ) ;
#3874 = ORIENTED_EDGE ( 'NONE', *, *, #2637, .F. ) ;
#3875 = EDGE_CURVE ( 'NONE', #567, #1980, #863, .T. ) ;
#3876 = CARTESIAN_POINT ( 'NONE',  ( 1.266715902725264800, 0.5660043065563580300, -16.17000000000000200 ) ) ;
#3877 = CARTESIAN_POINT ( 'NONE',  ( 0.0000000000000000000, 0.0000000000000000000, 0.0000000000000000000 ) ) ;
#3878 = CARTESIAN_POINT ( 'NONE',  ( 0.1448093068343717900, 1.655177951043611500, -10.61197438007002500 ) ) ;
#3879 = EDGE_LOOP ( 'NONE', ( #3775, #5014, #2489, #3076, #3340 ) ) ;
#3880 = ORIENTED_EDGE ( 'NONE', *, *, #603, .F. ) ;
#3881 = CARTESIAN_POINT ( 'NONE',  ( 0.8924554277927442300, -0.7058336113936316500, -16.17000000000000200 ) ) ;
#3882 = EDGE_CURVE ( 'NONE', #1074, #574, #3747, .T. ) ;
#3883 = EDGE_LOOP ( 'NONE', ( #5321, #4842, #1827, #3077, #5125, #1091 ) ) ;
#3884 = AXIS2_PLACEMENT_3D ( 'NONE', #1258, #2107, #4993 ) ;
#3885 = AXIS2_PLACEMENT_3D ( 'NONE', #3158, #1938, #4809 ) ;
#3886 = AXIS2_PLACEMENT_3D ( 'NONE', #688, #3577, #1090 ) ;
#3887 = EDGE_CURVE ( 'NONE', #1806, #3147, #5075, .T. ) ;
#3888 = CARTESIAN_POINT ( 'NONE',  ( -0.1662672193325786000, 1.900443013206210900, -10.61197441449122400 ) ) ;
#3889 = LINE ( 'NONE', #4830, #680 ) ;
#3890 = VECTOR ( 'NONE', #645, 1000.000000000000000 ) ;
#3891 = ORIENTED_EDGE ( 'NONE', *, *, #3130, .F. ) ;
#3892 = ORIENTED_EDGE ( 'NONE', *, *, #1419, .T. ) ;
#3893 = LINE ( 'NONE', #4771, #1514 ) ;
#3894 = VECTOR ( 'NONE', #3103, 1000.000000000000000 ) ;
#3895 = DIRECTION ( 'NONE',  ( 1.000000000000000000, -0.0000000000000000000, -0.0000000000000000000 ) ) ;
#3896 = CARTESIAN_POINT ( 'NONE',  ( 1.129999999999998100, 0.0000000000000000000, -13.42999999999997800 ) ) ;
#3897 = CARTESIAN_POINT ( 'NONE',  ( 1.792135522745433600, 0.5869905953992689000, -13.31000000000000200 ) ) ;
#3898 = ORIENTED_EDGE ( 'NONE', *, *, #2647, .F. ) ;
#3899 = AXIS2_PLACEMENT_3D ( 'NONE', #4594, #3022, #516 ) ;
#3900 = VERTEX_POINT ( 'NONE', #713 ) ;
#3901 = CARTESIAN_POINT ( 'NONE',  ( 1.379846144986170500, 0.09560867164765714200, -10.66839638767770300 ) ) ;
#3902 = B_SPLINE_CURVE_WITH_KNOTS ( 'NONE', 3,
 ( #4432, #4046, #4868, #2385, #5278, #2824, #316, #3228, #758, #3649 ),
 .UNSPECIFIED., .F., .F.,
 ( 4, 3, 3, 4 ),
 ( 0.0000000000000000000, 0.0001262230638033818400, 0.0001935833709916069500, 0.0002501359418460660500 ),
 .UNSPECIFIED. ) ;
#3903 = ORIENTED_EDGE ( 'NONE', *, *, #1502, .F. ) ;
#3904 = DIRECTION ( 'NONE',  ( -1.000000000000000000, 3.491998357141312700E-015, 1.355252715606880300E-016 ) ) ;
#3905 = CARTESIAN_POINT ( 'NONE',  ( 1.205571613612907100, 0.6264393031925920000, -16.17000000000000200 ) ) ;
#3906 = CARTESIAN_POINT ( 'NONE',  ( 0.0000000000000000000, 0.0000000000000000000, -3.200000000000000200 ) ) ;
#3907 = VERTEX_POINT ( 'NONE', #5244 ) ;
#3908 = EDGE_LOOP ( 'NONE', ( #1283, #252, #3455, #4366 ) ) ;
#3909 = LINE ( 'NONE', #2865, #585 ) ;
#3910 = AXIS2_PLACEMENT_3D ( 'NONE', #1475, #4788, #2305 ) ;
#3911 = LINE ( 'NONE', #3723, #4845 ) ;
#3912 = EDGE_CURVE ( 'NONE', #2759, #4479, #657, .T. ) ;
#3913 = VERTEX_POINT ( 'NONE', #1536 ) ;
#3914 = ORIENTED_EDGE ( 'NONE', *, *, #2748, .T. ) ;
#3915 = ORIENTED_EDGE ( 'NONE', *, *, #577, .F. ) ;
#3916 = ORIENTED_EDGE ( 'NONE', *, *, #1119, .F. ) ;
#3917 = LINE ( 'NONE', #2708, #2801 ) ;
#3918 = CIRCLE ( 'NONE', #763, 1.199999999999999700 ) ;
#3919 = ORIENTED_EDGE ( 'NONE', *, *, #4004, .F. ) ;
#3920 = DIRECTION ( 'NONE',  ( -1.000000000000000000, 0.0000000000000000000, 0.0000000000000000000 ) ) ;
#3921 = FACE_OUTER_BOUND ( 'NONE', #4000, .T. ) ;
#3922 = DIRECTION ( 'NONE',  ( 1.000000000000000000, 0.0000000000000000000, 0.0000000000000000000 ) ) ;
#3923 = ADVANCED_FACE ( 'NONE', ( #1603 ), #3607, .T. ) ;
#3924 = EDGE_CURVE ( 'NONE', #1417, #2282, #4632, .T. ) ;
#3925 = EDGE_LOOP ( 'NONE', ( #624, #4297, #1649, #5119, #708 ) ) ;
#3926 = LINE ( 'NONE', #1086, #4870 ) ;
#3927 = CARTESIAN_POINT ( 'NONE',  ( 0.9115495949992749000, 0.9000000000000000200, -13.57000000000000000 ) ) ;
#3928 = ORIENTED_EDGE ( 'NONE', *, *, #1362, .F. ) ;
#3929 = CARTESIAN_POINT ( 'NONE',  ( 0.09848598930484628300, 1.108659117096004500, -16.17000000000000500 ) ) ;
#3930 = VERTEX_POINT ( 'NONE', #3627 ) ;
#3931 = EDGE_CURVE ( 'NONE', #909, #1768, #1447, .T. ) ;
#3932 = ORIENTED_EDGE ( 'NONE', *, *, #348, .F. ) ;
#3933 = CARTESIAN_POINT ( 'NONE',  ( -0.2305126330003931000, 1.106238638824022400, -16.17000000000000200 ) ) ;
#3934 = ORIENTED_EDGE ( 'NONE', *, *, #3887, .F. ) ;
#3935 = CARTESIAN_POINT ( 'NONE',  ( -1.284275118319469400, 0.4882725919547156200, -5.799999999999999800 ) ) ;
#3936 = ORIENTED_EDGE ( 'NONE', *, *, #115, .T. ) ;
#3937 = ORIENTED_EDGE ( 'NONE', *, *, #1663, .T. ) ;
#3938 = VECTOR ( 'NONE', #4140, 1000.000000000000000 ) ;
#3939 = VECTOR ( 'NONE', #2077, 1000.000000000000000 ) ;
#3940 = ORIENTED_EDGE ( 'NONE', *, *, #1602, .F. ) ;
#3941 = DIRECTION ( 'NONE',  ( 0.9894526760102604300, -0.1448564873802154800, -0.0000000000000000000 ) ) ;
#3942 = ORIENTED_EDGE ( 'NONE', *, *, #4732, .F. ) ;
#3943 = ADVANCED_FACE ( 'NONE', ( #1341 ), #2395, .T. ) ;
#3944 = ORIENTED_EDGE ( 'NONE', *, *, #5027, .F. ) ;
#3945 = CARTESIAN_POINT ( 'NONE',  ( -1.176799688912705300, 1.480000000000000000, -6.099999999999999600 ) ) ;
#3946 = LINE ( 'NONE', #4535, #627 ) ;
#3947 = ORIENTED_EDGE ( 'NONE', *, *, #5132, .T. ) ;
#3948 = CARTESIAN_POINT ( 'NONE',  ( 1.129999999999999000, -0.2300000000000039500, -10.10000000000000100 ) ) ;
#3949 = EDGE_CURVE ( 'NONE', #3852, #4777, #363, .T. ) ;
#3950 = CARTESIAN_POINT ( 'NONE',  ( 0.8963266196103798500, 0.7999999935198076600, -15.82516308280242100 ) ) ;
#3951 = EDGE_CURVE ( 'NONE', #398, #5149, #4495, .T. ) ;
#3952 = VECTOR ( 'NONE', #4062, 1000.000000000000100 ) ;
#3953 = EDGE_LOOP ( 'NONE', ( #1672, #4978, #370, #1458, #3462, #5077, #4284, #3676, #5065, #4551 ) ) ;
#3954 = DIRECTION ( 'NONE',  ( 1.000000000000000000, 0.0000000000000000000, -0.0000000000000000000 ) ) ;
#3955 = CARTESIAN_POINT ( 'NONE',  ( -0.8963266196023588200, 0.7999999935198076600, -15.82516308283056900 ) ) ;
#3956 = ORIENTED_EDGE ( 'NONE', *, *, #3314, .F. ) ;
#3957 = CARTESIAN_POINT ( 'NONE',  ( 1.613060140484152700, 0.8000000145468216800, -13.31000000000000000 ) ) ;
#3958 = TOROIDAL_SURFACE ( 'NONE', #102, 1.579999999999999800, 0.2000000000000000100 ) ;
#3959 = LINE ( 'NONE', #1796, #5081 ) ;
#3960 = DIRECTION ( 'NONE',  ( 0.0000000000000000000, 0.0000000000000000000, -1.000000000000000000 ) ) ;
#3961 = APPLICATION_CONTEXT ( 'automotive_design' ) ;
#3962 = B_SPLINE_CURVE_WITH_KNOTS ( 'NONE', 3,
 ( #1683, #3740, #2097, #4984 ),
 .UNSPECIFIED., .F., .F.,
 ( 4, 4 ),
 ( 0.4205989254997873400, 1.000000000000000000 ),
 .UNSPECIFIED. ) ;
#3963 = ADVANCED_FACE ( 'NONE', ( #205 ), #3295, .T. ) ;
#3964 = AXIS2_PLACEMENT_3D ( 'NONE', #3576, #686, #2752 ) ;
#3965 = EDGE_LOOP ( 'NONE', ( #5286, #3394, #3524, #1767 ) ) ;
#3966 = DIRECTION ( 'NONE',  ( 0.09273486341100840900, 0.6334321673880419800, -0.7682212795973755200 ) ) ;
#3967 = EDGE_CURVE ( 'NONE', #2121, #2088, #4343, .T. ) ;
#3968 = ORIENTED_EDGE ( 'NONE', *, *, #201, .T. ) ;
#3969 = EDGE_CURVE ( 'NONE', #2831, #216, #3432, .T. ) ;
#3970 = VECTOR ( 'NONE', #2464, 1000.000000000000000 ) ;
#3971 = CARTESIAN_POINT ( 'NONE',  ( -1.257758094408550900, 0.9974845786978674400, -4.200000000000000200 ) ) ;
#3972 = ORIENTED_EDGE ( 'NONE', *, *, #4290, .T. ) ;
#3973 = ORIENTED_EDGE ( 'NONE', *, *, #2094, .F. ) ;
#3974 = DIRECTION ( 'NONE',  ( 0.0000000000000000000, 0.0000000000000000000, -1.000000000000000000 ) ) ;
#3975 = VECTOR ( 'NONE', #4092, 1000.000000000000000 ) ;
#3976 = CARTESIAN_POINT ( 'NONE',  ( 2.664999999999999600, 2.762174940136286500, -2.160000000000000100 ) ) ;
#3977 = ORIENTED_EDGE ( 'NONE', *, *, #1243, .F. ) ;
#3978 = DIRECTION ( 'NONE',  ( 0.0000000000000000000, 0.0000000000000000000, 1.000000000000000000 ) ) ;
#3979 = VERTEX_POINT ( 'NONE', #2859 ) ;
#3980 = ORIENTED_EDGE ( 'NONE', *, *, #1296, .F. ) ;
#3981 = CARTESIAN_POINT ( 'NONE',  ( -0.9399800422097471800, -0.1376136630112048400, -3.049999999999999800 ) ) ;
#3982 = DIRECTION ( 'NONE',  ( -0.0000000000000000000, -0.0000000000000000000, -1.000000000000000000 ) ) ;
#3983 = ADVANCED_FACE ( 'NONE', ( #1061 ), #4097, .F. ) ;
#3984 = DIRECTION ( 'NONE',  ( -0.0000000000000000000, -0.0000000000000000000, -1.000000000000000000 ) ) ;
#3985 = ORIENTED_EDGE ( 'NONE', *, *, #5138, .F. ) ;
#3986 = DIRECTION ( 'NONE',  ( 0.0000000000000000000, 0.0000000000000000000, 1.000000000000000000 ) ) ;
#3987 = LINE ( 'NONE', #1354, #2923 ) ;
#3988 = CARTESIAN_POINT ( 'NONE',  ( 1.649473843876359600, -0.3814160118148867100, -2.521906165994302700 ) ) ;
#3989 = DIRECTION ( 'NONE',  ( 1.000000000000000000, 0.0000000000000000000, 0.0000000000000000000 ) ) ;
#3990 = CIRCLE ( 'NONE', #2597, 1.099999999999999600 ) ;
#3991 = AXIS2_PLACEMENT_3D ( 'NONE', #4492, #5335, #2890 ) ;
#3992 = ORIENTED_EDGE ( 'NONE', *, *, #4585, .F. ) ;
#3993 = ORIENTED_EDGE ( 'NONE', *, *, #2729, .T. ) ;
#3994 = DIRECTION ( 'NONE',  ( 1.000000000000000000, 0.0000000000000000000, 0.0000000000000000000 ) ) ;
#3995 = FACE_OUTER_BOUND ( 'NONE', #399, .T. ) ;
#3996 = LINE ( 'NONE', #5143, #852 ) ;
#3997 = CARTESIAN_POINT ( 'NONE',  ( 2.464999999999999400, 2.980000000000001300, -2.160000000000000100 ) ) ;
#3998 = CARTESIAN_POINT ( 'NONE',  ( 0.0000000000000000000, 0.0000000000000000000, -10.30000000000000200 ) ) ;
#3999 = CARTESIAN_POINT ( 'NONE',  ( -1.379999999999998800, 1.303884842977776100E-010, -16.17000000000000500 ) ) ;
#4000 = EDGE_LOOP ( 'NONE', ( #2034, #3795, #1178, #974, #1935 ) ) ;
#4001 = CARTESIAN_POINT ( 'NONE',  ( 1.036739992093273400, 0.4495174845374059200, -16.17000000000000200 ) ) ;
#4002 = CARTESIAN_POINT ( 'NONE',  ( -0.4605320634669480300, 1.744010019205839200, -10.84410331345676000 ) ) ;
#4003 = VERTEX_POINT ( 'NONE', #4488 ) ;
#4004 = EDGE_CURVE ( 'NONE', #1074, #5101, #4259, .T. ) ;
#4005 = CARTESIAN_POINT ( 'NONE',  ( -1.939455406587652800, 0.8000000241223719200, -13.31000000000000000 ) ) ;
#4006 = CARTESIAN_POINT ( 'NONE',  ( -1.305148529669876800, -0.3080276437132359300, -2.507596143976345400 ) ) ;
#4007 = DIRECTION ( 'NONE',  ( 0.0000000000000000000, -1.000000000000000000, 0.0000000000000000000 ) ) ;
#4008 = ADVANCED_FACE ( 'NONE', ( #5346 ), #1339, .T. ) ;
#4009 = CARTESIAN_POINT ( 'NONE',  ( 0.0000000000000000000, 0.0000000000000000000, -10.10000000000000100 ) ) ;
#4010 = VECTOR ( 'NONE', #3586, 1000.000000000000000 ) ;
#4011 = DIRECTION ( 'NONE',  ( 0.2352375733029890000, -0.9719379013633129300, 0.0000000000000000000 ) ) ;
#4012 = CARTESIAN_POINT ( 'NONE',  ( -2.665000000000000500, 2.762174940136285600, -2.160000000000000100 ) ) ;
#4013 = VERTEX_POINT ( 'NONE', #3700 ) ;
#4014 = EDGE_CURVE ( 'NONE', #3441, #4375, #512, .T. ) ;
#4015 =( BOUNDED_SURFACE ( )  B_SPLINE_SURFACE ( 3, 2, ( 
 ( #2399, #5289, #2837 ),
 ( #333, #3239, #776 ),
 ( #3662, #1174, #4084 ),
 ( #1593, #4467, #2022 ) ),
 .UNSPECIFIED., .F., .F., .F. ) 
 B_SPLINE_SURFACE_WITH_KNOTS ( ( 4, 4 ),
 ( 3, 3 ),
 ( 0.0007802918532413987700, 0.001212440881487064300 ),
 ( 0.0000000000000000000, 1.000000000000000000 ),
 .UNSPECIFIED. ) 
 GEOMETRIC_REPRESENTATION_ITEM ( )  RATIONAL_B_SPLINE_SURFACE ( (
 ( 1.000000000000000000, 0.7620611867263666900, 1.000000000000000000),
 ( 1.000000000000000000, 0.7685192051819475000, 1.000000000000000000),
 ( 1.000000000000000000, 0.7747928049267742700, 1.000000000000000000),
 ( 1.000000000000000000, 0.7808671791599942600, 1.000000000000000000) ) ) 
 REPRESENTATION_ITEM ( '' )  SURFACE ( )  );
#4016 = ORIENTED_EDGE ( 'NONE', *, *, #5327, .F. ) ;
#4017 = EDGE_LOOP ( 'NONE', ( #755, #465, #5023, #498 ) ) ;
#4018 = CARTESIAN_POINT ( 'NONE',  ( 1.939455423749647700, -0.7999999999999997100, -13.31000000000000000 ) ) ;
#4019 = CARTESIAN_POINT ( 'NONE',  ( -2.464999999999999900, 2.980000000000000000, 0.0000000000000000000 ) ) ;
#4020 = EDGE_CURVE ( 'NONE', #4606, #3343, #972, .T. ) ;
#4021 = CARTESIAN_POINT ( 'NONE',  ( -1.073681690390444900, -0.2598625642574760600, -3.799999999999999800 ) ) ;
#4022 = ORIENTED_EDGE ( 'NONE', *, *, #3967, .T. ) ;
#4023 = ORIENTED_EDGE ( 'NONE', *, *, #4433, .T. ) ;
#4024 = CARTESIAN_POINT ( 'NONE',  ( -2.170976999847809500, 0.2936944498228293800, -13.31000000000000000 ) ) ;
#4025 = EDGE_CURVE ( 'NONE', #1372, #3648, #2069, .T. ) ;
#4026 = ORIENTED_EDGE ( 'NONE', *, *, #3765, .F. ) ;
#4027 = FACE_OUTER_BOUND ( 'NONE', #4797, .T. ) ;
#4028 = FACE_OUTER_BOUND ( 'NONE', #3678, .T. ) ;
#4029 = PLANE ( 'NONE',  #116 ) ;
#4030 = VERTEX_POINT ( 'NONE', #1684 ) ;
#4031 = DIRECTION ( 'NONE',  ( -1.000000000000000000, 2.168404344971007700E-015, 0.0000000000000000000 ) ) ;
#4032 = CARTESIAN_POINT ( 'NONE',  ( 0.8798276833061962100, 0.7999999930357736300, -16.17000000000000500 ) ) ;
#4033 = LINE ( 'NONE', #4607, #1002 ) ;
#4034 = AXIS2_PLACEMENT_3D ( 'NONE', #2303, #3565, #3994 ) ;
#4035 = CARTESIAN_POINT ( 'NONE',  ( -1.356703362009577000, 0.9829989299598460600, -5.200000000000001100 ) ) ;
#4036 = CARTESIAN_POINT ( 'NONE',  ( 1.124455423598471800, 0.8000000002124864100, -16.17000000000000200 ) ) ;
#4037 = EDGE_CURVE ( 'NONE', #2901, #2180, #5198, .T. ) ;
#4038 = DIRECTION ( 'NONE',  ( -0.0000000000000000000, -0.0000000000000000000, 1.000000000000000000 ) ) ;
#4039 = VERTEX_POINT ( 'NONE', #2099 ) ;
#4040 = CARTESIAN_POINT ( 'NONE',  ( 1.380700591005350500, 0.7231639573904469200, -15.71333333333333300 ) ) ;
#4041 = CARTESIAN_POINT ( 'NONE',  ( -8.032291717040851900E-016, -0.2300000000000000100, -9.455654789600558100E-033 ) ) ;
#4042 = ADVANCED_FACE ( 'NONE', ( #5110 ), #2512, .T. ) ;
#4043 = CARTESIAN_POINT ( 'NONE',  ( -1.911348509856214900, -0.3120444420819524800, -13.31000000000000200 ) ) ;
#4044 = CARTESIAN_POINT ( 'NONE',  ( -1.073681690390445100, -0.2598625642574751700, -5.799999999999999800 ) ) ;
#4045 = DIRECTION ( 'NONE',  ( 0.0000000000000000000, 0.0000000000000000000, 1.000000000000000000 ) ) ;
#4046 = CARTESIAN_POINT ( 'NONE',  ( 1.017383613792935700, 0.1008060163918659700, -3.049999999999999800 ) ) ;
#4047 = ORIENTED_EDGE ( 'NONE', *, *, #450, .T. ) ;
#4048 = CARTESIAN_POINT ( 'NONE',  ( -1.676523644212516200, -0.08664967208765808600, -2.160000000000000100 ) ) ;
#4049 = EDGE_CURVE ( 'NONE', #3582, #2728, #3144, .T. ) ;
#4050 = CARTESIAN_POINT ( 'NONE',  ( 1.145228189760935500, 0.8999999999999543900, -13.07001018702311000 ) ) ;
#4051 = CARTESIAN_POINT ( 'NONE',  ( -1.176799688912705300, 1.480000000000000000, -6.099999999999999600 ) ) ;
#4052 = DIRECTION ( 'NONE',  ( 0.0000000000000000000, 0.0000000000000000000, -1.000000000000000000 ) ) ;
#4053 = ORIENTED_EDGE ( 'NONE', *, *, #3486, .F. ) ;
#4054 = CARTESIAN_POINT ( 'NONE',  ( -1.257758094408550900, 0.9974845786978674400, -4.200000000000000200 ) ) ;
#4055 = CARTESIAN_POINT ( 'NONE',  ( 1.636581280715015300, -0.07786503716479649400, -2.159999999994015200 ) ) ;
#4056 = ORIENTED_EDGE ( 'NONE', *, *, #1850, .T. ) ;
#4057 = CARTESIAN_POINT ( 'NONE',  ( -1.309528219689544600, -0.4353571428571382800, -10.30000000000000200 ) ) ;
#4058 = CARTESIAN_POINT ( 'NONE',  ( 0.8550656574799105900, 1.567948417823524100, -12.06000000000000000 ) ) ;
#4059 = CARTESIAN_POINT ( 'NONE',  ( 1.129999999999999900, 0.0000000000000000000, -10.69000000000000000 ) ) ;
#4060 = ORIENTED_EDGE ( 'NONE', *, *, #348, .T. ) ;
#4061 = CARTESIAN_POINT ( 'NONE',  ( -1.129999999999999400, 0.02000000000000394900, -6.900000000000000400 ) ) ;
#4062 = DIRECTION ( 'NONE',  ( -0.1448564873802151700, 0.9894526760102604300, -0.0000000000000000000 ) ) ;
#4063 = CARTESIAN_POINT ( 'NONE',  ( -1.854333406557865200, -0.2301613812908928100, -2.160000658561879000 ) ) ;
#4064 = LINE ( 'NONE', #2080, #915 ) ;
#4065 = FACE_OUTER_BOUND ( 'NONE', #1186, .T. ) ;
#4066 = CARTESIAN_POINT ( 'NONE',  ( 0.6291889079798458400, 1.393020486557413200, -10.72776172365343200 ) ) ;
#4067 = VERTEX_POINT ( 'NONE', #1269 ) ;
#4068 = CARTESIAN_POINT ( 'NONE',  ( 1.249999999999999600, 1.980000000000000000, -3.049999999999999800 ) ) ;
#4069 = CARTESIAN_POINT ( 'NONE',  ( -1.129999999999999900, 0.02000000000000394900, -10.10000000000000100 ) ) ;
#4070 = EDGE_LOOP ( 'NONE', ( #3937, #1022, #4453, #1757 ) ) ;
#4071 = ORIENTED_EDGE ( 'NONE', *, *, #741, .T. ) ;
#4072 = CARTESIAN_POINT ( 'NONE',  ( 0.9801790197450748200, -0.5799711837677179500, -16.17000000000000200 ) ) ;
#4073 = FACE_OUTER_BOUND ( 'NONE', #600, .T. ) ;
#4074 = AXIS2_PLACEMENT_3D ( 'NONE', #4120, #2062, #4943 ) ;
#4075 = ADVANCED_FACE ( 'NONE', ( #2924 ), #5003, .T. ) ;
#4076 = EDGE_CURVE ( 'NONE', #4322, #4574, #4976, .T. ) ;
#4077 = CARTESIAN_POINT ( 'NONE',  ( -0.2410498587260454200, 1.394378396013548100, -13.06381119457382000 ) ) ;
#4078 = EDGE_CURVE ( 'NONE', #660, #4039, #4878, .T. ) ;
#4079 = DIRECTION ( 'NONE',  ( 0.2614880937736205300, -0.9652067016005631000, 0.0000000000000000000 ) ) ;
#4080 = ORIENTED_EDGE ( 'NONE', *, *, #2748, .F. ) ;
#4081 = DIRECTION ( 'NONE',  ( 0.0000000000000000000, 1.251002506714043500E-016, -1.000000000000000000 ) ) ;
#4082 = DIRECTION ( 'NONE',  ( -0.0000000000000000000, -0.0000000000000000000, -1.000000000000000000 ) ) ;
#4083 = CARTESIAN_POINT ( 'NONE',  ( -1.363633024421384600, -0.3205609384361288700, -2.510045113542677800 ) ) ;
#4084 = CARTESIAN_POINT ( 'NONE',  ( -1.256985698949075300, 0.05761819769851156400, -3.050000000000034900 ) ) ;
#4085 = CARTESIAN_POINT ( 'NONE',  ( 0.1662672193326135100, 1.900443013206610100, -10.61197441448716600 ) ) ;
#4086 = DIRECTION ( 'NONE',  ( 1.000000000000000000, 0.0000000000000000000, 0.0000000000000000000 ) ) ;
#4087 = DIRECTION ( 'NONE',  ( -0.0000000000000000000, 0.0000000000000000000, 1.000000000000000000 ) ) ;
#4088 = DIRECTION ( 'NONE',  ( -0.0000000000000000000, 0.0000000000000000000, 1.000000000000000000 ) ) ;
#4090 = LINE ( 'NONE', #2006, #3952 ) ;
#4089 = DIRECTION ( 'NONE',  ( 0.1448564873802154500, -0.9894526760102604300, 0.0000000000000000000 ) ) ;
#4091 = ORIENTED_EDGE ( 'NONE', *, *, #595, .F. ) ;
#4092 = DIRECTION ( 'NONE',  ( 0.04060998687930124400, 0.4641742740449006400, 0.8848124503421911400 ) ) ;
#4093 = VERTEX_POINT ( 'NONE', #4336 ) ;
#4094 = VECTOR ( 'NONE', #2574, 1000.000000000000000 ) ;
#4095 = CARTESIAN_POINT ( 'NONE',  ( -1.494596370403641800, -0.2387989453859611100, -6.899999999999999500 ) ) ;
#4096 = DIRECTION ( 'NONE',  ( -0.0000000000000000000, 0.0000000000000000000, -1.000000000000000000 ) ) ;
#4097 = PLANE ( 'NONE',  #1188 ) ;
#4098 = DIRECTION ( 'NONE',  ( -0.0000000000000000000, -0.0000000000000000000, -1.000000000000000000 ) ) ;
#4099 = CARTESIAN_POINT ( 'NONE',  ( -1.023689913217467100, 0.9207556100920505400, -10.68999999999999600 ) ) ;
#4100 = DIRECTION ( 'NONE',  ( -0.0000000000000000000, 0.0000000000000000000, -1.000000000000000000 ) ) ;
#4101 = CARTESIAN_POINT ( 'NONE',  ( 1.187343211212313000, -0.1738277848562579900, -3.049999999999999800 ) ) ;
#4102 = DIRECTION ( 'NONE',  ( 1.000000000000000000, 0.0000000000000000000, 0.0000000000000000000 ) ) ;
#4103 = DIRECTION ( 'NONE',  ( 0.1448564873802154800, -0.9894526760102604300, 0.0000000000000000000 ) ) ;
#4104 = DIRECTION ( 'NONE',  ( 0.1448564873802155300, 0.9894526760102604300, 0.0000000000000000000 ) ) ;
#4105 = CARTESIAN_POINT ( 'NONE',  ( -1.379999999999999400, 0.0000000000000000000, -10.69000000000000000 ) ) ;
#4106 = VERTEX_POINT ( 'NONE', #1452 ) ;
#4107 = CARTESIAN_POINT ( 'NONE',  ( 1.129999999999999900, 3.945373912892740100E-015, -16.17000000000000200 ) ) ;
#4108 = ORIENTED_EDGE ( 'NONE', *, *, #2133, .T. ) ;
#4109 = DIRECTION ( 'NONE',  ( -1.000000000000000000, 0.0000000000000000000, 0.0000000000000000000 ) ) ;
#4110 = VECTOR ( 'NONE', #131, 1000.000000000000000 ) ;
#4111 = AXIS2_PLACEMENT_3D ( 'NONE', #1755, #4605, #2153 ) ;
#4112 = CIRCLE ( 'NONE', #714, 1.199999999999999700 ) ;
#4113 = VERTEX_POINT ( 'NONE', #635 ) ;
#4114 = FACE_OUTER_BOUND ( 'NONE', #335, .T. ) ;
#4115 = VERTEX_POINT ( 'NONE', #4761 ) ;
#4116 = VECTOR ( 'NONE', #2361, 1000.000000000000000 ) ;
#4117 = CARTESIAN_POINT ( 'NONE',  ( 1.201750109750250100, -0.6913569638744945200, -16.17000000000000200 ) ) ;
#4118 = CARTESIAN_POINT ( 'NONE',  ( 1.131425729161198000, 0.8000000000208807900, -15.75218801599738900 ) ) ;
#4119 = DIRECTION ( 'NONE',  ( 0.0000000000000000000, 0.0000000000000000000, 1.000000000000000000 ) ) ;
#4120 = CARTESIAN_POINT ( 'NONE',  ( 0.0000000000000000000, 0.0000000000000000000, -3.049999999999999800 ) ) ;
#4121 = ORIENTED_EDGE ( 'NONE', *, *, #4358, .T. ) ;
#4122 = CARTESIAN_POINT ( 'NONE',  ( 0.0000000000000000000, 0.0000000000000000000, -16.17000000000000200 ) ) ;
#4123 = DIRECTION ( 'NONE',  ( 0.9894526760102604300, -0.1448564873802154800, -0.0000000000000000000 ) ) ;
#4124 = DIRECTION ( 'NONE',  ( 0.0000000000000000000, 0.0000000000000000000, 1.000000000000000000 ) ) ;
#4125 = PLANE ( 'NONE',  #1584 ) ;
#4126 = CARTESIAN_POINT ( 'NONE',  ( 0.0000000000000000000, 0.0000000000000000000, -6.900000000000001200 ) ) ;
#4127 = ORIENTED_EDGE ( 'NONE', *, *, #481, .T. ) ;
#4128 = EDGE_CURVE ( 'NONE', #3147, #1005, #4730, .T. ) ;
#4129 = ORIENTED_EDGE ( 'NONE', *, *, #2987, .F. ) ;
#4130 = CARTESIAN_POINT ( 'NONE',  ( -1.017383613792934600, 0.1008060163918666900, -3.049999999999999800 ) ) ;
#4131 = CARTESIAN_POINT ( 'NONE',  ( -1.170241596447380000, 0.8340903860926018900, -13.56999999999999900 ) ) ;
#4132 = EDGE_CURVE ( 'NONE', #2362, #2168, #681, .T. ) ;
#4133 = CARTESIAN_POINT ( 'NONE',  ( -1.046135746449761400, -0.9000000000000000200, 0.0000000000000000000 ) ) ;
#4134 = EDGE_CURVE ( 'NONE', #185, #315, #3990, .T. ) ;
#4135 = CARTESIAN_POINT ( 'NONE',  ( 1.325354620630317700, -0.3877522763972721100, -10.25480592893721100 ) ) ;
#4136 = CARTESIAN_POINT ( 'NONE',  ( 1.249999999999999600, 1.980000000000000000, -5.599999999999998800 ) ) ;
#4137 = VECTOR ( 'NONE', #2183, 1000.000000000000000 ) ;
#4138 = VECTOR ( 'NONE', #374, 1000.000000000000000 ) ;
#4139 = DIRECTION ( 'NONE',  ( 0.0000000000000000000, 0.0000000000000000000, 1.000000000000000000 ) ) ;
#4140 = DIRECTION ( 'NONE',  ( -0.0000000000000000000, -0.0000000000000000000, -1.000000000000000000 ) ) ;
#4141 = DIRECTION ( 'NONE',  ( -0.0000000000000000000, -0.0000000000000000000, -1.000000000000000000 ) ) ;
#4142 = CARTESIAN_POINT ( 'NONE',  ( 1.269502098630073800, -0.2426121866425024200, -2.812726331472148900 ) ) ;
#4143 = VERTEX_POINT ( 'NONE', #4348 ) ;
#4144 = ORIENTED_EDGE ( 'NONE', *, *, #4697, .T. ) ;
#4145 = EDGE_CURVE ( 'NONE', #5199, #2674, #903, .T. ) ;
#4146 = DIRECTION ( 'NONE',  ( 0.0000000000000000000, -0.0000000000000000000, 1.000000000000000000 ) ) ;
#4147 = FACE_OUTER_BOUND ( 'NONE', #4992, .T. ) ;
#4148 = FACE_OUTER_BOUND ( 'NONE', #873, .T. ) ;
#4149 = CARTESIAN_POINT ( 'NONE',  ( -1.117212541428617400, 0.8000000000000001600, -16.17000000000000500 ) ) ;
#4150 = DIRECTION ( 'NONE',  ( -1.000000000000000000, 0.0000000000000000000, 0.0000000000000000000 ) ) ;
#4151 = EDGE_CURVE ( 'NONE', #3343, #4656, #2758, .T. ) ;
#4152 = CARTESIAN_POINT ( 'NONE',  ( -1.379999999999999400, -2.599233761913835600E-011, -10.49000322412891800 ) ) ;
#4153 = ADVANCED_FACE ( 'NONE', ( #564 ), #2643, .T. ) ;
#4154 = DIRECTION ( 'NONE',  ( 1.000000000000000000, 0.0000000000000000000, 0.0000000000000000000 ) ) ;
#4155 = AXIS2_PLACEMENT_3D ( 'NONE', #439, #2519, #881 ) ;
#4156 = AXIS2_PLACEMENT_3D ( 'NONE', #1484, #1924, #4795 ) ;
#4157 = ORIENTED_EDGE ( 'NONE', *, *, #26, .T. ) ;
#4158 = EDGE_CURVE ( 'NONE', #618, #946, #3755, .T. ) ;
#4159 = DIRECTION ( 'NONE',  ( -0.0000000000000000000, 0.0000000000000000000, -1.000000000000000000 ) ) ;
#4160 = DIRECTION ( 'NONE',  ( -1.000000000000000000, 0.0000000000000000000, 0.0000000000000000000 ) ) ;
#4161 = CARTESIAN_POINT ( 'NONE',  ( 1.069131691499643600, -0.2587613306332878200, -3.049999999999999800 ) ) ;
#4162 = DIRECTION ( 'NONE',  ( 0.0000000000000000000, 0.0000000000000000000, -1.000000000000000000 ) ) ;
#4163 = CARTESIAN_POINT ( 'NONE',  ( 0.09848598930484625500, 1.125700008843673100, -20.87000000000000100 ) ) ;
#4164 = CARTESIAN_POINT ( 'NONE',  ( -0.2596939212405786100, 1.673096326602238500, -12.65759341650132400 ) ) ;
#4165 = CARTESIAN_POINT ( 'NONE',  ( 0.0000000000000000000, 0.0000000000000000000, -12.82000000000000000 ) ) ;
#4166 = FACE_OUTER_BOUND ( 'NONE', #3883, .T. ) ;
#4167 = DIRECTION ( 'NONE',  ( -0.2352375733029890800, -0.9719379013633129300, -0.0000000000000000000 ) ) ;
#4168 = PLANE ( 'NONE',  #2205 ) ;
#4169 = EDGE_LOOP ( 'NONE', ( #4963, #3018, #3087, #4527 ) ) ;
#4170 = ORIENTED_EDGE ( 'NONE', *, *, #3511, .F. ) ;
#4171 = AXIS2_PLACEMENT_3D ( 'NONE', #3492, #1012, #3922 ) ;
#4172 = VERTEX_POINT ( 'NONE', #3160 ) ;
#4173 = ORIENTED_EDGE ( 'NONE', *, *, #2798, .F. ) ;
#4174 = CARTESIAN_POINT ( 'NONE',  ( -0.8275779914797556400, 3.000000000000000000, -11.19000000000000000 ) ) ;
#4175 = CARTESIAN_POINT ( 'NONE',  ( -1.575080908594860100, -0.3048756458110652400, -2.160000000000000100 ) ) ;
#4176 = ADVANCED_FACE ( 'NONE', ( #1249 ), #4698, .T. ) ;
#4177 = VERTEX_POINT ( 'NONE', #1501 ) ;
#4178 = CARTESIAN_POINT ( 'NONE',  ( 0.0000000000000000000, 0.0000000000000000000, 0.0000000000000000000 ) ) ;
#4179 = ORIENTED_EDGE ( 'NONE', *, *, #517, .T. ) ;
#4180 = CIRCLE ( 'NONE', #3570, 1.379999999999999700 ) ;
#4181 = ORIENTED_EDGE ( 'NONE', *, *, #3429, .T. ) ;
#4182 = CARTESIAN_POINT ( 'NONE',  ( -0.3281037880933588800, 1.782112582192533900, -11.16707577369845200 ) ) ;
#4183 = LINE ( 'NONE', #5037, #891 ) ;
#4184 = ORIENTED_EDGE ( 'NONE', *, *, #721, .F. ) ;
#4185 = DIRECTION ( 'NONE',  ( -0.0000000000000000000, -0.0000000000000000000, 1.000000000000000000 ) ) ;
#4186 = ORIENTED_EDGE ( 'NONE', *, *, #1140, .F. ) ;
#4187 = AXIS2_PLACEMENT_3D ( 'NONE', #783, #4475, #2027 ) ;
#4188 = CARTESIAN_POINT ( 'NONE',  ( 1.610411082651963800, -0.1744628080840974200, -2.160000631407424700 ) ) ;
#4189 = AXIS2_PLACEMENT_3D ( 'NONE', #1494, #4376, #1934 ) ;
#4190 = EDGE_CURVE ( 'NONE', #1005, #2180, #444, .T. ) ;
#4191 = CARTESIAN_POINT ( 'NONE',  ( 0.0000000000000000000, 0.0000000000000000000, -10.10000000000000100 ) ) ;
#4192 = DIRECTION ( 'NONE',  ( 1.000000000000000000, 0.0000000000000000000, 0.0000000000000000000 ) ) ;
#4193 = ORIENTED_EDGE ( 'NONE', *, *, #1162, .T. ) ;
#4194 = CARTESIAN_POINT ( 'NONE',  ( -0.7657326266551026700, 1.499371561695216600, -10.61197438006638900 ) ) ;
#4195 = CARTESIAN_POINT ( 'NONE',  ( -0.09848598930484615800, 3.000000000000000000, -16.17000000000000500 ) ) ;
#4196 = DIRECTION ( 'NONE',  ( -0.1448564873802151700, 0.9894526760102604300, -0.0000000000000000000 ) ) ;
#4197 = CARTESIAN_POINT ( 'NONE',  ( -5.200000000000001100, 0.8000000000000003800, -16.17000000000000200 ) ) ;
#4198 = DIRECTION ( 'NONE',  ( -0.9961946980917461000, -0.08715574274765154600, -0.0000000000000000000 ) ) ;
#4199 = CARTESIAN_POINT ( 'NONE',  ( -1.151620312390816200, 0.9000000000000000200, -12.82000000000000000 ) ) ;
#4200 = B_SPLINE_CURVE_WITH_KNOTS ( 'NONE', 3,
 ( #3650, #317, #2012, #4893, #2415, #5299 ),
 .UNSPECIFIED., .F., .F.,
 ( 4, 2, 4 ),
 ( 0.0000000000000000000, 0.0001562900550124951100, 0.0003125801100249901700 ),
 .UNSPECIFIED. ) ;
#4201 = EDGE_CURVE ( 'NONE', #536, #2843, #3603, .T. ) ;
#4202 = DIRECTION ( 'NONE',  ( 3.491998357141312700E-015, 1.000000000000000000, 0.0000000000000000000 ) ) ;
#4203 = ADVANCED_FACE ( 'NONE', ( #285 ), #262, .T. ) ;
#4204 = DIRECTION ( 'NONE',  ( 0.0000000000000000000, -1.000000000000000000, -1.251002506714043500E-016 ) ) ;
#4205 = AXIS2_PLACEMENT_3D ( 'NONE', #3491, #1011, #3920 ) ;
#4206 = FACE_OUTER_BOUND ( 'NONE', #4630, .T. ) ;
#4207 = FACE_OUTER_BOUND ( 'NONE', #1601, .T. ) ;
#4208 = CLOSED_SHELL ( 'NONE', ( #2761, #2659, #4449, #3561, #4309, #3477, #4565, #417, #3391, #2551, #1718, #4075, #1877, #2580, #5187, #2791, #445, #3223, #3312, #3539, #1122, #4301, #640, #2337, #765, #4176, #1491, #500, #2523, #928, #5272, #3746, #59, #5352, #5303, #1089, #3943, #4989, #230, #3102, #2246, #3364, #1007, #3254, #4335, #37, #4383, #1777, #2827, #187, #2948, #1922, #3006, #1985, #2689, #2494, #4775, #2143, #2366, #695, #5210, #4225, #1560, #616, #1689, #2302, #1897, #4592, #3190, #1025, #4531, #1464, #471, #4410, #3923, #3712, #3963, #5019, #1949, #5133, #341, #4754 ) ) ;
#4209 = EDGE_LOOP ( 'NONE', ( #34, #1473, #861, #1834 ) ) ;
#4210 = CARTESIAN_POINT ( 'NONE',  ( -0.1323509402772590200, 1.512778169688829200, -12.06000000000000600 ) ) ;
#4211 = DIRECTION ( 'NONE',  ( -1.000000000000000000, 0.0000000000000000000, -0.0000000000000000000 ) ) ;
#4212 = VECTOR ( 'NONE', #1699, 1000.000000000000000 ) ;
#4213 = CARTESIAN_POINT ( 'NONE',  ( -1.334484547361992200, -0.2536502730231544600, -2.815337462205649700 ) ) ;
#4214 = CARTESIAN_POINT ( 'NONE',  ( -1.594208267448140100, -0.2299999999999944300, -10.10000000000000100 ) ) ;
#4215 = CARTESIAN_POINT ( 'NONE',  ( -1.250000000000000200, 1.480000000000000000, -5.599999999999998800 ) ) ;
#4216 = EDGE_CURVE ( 'NONE', #589, #3404, #4586, .T. ) ;
#4217 = CARTESIAN_POINT ( 'NONE',  ( 0.0000000000000000000, 0.0000000000000000000, -10.10000000000000100 ) ) ;
#4218 = CARTESIAN_POINT ( 'NONE',  ( -1.131283753600889500, 0.9000000000000000200, -13.57000000000000000 ) ) ;
#4219 = ORIENTED_EDGE ( 'NONE', *, *, #784, .T. ) ;
#4220 = CARTESIAN_POINT ( 'NONE',  ( 1.166325481635974900, -0.2822850879635872600, -3.200000000000000200 ) ) ;
#4221 = VECTOR ( 'NONE', #260, 1000.000000000000200 ) ;
#4222 = CARTESIAN_POINT ( 'NONE',  ( -1.129999999999999700, 0.0000000000000000000, -16.17000000000000200 ) ) ;
#4223 = ORIENTED_EDGE ( 'NONE', *, *, #4986, .F. ) ;
#4225 = ADVANCED_FACE ( 'NONE', ( #3488 ), #5017, .T. ) ;
#4224 = FILL_AREA_STYLE_COLOUR ( '', #3393 ) ;
#4226 = VECTOR ( 'NONE', #3365, 1000.000000000000100 ) ;
#4227 = DIRECTION ( 'NONE',  ( -0.2614880937736202000, 0.9652067016005631000, -0.0000000000000000000 ) ) ;
#4228 = CARTESIAN_POINT ( 'NONE',  ( 1.249999999999999600, 1.480000000000000000, -3.049999999999999800 ) ) ;
#4229 = DIRECTION ( 'NONE',  ( 1.000000000000000000, 0.0000000000000000000, 0.0000000000000000000 ) ) ;
#4230 = DIRECTION ( 'NONE',  ( 0.0000000000000000000, 0.0000000000000000000, 1.000000000000000000 ) ) ;
#4231 = EDGE_CURVE ( 'NONE', #3487, #5199, #1286, .T. ) ;
#4232 = B_SPLINE_CURVE_WITH_KNOTS ( 'NONE', 3,
 ( #4626, #1771, #3020, #514 ),
 .UNSPECIFIED., .F., .F.,
 ( 4, 4 ),
 ( 1.738108305489988500E-018, 0.0007504556600393601100 ),
 .UNSPECIFIED. ) ;
#4233 = VERTEX_POINT ( 'NONE', #2007 ) ;
#4234 = VERTEX_POINT ( 'NONE', #4450 ) ;
#4235 = LINE ( 'NONE', #1013, #4110 ) ;
#4236 = EDGE_CURVE ( 'NONE', #81, #3436, #2653, .T. ) ;
#4237 = DIRECTION ( 'NONE',  ( -0.1448564873802154200, -0.9894526760102604300, 0.0000000000000000000 ) ) ;
#4238 = VECTOR ( 'NONE', #1996, 1000.000000000000000 ) ;
#4239 = EDGE_LOOP ( 'NONE', ( #2321, #617, #4219, #2261 ) ) ;
#4240 = FACE_OUTER_BOUND ( 'NONE', #8, .T. ) ;
#4241 = CARTESIAN_POINT ( 'NONE',  ( -1.129999999999999900, 0.0000000000000000000, -10.69000000000000000 ) ) ;
#4242 =( NAMED_UNIT ( * ) PLANE_ANGLE_UNIT ( ) SI_UNIT ( $, .RADIAN. ) );
#4243 = FACE_OUTER_BOUND ( 'NONE', #1268, .T. ) ;
#4244 = CARTESIAN_POINT ( 'NONE',  ( -0.09848598930484615800, 1.125700008843672800, -16.17000000000000500 ) ) ;
#4245 = DIRECTION ( 'NONE',  ( 1.000000000000000000, 0.0000000000000000000, 0.0000000000000000000 ) ) ;
#4246 = ORIENTED_EDGE ( 'NONE', *, *, #1665, .T. ) ;
#4247 = ORIENTED_EDGE ( 'NONE', *, *, #831, .T. ) ;
#4248 = CARTESIAN_POINT ( 'NONE',  ( -0.8275779926601049000, 1.460106257069149400, -10.69000000000000000 ) ) ;
#4249 = AXIS2_PLACEMENT_3D ( 'NONE', #1480, #3984, #223 ) ;
#4250 = PLANE ( 'NONE',  #1604 ) ;
#4251 = EDGE_CURVE ( 'NONE', #3873, #574, #572, .T. ) ;
#4252 = EDGE_CURVE ( 'NONE', #5242, #1417, #2365, .T. ) ;
#4254 = VERTEX_POINT ( 'NONE', #3670 ) ;
#4253 = CARTESIAN_POINT ( 'NONE',  ( -0.1223766980078207500, 1.398772058868728000, -15.71333333333333300 ) ) ;
#4255 = DIRECTION ( 'NONE',  ( -0.9894526760102604300, -0.1448564873802154800, -0.0000000000000000000 ) ) ;
#4256 = CARTESIAN_POINT ( 'NONE',  ( -1.308209824139145500, -0.3086846657188329600, -2.507724601672090900 ) ) ;
#4257 = CARTESIAN_POINT ( 'NONE',  ( 1.221958999552994900, 0.8137479815933390500, -10.45592314021008200 ) ) ;
#4258 = CARTESIAN_POINT ( 'NONE',  ( 0.0000000000000000000, 0.0000000000000000000, -6.099999999999999600 ) ) ;
#4259 = CIRCLE ( 'NONE', #937, 1.199999999999999700 ) ;
#4260 = ORIENTED_EDGE ( 'NONE', *, *, #3372, .T. ) ;
#4261 = VERTEX_POINT ( 'NONE', #361 ) ;
#4262 = AXIS2_PLACEMENT_3D ( 'NONE', #1116, #292, #3203 ) ;
#4263 = VECTOR ( 'NONE', #1327, 1000.000000000000000 ) ;
#4264 = CYLINDRICAL_SURFACE ( 'NONE', #428, 1.379999999999999700 ) ;
#4265 = CARTESIAN_POINT ( 'NONE',  ( -1.379999999999999400, -0.0000000000000000000, -11.14666666666666800 ) ) ;
#4266 = CARTESIAN_POINT ( 'NONE',  ( 1.355977003870252800, 0.2936944300331170700, -16.17000000000000200 ) ) ;
#4267 = DIRECTION ( 'NONE',  ( -3.491481338843133400E-015, -1.000000000000000000, 0.0000000000000000000 ) ) ;
#4268 = CARTESIAN_POINT ( 'NONE',  ( 1.221287691144804500, 0.8060748913764428400, -10.69000000000000000 ) ) ;
#4269 = VERTEX_POINT ( 'NONE', #1202 ) ;
#4270 = CARTESIAN_POINT ( 'NONE',  ( 0.9771355247266246800, -0.5869905819496450400, -16.17000000000000500 ) ) ;
#4271 = AXIS2_PLACEMENT_3D ( 'NONE', #5365, #413, #3324 ) ;
#4272 = AXIS2_PLACEMENT_3D ( 'NONE', #840, #3729, #1233 ) ;
#4273 = FACE_OUTER_BOUND ( 'NONE', #3715, .T. ) ;
#4274 = EDGE_LOOP ( 'NONE', ( #4965, #4588, #1555, #4381, #5013, #1960, #2838, #5353, #778, #4820 ) ) ;
#4275 = CARTESIAN_POINT ( 'NONE',  ( -1.395554534150949900, 0.8929453044469057900, -10.53394882898244800 ) ) ;
#4276 = ORIENTED_EDGE ( 'NONE', *, *, #677, .F. ) ;
#4277 = CARTESIAN_POINT ( 'NONE',  ( -1.805000000000002200, -0.2299999999999936800, -10.10000000000000100 ) ) ;
#4278 = ORIENTED_EDGE ( 'NONE', *, *, #164, .F. ) ;
#4279 = ORIENTED_EDGE ( 'NONE', *, *, #2854, .T. ) ;
#4280 = CARTESIAN_POINT ( 'NONE',  ( 0.7495690101843904800, 1.314620580033195200, -13.42999999999998600 ) ) ;
#4281 = EDGE_CURVE ( 'NONE', #5101, #4753, #278, .T. ) ;
#4282 = CARTESIAN_POINT ( 'NONE',  ( 1.707455422884348600, 0.7058336258424227100, -13.31000000000000200 ) ) ;
#4283 = ORIENTED_EDGE ( 'NONE', *, *, #5294, .T. ) ;
#4284 = ORIENTED_EDGE ( 'NONE', *, *, #1745, .F. ) ;
#4285 = LINE ( 'NONE', #4345, #3181 ) ;
#4286 = VERTEX_POINT ( 'NONE', #5338 ) ;
#4287 = AXIS2_PLACEMENT_3D ( 'NONE', #1644, #818, #3289 ) ;
#4288 = LINE ( 'NONE', #3790, #5246 ) ;
#4289 = ORIENTED_EDGE ( 'NONE', *, *, #3306, .T. ) ;
#4290 = EDGE_CURVE ( 'NONE', #3011, #3780, #161, .T. ) ;
#4291 = ORIENTED_EDGE ( 'NONE', *, *, #940, .F. ) ;
#4292 = PRESENTATION_STYLE_ASSIGNMENT (( #378 ) ) ;
#4293 = EDGE_LOOP ( 'NONE', ( #2679, #1518, #3736, #1476, #1681 ) ) ;
#4294 = EDGE_CURVE ( 'NONE', #3850, #4707, #2249, .T. ) ;
#4295 = CARTESIAN_POINT ( 'NONE',  ( -5.200000000000001100, 0.9000000000000000200, -12.82000000000000000 ) ) ;
#4296 = CARTESIAN_POINT ( 'NONE',  ( 0.09698976583049023800, 1.108598096275163400, -16.17000000000000200 ) ) ;
#4297 = ORIENTED_EDGE ( 'NONE', *, *, #669, .T. ) ;
#4298 = DIRECTION ( 'NONE',  ( 1.000000000000000000, 0.0000000000000000000, -0.0000000000000000000 ) ) ;
#4299 = EDGE_CURVE ( 'NONE', #4740, #3441, #1403, .T. ) ;
#4300 = EDGE_CURVE ( 'NONE', #5190, #3979, #3376, .T. ) ;
#4301 = ADVANCED_FACE ( 'NONE', ( #5281 ), #2474, .T. ) ;
#4302 = VECTOR ( 'NONE', #2343, 1000.000000000000000 ) ;
#4303 = PLANE ( 'NONE',  #5245 ) ;
#4304 = EDGE_CURVE ( 'NONE', #1825, #3907, #1121, .T. ) ;
#4305 = VECTOR ( 'NONE', #4109, 1000.000000000000000 ) ;
#4306 = ORIENTED_EDGE ( 'NONE', *, *, #2209, .F. ) ;
#4307 = CIRCLE ( 'NONE', #4541, 1.534999999999999900 ) ;
#4308 = CARTESIAN_POINT ( 'NONE',  ( 1.356703362009577000, 0.9829989299598460600, -4.200000000000000200 ) ) ;
#4309 = ADVANCED_FACE ( 'NONE', ( #1021 ), #5157, .T. ) ;
#4310 = CARTESIAN_POINT ( 'NONE',  ( 0.9759816596205895800, 0.1082979791395277400, -3.049999999999999800 ) ) ;
#4311 = VERTEX_POINT ( 'NONE', #2937 ) ;
#4312 = VECTOR ( 'NONE', #4196, 1000.000000000000100 ) ;
#4313 = AXIS2_PLACEMENT_3D ( 'NONE', #240, #3157, #682 ) ;
#4314 = PRESENTATION_STYLE_ASSIGNMENT (( #3844 ) ) ;
#4315 = CARTESIAN_POINT ( 'NONE',  ( 1.170241596446995000, 0.8340903860933636100, -13.57000000000000200 ) ) ;
#4316 = EDGE_CURVE ( 'NONE', #30, #2053, #921, .T. ) ;
#4317 = EDGE_CURVE ( 'NONE', #2843, #841, #50, .T. ) ;
#4318 = ORIENTED_EDGE ( 'NONE', *, *, #266, .T. ) ;
#4319 = PLANE ( 'NONE',  #2206 ) ;
#4320 = B_SPLINE_CURVE_WITH_KNOTS ( 'NONE', 3,
 ( #228, #672, #4368, #1930 ),
 .UNSPECIFIED., .F., .F.,
 ( 4, 4 ),
 ( 7.975042153217166300E-017, 0.0004240363979260374200 ),
 .UNSPECIFIED. ) ;
#4321 = ORIENTED_EDGE ( 'NONE', *, *, #1072, .T. ) ;
#4322 = VERTEX_POINT ( 'NONE', #2110 ) ;
#4323 = FACE_OUTER_BOUND ( 'NONE', #2639, .T. ) ;
#4324 = FILL_AREA_STYLE ('',( #183 ) ) ;
#4325 = CARTESIAN_POINT ( 'NONE',  ( 1.187343211212312100, -0.1738277848562586000, -3.049999999999999800 ) ) ;
#4326 = ORIENTED_EDGE ( 'NONE', *, *, #4378, .T. ) ;
#4327 = VECTOR ( 'NONE', #3292, 1000.000000000000000 ) ;
#4328 = CARTESIAN_POINT ( 'NONE',  ( -1.130000000000000800, -0.2299999999999960400, -10.10000000000000100 ) ) ;
#4329 = AXIS2_PLACEMENT_3D ( 'NONE', #3647, #1185, #4089 ) ;
#4330 = CIRCLE ( 'NONE', #2057, 1.099999999999999600 ) ;
#4331 = CARTESIAN_POINT ( 'NONE',  ( 0.8856026051282009900, 0.7999999999990850000, -16.05506696886088100 ) ) ;
#4332 = ORIENTED_EDGE ( 'NONE', *, *, #1916, .F. ) ;
#4333 = ORIENTED_EDGE ( 'NONE', *, *, #481, .F. ) ;
#4334 = CARTESIAN_POINT ( 'NONE',  ( -1.069131691499643600, -0.2587613306332877700, -3.049999999999999800 ) ) ;
#4335 = ADVANCED_FACE ( 'NONE', ( #4073 ), #4168, .F. ) ;
#4336 = CARTESIAN_POINT ( 'NONE',  ( -1.356703362009577000, 0.9829989299598460600, -4.200000000000000200 ) ) ;
#4337 = ORIENTED_EDGE ( 'NONE', *, *, #3094, .T. ) ;
#4338 = ORIENTED_EDGE ( 'NONE', *, *, #1190, .T. ) ;
#4339 = CARTESIAN_POINT ( 'NONE',  ( -1.425073216363463200, -0.3285615606435874900, -2.346603681806986900 ) ) ;
#4340 = AXIS2_PLACEMENT_3D ( 'NONE', #899, #1289, #5035 ) ;
#4341 = DIRECTION ( 'NONE',  ( 0.9719379013633127100, 0.2352375733029898100, -0.0000000000000000000 ) ) ;
#4342 = DIRECTION ( 'NONE',  ( 0.0000000000000000000, 0.0000000000000000000, -1.000000000000000000 ) ) ;
#4343 = CIRCLE ( 'NONE', #346, 1.379999999999999700 ) ;
#4344 = LINE ( 'NONE', #2887, #2319 ) ;
#4345 = CARTESIAN_POINT ( 'NONE',  ( -1.450000000000000200, 1.620268339096388300, -3.049999999999999800 ) ) ;
#4346 = ORIENTED_EDGE ( 'NONE', *, *, #3414, .T. ) ;
#4347 = ORIENTED_EDGE ( 'NONE', *, *, #2377, .F. ) ;
#4348 = CARTESIAN_POINT ( 'NONE',  ( -1.073681690390445400, -0.2598625642574752300, -4.200000000000000200 ) ) ;
#4349 = LINE ( 'NONE', #3828, #5203 ) ;
#4350 = FACE_OUTER_BOUND ( 'NONE', #2271, .T. ) ;
#4351 = EDGE_CURVE ( 'NONE', #618, #2632, #3104, .T. ) ;
#4352 = DIRECTION ( 'NONE',  ( 0.0000000000000000000, 0.0000000000000000000, 1.000000000000000000 ) ) ;
#4353 = CARTESIAN_POINT ( 'NONE',  ( -1.821773557808778800, -0.4174097667918430500, -2.528808982278467600 ) ) ;
#4354 = ORIENTED_EDGE ( 'NONE', *, *, #4589, .F. ) ;
#4355 = ADVANCED_FACE ( 'NONE', ( #3005 ), #2954, .F. ) ;
#4356 = CARTESIAN_POINT ( 'NONE',  ( 1.449999999999999700, 1.980000000000000000, -5.599999999999998800 ) ) ;
#4357 = EDGE_CURVE ( 'NONE', #3047, #1711, #5063, .T. ) ;
#4358 = EDGE_CURVE ( 'NONE', #2753, #5164, #782, .T. ) ;
#4359 = CARTESIAN_POINT ( 'NONE',  ( 1.257758094408550900, 0.9974845786978674400, -3.799999999999999800 ) ) ;
#4360 = CARTESIAN_POINT ( 'NONE',  ( 1.594208267448138400, -0.2300000000000055900, -10.10000000000000100 ) ) ;
#4361 = CARTESIAN_POINT ( 'NONE',  ( 0.0000000000000000000, 0.0000000000000000000, -5.799999999999999800 ) ) ;
#4362 = EDGE_CURVE ( 'NONE', #3840, #1724, #3946, .T. ) ;
#4363 = PLANE ( 'NONE',  #4156 ) ;
#4364 = LINE ( 'NONE', #373, #3162 ) ;
#4365 = CARTESIAN_POINT ( 'NONE',  ( 0.0000000000000000000, 0.0000000000000000000, -4.800000000000000700 ) ) ;
#4366 = ORIENTED_EDGE ( 'NONE', *, *, #1033, .F. ) ;
#4367 = CARTESIAN_POINT ( 'NONE',  ( 1.465568395807998400, -0.4098127298236897700, -2.160000000000153800 ) ) ;
#4368 = CARTESIAN_POINT ( 'NONE',  ( -0.8999370349938755600, 0.6983701433201386900, -16.17000000000000200 ) ) ;
#4369 = ORIENTED_EDGE ( 'NONE', *, *, #3319, .T. ) ;
#4370 = EDGE_CURVE ( 'NONE', #5313, #2586, #3221, .T. ) ;
#4371 = ORIENTED_EDGE ( 'NONE', *, *, #3951, .F. ) ;
#4372 = CARTESIAN_POINT ( 'NONE',  ( 1.436426353334338200, 1.527552567373270800, -6.099999999999999600 ) ) ;
#4373 = CARTESIAN_POINT ( 'NONE',  ( 1.379999999999999700, 0.0000000000000000000, -12.81999999999999900 ) ) ;
#4374 = AXIS2_PLACEMENT_3D ( 'NONE', #3774, #3792, #5012 ) ;
#4375 = VERTEX_POINT ( 'NONE', #2933 ) ;
#4376 = DIRECTION ( 'NONE',  ( -0.0000000000000000000, -0.0000000000000000000, -1.000000000000000000 ) ) ;
#4377 = EDGE_LOOP ( 'NONE', ( #2772, #4023, #401, #4278 ) ) ;
#4378 = EDGE_CURVE ( 'NONE', #4575, #2734, #4912, .T. ) ;
#4379 = B_SPLINE_CURVE_WITH_KNOTS ( 'NONE', 3,
 ( #4515, #3313, #839, #3724, #1232, #4142, #1673, #4532, #2082, #4968, #2495, #5368, #2929, #419, #3329, #858 ),
 .UNSPECIFIED., .F., .F.,
 ( 4, 3, 3, 3, 3, 4 ),
 ( 4.470280076681872500E-019, 3.143534195935642000E-005, 9.895654941632804500E-005, 0.0001664790896582464100, 0.0002340029187272988000, 0.0002428458204080642100 ),
 .UNSPECIFIED. ) ;
#4380 = CARTESIAN_POINT ( 'NONE',  ( -2.464999999999999900, 2.980000000000000000, -2.160000000000000100 ) ) ;
#4381 = ORIENTED_EDGE ( 'NONE', *, *, #1647, .T. ) ;
#4382 = DIRECTION ( 'NONE',  ( -1.000000000000000000, 0.0000000000000000000, 0.0000000000000000000 ) ) ;
#4383 = ADVANCED_FACE ( 'NONE', ( #1770 ), #2, .F. ) ;
#4384 = VERTEX_POINT ( 'NONE', #22 ) ;
#4385 = ORIENTED_EDGE ( 'NONE', *, *, #154, .T. ) ;
#4386 = LINE ( 'NONE', #1889, #4546 ) ;
#4387 = ORIENTED_EDGE ( 'NONE', *, *, #630, .T. ) ;
#4388 = VECTOR ( 'NONE', #3354, 1000.000000000000000 ) ;
#4389 = ORIENTED_EDGE ( 'NONE', *, *, #4300, .F. ) ;
#4390 = CARTESIAN_POINT ( 'NONE',  ( -0.3507282489276862800, 1.785522459331624600, -11.02380752301443900 ) ) ;
#4391 = ORIENTED_EDGE ( 'NONE', *, *, #1162, .F. ) ;
#4392 = FACE_OUTER_BOUND ( 'NONE', #3552, .T. ) ;
#4393 = CARTESIAN_POINT ( 'NONE',  ( -1.636581776783945900, -0.07786320607164852500, -2.160000000000000100 ) ) ;
#4394 = CARTESIAN_POINT ( 'NONE',  ( -1.369217350712098600, -0.01883948135377350500, -2.160000000000000600 ) ) ;
#4395 = ORIENTED_EDGE ( 'NONE', *, *, #4872, .F. ) ;
#4396 = CARTESIAN_POINT ( 'NONE',  ( -1.198945549523634500, -0.09457717690811766300, -3.049999999999999800 ) ) ;
#4397 = AXIS2_PLACEMENT_3D ( 'NONE', #98, #4640, #965 ) ;
#4398 = DIRECTION ( 'NONE',  ( -1.000000000000000000, 2.168404344971008100E-015, -0.0000000000000000000 ) ) ;
#4399 = VERTEX_POINT ( 'NONE', #2952 ) ;
#4400 = CARTESIAN_POINT ( 'NONE',  ( 1.129999999999999900, 3.945373912892740100E-015, -10.10000000000000100 ) ) ;
#4401 = CARTESIAN_POINT ( 'NONE',  ( -0.1119951294307321700, 1.280110187047893000, -21.96999999999999900 ) ) ;
#4402 = CARTESIAN_POINT ( 'NONE',  ( -1.613060155066333700, -0.7999999999999998200, -13.31000000000000000 ) ) ;
#4403 = DIRECTION ( 'NONE',  ( -0.0000000000000000000, 0.0000000000000000000, 1.000000000000000000 ) ) ;
#4404 = DIRECTION ( 'NONE',  ( -0.0000000000000000000, -0.0000000000000000000, -1.000000000000000000 ) ) ;
#4405 = FACE_OUTER_BOUND ( 'NONE', #674, .T. ) ;
#4406 = CARTESIAN_POINT ( 'NONE',  ( -2.194999998423905500, 0.1469381488649360900, -13.31000000000000200 ) ) ;
#4407 = EDGE_LOOP ( 'NONE', ( #1775, #1262, #2477, #193 ) ) ;
#4408 = ORIENTED_EDGE ( 'NONE', *, *, #4718, .F. ) ;
#4409 = B_SPLINE_CURVE_WITH_KNOTS ( 'NONE', 3,
 ( #312, #1134, #3225, #754 ),
 .UNSPECIFIED., .F., .F.,
 ( 4, 4 ),
 ( 1.738108305489988500E-018, 0.0007504556600393352800 ),
 .UNSPECIFIED. ) ;
#4410 = ADVANCED_FACE ( 'NONE', ( #513 ), #2709, .F. ) ;
#4411 = EDGE_CURVE ( 'NONE', #3283, #1332, #3690, .T. ) ;
#4412 = CARTESIAN_POINT ( 'NONE',  ( 1.138473552169980300, 0.9000000000000000200, -13.32001148097646100 ) ) ;
#4413 = EDGE_CURVE ( 'NONE', #3686, #4384, #1614, .T. ) ;
#4414 = CARTESIAN_POINT ( 'NONE',  ( 1.129999999999999000, 0.0000000000000000000, -12.82000000000000000 ) ) ;
#4415 = CARTESIAN_POINT ( 'NONE',  ( 0.4921769075863433000, 1.085802319828339700, -16.17000000000000200 ) ) ;
#4416 = FACE_OUTER_BOUND ( 'NONE', #270, .T. ) ;
#4417 = CYLINDRICAL_SURFACE ( 'NONE', #4034, 0.2999999999999999300 ) ;
#4418 = CARTESIAN_POINT ( 'NONE',  ( 1.345142516971775700, -0.3166046438458464700, -2.509272585162317900 ) ) ;
#4419 = DIRECTION ( 'NONE',  ( 0.9894526760102604300, 0.1448564873802154500, 1.089205262999131000E-016 ) ) ;
#4420 = CARTESIAN_POINT ( 'NONE',  ( 0.0000000000000000000, 0.0000000000000000000, -6.099999999999999600 ) ) ;
#4421 = ORIENTED_EDGE ( 'NONE', *, *, #3753, .T. ) ;
#4422 = CARTESIAN_POINT ( 'NONE',  ( 0.1223766980078207500, 1.398772058868728000, -15.71333333333333300 ) ) ;
#4423 = CARTESIAN_POINT ( 'NONE',  ( 0.0000000000000000000, 0.0000000000000000000, -13.57000000000000000 ) ) ;
#4424 = VECTOR ( 'NONE', #3274, 1000.000000000000000 ) ;
#4425 = CARTESIAN_POINT ( 'NONE',  ( -1.817444646360761600, -0.3663273771365503400, -2.160000000000000100 ) ) ;
#4426 = B_SPLINE_CURVE_WITH_KNOTS ( 'NONE', 3,
 ( #1270, #4175, #4572, #2122 ),
 .UNSPECIFIED., .F., .F.,
 ( 4, 4 ),
 ( 0.0000000000000000000, 0.0003527906635081566400 ),
 .UNSPECIFIED. ) ;
#4427 = CARTESIAN_POINT ( 'NONE',  ( 1.129999999999999900, 0.0000000000000000000, -10.69000000000000000 ) ) ;
#4428 = CARTESIAN_POINT ( 'NONE',  ( -1.945000006337886500, -0.1562883383625692800, -13.31000000000000200 ) ) ;
#4429 = CARTESIAN_POINT ( 'NONE',  ( -1.073681690390445100, -0.2598625642574751700, -3.500000000000000000 ) ) ;
#4430 = ORIENTED_EDGE ( 'NONE', *, *, #3054, .F. ) ;
#4431 = CARTESIAN_POINT ( 'NONE',  ( -1.379999999999999700, 4.818244247603522600E-015, -6.700000000000001100 ) ) ;
#4432 = CARTESIAN_POINT ( 'NONE',  ( 0.9759816596205895800, 0.1082979791395277400, -3.049999999999999800 ) ) ;
#4433 = EDGE_CURVE ( 'NONE', #2416, #30, #4757, .T. ) ;
#4434 = DIRECTION ( 'NONE',  ( 1.000000000000000000, 0.0000000000000000000, -0.0000000000000000000 ) ) ;
#4435 = CARTESIAN_POINT ( 'NONE',  ( 1.166325481635974900, -0.2822850879635872600, -3.500000000000000400 ) ) ;
#4436 = PLANE ( 'NONE',  #2070 ) ;
#4437 = AXIS2_PLACEMENT_3D ( 'NONE', #4277, #3904, #1397 ) ;
#4438 = LINE ( 'NONE', #1625, #3388 ) ;
#4439 = DIRECTION ( 'NONE',  ( -1.000000000000000000, 3.488520879062149700E-015, -0.0000000000000000000 ) ) ;
#4440 = PLANE ( 'NONE',  #2145 ) ;
#4441 = DIRECTION ( 'NONE',  ( -0.2740548739561974900, 8.040025356153330600E-009, 0.9617140562874460000 ) ) ;
#4442 = CARTESIAN_POINT ( 'NONE',  ( 0.0000000000000000000, 0.0000000000000000000, -3.049999999999999800 ) ) ;
#4443 = CARTESIAN_POINT ( 'NONE',  ( -1.435608391817941600, -0.2693834187916613300, -10.13234799876800600 ) ) ;
#4444 = ORIENTED_EDGE ( 'NONE', *, *, #988, .F. ) ;
#4445 = CARTESIAN_POINT ( 'NONE',  ( 1.379999999999999400, -0.0000000000000000000, -11.14666666666666800 ) ) ;
#4446 = CARTESIAN_POINT ( 'NONE',  ( 1.166325481635975200, -0.2822850879635865300, -4.200000000000000200 ) ) ;
#4447 = VECTOR ( 'NONE', #4938, 1000.000000000000000 ) ;
#4448 = FACE_OUTER_BOUND ( 'NONE', #991, .T. ) ;
#4449 = ADVANCED_FACE ( 'NONE', ( #371 ), #3439, .F. ) ;
#4450 = CARTESIAN_POINT ( 'NONE',  ( -1.805000000000001700, -0.2299999999999936800, -6.900000000000000400 ) ) ;
#4451 = EDGE_CURVE ( 'NONE', #3343, #4106, #3533, .T. ) ;
#4452 = CARTESIAN_POINT ( 'NONE',  ( 0.4679733322395920300, 1.500809471438526900, -10.83627611765076200 ) ) ;
#4453 = ORIENTED_EDGE ( 'NONE', *, *, #2192, .F. ) ;
#4454 = CARTESIAN_POINT ( 'NONE',  ( 1.663647080950043000, -0.3840524001995375700, -2.352945136489411400 ) ) ;
#4455 = CARTESIAN_POINT ( 'NONE',  ( 0.0000000000000000000, 0.0000000000000000000, -5.799999999999999800 ) ) ;
#4456 = ORIENTED_EDGE ( 'NONE', *, *, #1533, .T. ) ;
#4457 = LINE ( 'NONE', #730, #3508 ) ;
#4458 = VECTOR ( 'NONE', #2382, 1000.000000000000000 ) ;
#4459 = CARTESIAN_POINT ( 'NONE',  ( -0.2882134385606756100, 1.476468468927596000, -12.03620872909115600 ) ) ;
#4460 = VERTEX_POINT ( 'NONE', #2558 ) ;
#4461 = CARTESIAN_POINT ( 'NONE',  ( -1.250000000000000200, 1.979999999999999800, -5.892893218813451700 ) ) ;
#4462 = VECTOR ( 'NONE', #4439, 1000.000000000000000 ) ;
#4463 = CARTESIAN_POINT ( 'NONE',  ( -1.250000000000000200, 1.980000000000000000, -3.549999999999999800 ) ) ;
#4464 = CARTESIAN_POINT ( 'NONE',  ( 0.0000000000000000000, 0.0000000000000000000, -3.049999999999999800 ) ) ;
#4465 = CARTESIAN_POINT ( 'NONE',  ( -1.326682945096295800, -0.3126490804698454100, -2.508499680061050200 ) ) ;
#4466 = ORIENTED_EDGE ( 'NONE', *, *, #5161, .T. ) ;
#4467 = CARTESIAN_POINT ( 'NONE',  ( -1.356604429890469800, -0.2039674999035252200, -3.050000000000034900 ) ) ;
#4468 = DIRECTION ( 'NONE',  ( 0.9894526760102604300, -0.1448564873802154800, -0.0000000000000000000 ) ) ;
#4469 = EDGE_LOOP ( 'NONE', ( #1256, #1783, #4179, #3804, #2860, #2331, #3549, #1329, #4456, #1384 ) ) ;
#4470 = FACE_OUTER_BOUND ( 'NONE', #3858, .T. ) ;
#4471 = CARTESIAN_POINT ( 'NONE',  ( 1.395554534150973200, 0.8929453044471717900, -10.53394882897433300 ) ) ;
#4472 = CARTESIAN_POINT ( 'NONE',  ( -1.250000000000000200, 1.980000000000000000, -3.049999999999999800 ) ) ;
#4473 = FACE_OUTER_BOUND ( 'NONE', #121, .T. ) ;
#4474 = DIRECTION ( 'NONE',  ( 0.1448564873802154500, -0.9894526760102604300, -0.0000000000000000000 ) ) ;
#4475 = DIRECTION ( 'NONE',  ( -3.321745982590990000E-016, 1.000000000000000000, 1.325673136855651400E-016 ) ) ;
#4476 = CARTESIAN_POINT ( 'NONE',  ( 1.198945549507274100, -0.09457717701987004800, -3.049999999999999800 ) ) ;
#4477 = CARTESIAN_POINT ( 'NONE',  ( 1.449999999999999700, 1.980000000000000000, -3.049999999999999800 ) ) ;
#4478 = ORIENTED_EDGE ( 'NONE', *, *, #1346, .F. ) ;
#4479 = VERTEX_POINT ( 'NONE', #1291 ) ;
#4480 = DIRECTION ( 'NONE',  ( 0.0000000000000000000, 0.0000000000000000000, 1.000000000000000000 ) ) ;
#4481 = ORIENTED_EDGE ( 'NONE', *, *, #58, .T. ) ;
#4482 = EDGE_CURVE ( 'NONE', #145, #5087, #2450, .T. ) ;
#4483 = CARTESIAN_POINT ( 'NONE',  ( -2.464999999999999900, 2.980000000000000000, -2.160000000000000100 ) ) ;
#4484 = CARTESIAN_POINT ( 'NONE',  ( -1.250000000000000200, 1.980000000000000000, -3.049999999999999800 ) ) ;
#4485 = EDGE_CURVE ( 'NONE', #5120, #1366, #1335, .T. ) ;
#4486 = ORIENTED_EDGE ( 'NONE', *, *, #5252, .F. ) ;
#4487 = PLANE ( 'NONE',  #3734 ) ;
#4488 = CARTESIAN_POINT ( 'NONE',  ( -1.356703362009577000, 0.9829989299598460600, -3.799999999999999800 ) ) ;
#4489 = CARTESIAN_POINT ( 'NONE',  ( 0.9207379397515446100, -0.1825766423122008000, -2.798442350277739800 ) ) ;
#4490 = DIRECTION ( 'NONE',  ( 0.0000000000000000000, 0.0000000000000000000, -1.000000000000000000 ) ) ;
#4491 = CARTESIAN_POINT ( 'NONE',  ( 1.544330722560900600, -0.4183809500377925800, -2.160000000000000100 ) ) ;
#4492 = CARTESIAN_POINT ( 'NONE',  ( 6.977041758124295700E-017, 0.01999999999999999300, -9.455654789600558100E-033 ) ) ;
#4493 = CARTESIAN_POINT ( 'NONE',  ( 1.374143825337653400, 0.2000000000000611000, -10.69000000000000000 ) ) ;
#4494 = EDGE_LOOP ( 'NONE', ( #612, #607, #3798, #4957 ) ) ;
#4495 = LINE ( 'NONE', #1568, #2286 ) ;
#4496 = CYLINDRICAL_SURFACE ( 'NONE', #3761, 1.199999999999999700 ) ;
#4497 = DIRECTION ( 'NONE',  ( 0.0000000000000000000, 0.0000000000000000000, -1.000000000000000000 ) ) ;
#4498 = CARTESIAN_POINT ( 'NONE',  ( -1.129999999999999900, 3.945373912892740100E-015, -16.17000000000000200 ) ) ;
#4499 = CARTESIAN_POINT ( 'NONE',  ( 0.9752535514619695700, 0.7999999999999999300, -13.56999999999999900 ) ) ;
#4500 = VERTEX_POINT ( 'NONE', #3387 ) ;
#4501 = ORIENTED_EDGE ( 'NONE', *, *, #3949, .T. ) ;
#4502 =( BOUNDED_SURFACE ( )  B_SPLINE_SURFACE ( 3, 1, ( 
 ( #186, #4325 ),
 ( #1883, #4751 ),
 ( #300, #3211 ),
 ( #744, #3628 ) ),
 .UNSPECIFIED., .F., .F., .F. ) 
 B_SPLINE_SURFACE_WITH_KNOTS ( ( 4, 4 ),
 ( 2, 2 ),
 ( 0.0000000000000000000, 1.000000000000000000 ),
 ( 0.0000000000000000000, 1.000000000000000000 ),
 .UNSPECIFIED. ) 
 GEOMETRIC_REPRESENTATION_ITEM ( )  RATIONAL_B_SPLINE_SURFACE ( (
 ( 1.000000000000000000, 1.000000000000000000),
 ( 0.5076587291824132800, 0.4299043249201434100),
 ( 0.5076587291824132800, 0.4299043249201434100),
 ( 1.000000000000000000, 1.000000000000000000) ) ) 
 REPRESENTATION_ITEM ( '' )  SURFACE ( )  );
#4503 = LINE ( 'NONE', #100, #1068 ) ;
#4504 = AXIS2_PLACEMENT_3D ( 'NONE', #2357, #5255, #2792 ) ;
#4505 = EDGE_CURVE ( 'NONE', #3785, #3900, #1347, .T. ) ;
#4506 = CARTESIAN_POINT ( 'NONE',  ( -1.664513428035969200, -0.3836636050867251500, -2.351947563860175900 ) ) ;
#4507 = DIRECTION ( 'NONE',  ( 0.0000000000000000000, 0.0000000000000000000, -1.000000000000000000 ) ) ;
#4508 = EDGE_CURVE ( 'NONE', #3531, #5060, #2292, .T. ) ;
#4509 = CARTESIAN_POINT ( 'NONE',  ( 1.155281071671589100, 0.8000000011168276700, -14.91643946519114500 ) ) ;
#4510 = CARTESIAN_POINT ( 'NONE',  ( 1.584547668460922500, -0.4292762872783589300, -2.159999999999999700 ) ) ;
#4511 = VERTEX_POINT ( 'NONE', #68 ) ;
#4512 = ORIENTED_EDGE ( 'NONE', *, *, #5194, .F. ) ;
#4513 = CARTESIAN_POINT ( 'NONE',  ( -1.250000000000000200, 1.980000000000000000, -5.599999999999998800 ) ) ;
#4514 = DIRECTION ( 'NONE',  ( 1.000000000000000000, 0.0000000000000000000, 0.0000000000000000000 ) ) ;
#4515 = CARTESIAN_POINT ( 'NONE',  ( 1.344813680594696000, -0.2554004858295248500, -2.815750876241088100 ) ) ;
#4516 = DIRECTION ( 'NONE',  ( 0.9719379013633129300, 0.2352375733029890000, -0.0000000000000000000 ) ) ;
#4517 = CARTESIAN_POINT ( 'NONE',  ( 0.0000000000000000000, 0.0000000000000000000, 0.0000000000000000000 ) ) ;
#4518 = DIRECTION ( 'NONE',  ( 0.0000000000000000000, 0.0000000000000000000, -1.000000000000000000 ) ) ;
#4519 = DIRECTION ( 'NONE',  ( 1.000000000000000000, 0.0000000000000000000, 0.0000000000000000000 ) ) ;
#4521 = LINE ( 'NONE', #1552, #3509 ) ;
#4520 = CARTESIAN_POINT ( 'NONE',  ( 0.0000000000000000000, 0.0000000000000000000, -3.049999999999999800 ) ) ;
#4522 = AXIS2_PLACEMENT_3D ( 'NONE', #4191, #1721, #4587 ) ;
#4523 = VECTOR ( 'NONE', #2052, 1000.000000000000000 ) ;
#4524 = CARTESIAN_POINT ( 'NONE',  ( 1.544330722560900900, -0.4183809500377926300, -2.160000000000000100 ) ) ;
#4525 = DIRECTION ( 'NONE',  ( -0.9719379013633128200, 0.2352375733029890600, -0.0000000000000000000 ) ) ;
#4526 = DIRECTION ( 'NONE',  ( -0.1448564873802155300, -0.9894526760102604300, 0.0000000000000000000 ) ) ;
#4527 = ORIENTED_EDGE ( 'NONE', *, *, #143, .F. ) ;
#4528 = DIRECTION ( 'NONE',  ( 0.0000000000000000000, 0.0000000000000000000, 1.000000000000000000 ) ) ;
#4529 = CARTESIAN_POINT ( 'NONE',  ( 1.129999999999999400, -0.2300000000000039500, -6.900000000000001200 ) ) ;
#4530 = ORIENTED_EDGE ( 'NONE', *, *, #4619, .F. ) ;
#4531 = ADVANCED_FACE ( 'NONE', ( #4350 ), #109, .F. ) ;
#4532 = CARTESIAN_POINT ( 'NONE',  ( 1.225162845398661800, -0.2350535189059375100, -2.810934796682479600 ) ) ;
#4533 = CARTESIAN_POINT ( 'NONE',  ( 1.380586256022555200, 0.02175918646982201100, -10.59465673874012700 ) ) ;
#4534 = CARTESIAN_POINT ( 'NONE',  ( 1.171357150092621600, -0.2830217273562160000, -4.200000000000000200 ) ) ;
#4535 = CARTESIAN_POINT ( 'NONE',  ( -1.069131691499643600, -0.2587613306332877700, -3.049999999999999800 ) ) ;
#4536 = DIRECTION ( 'NONE',  ( 0.0000000000000000000, 0.0000000000000000000, -1.000000000000000000 ) ) ;
#4537 = ORIENTED_EDGE ( 'NONE', *, *, #2094, .T. ) ;
#4538 = EDGE_LOOP ( 'NONE', ( #2794, #886, #1759, #4260 ) ) ;
#4539 = CARTESIAN_POINT ( 'NONE',  ( -0.9639810431546898000, 0.02632690355496884700, -3.049999999999999800 ) ) ;
#4540 = ORIENTED_EDGE ( 'NONE', *, *, #3220, .T. ) ;
#4541 = AXIS2_PLACEMENT_3D ( 'NONE', #2356, #5254, #2790 ) ;
#4542 = CIRCLE ( 'NONE', #652, 1.599999999999999900 ) ;
#4543 = DIRECTION ( 'NONE',  ( 0.09273486341100847800, -0.6334321673880425300, -0.7682212795973751800 ) ) ;
#4544 = ORIENTED_EDGE ( 'NONE', *, *, #3093, .T. ) ;
#4545 = ORIENTED_EDGE ( 'NONE', *, *, #1406, .F. ) ;
#4546 = VECTOR ( 'NONE', #5191, 1000.000000000000000 ) ;
#4547 = ORIENTED_EDGE ( 'NONE', *, *, #5226, .F. ) ;
#4548 = VECTOR ( 'NONE', #4237, 1000.000000000000200 ) ;
#4549 = CARTESIAN_POINT ( 'NONE',  ( -1.124455423598472100, 0.8000000002124868500, -16.17000000000000200 ) ) ;
#4550 = DIRECTION ( 'NONE',  ( 0.0000000000000000000, 0.0000000000000000000, -1.000000000000000000 ) ) ;
#4551 = ORIENTED_EDGE ( 'NONE', *, *, #3131, .F. ) ;
#4552 = LINE ( 'NONE', #1589, #2505 ) ;
#4553 = CARTESIAN_POINT ( 'NONE',  ( 0.6833008122342599800, -0.9000000000000000200, 0.0000000000000000000 ) ) ;
#4554 = EDGE_LOOP ( 'NONE', ( #1839, #4664, #2108, #4544 ) ) ;
#4555 = DIRECTION ( 'NONE',  ( -3.491481338843133400E-015, -1.000000000000000000, 0.0000000000000000000 ) ) ;
#4556 = DIRECTION ( 'NONE',  ( -0.0000000000000000000, -0.0000000000000000000, -1.000000000000000000 ) ) ;
#4557 = ORIENTED_EDGE ( 'NONE', *, *, #2664, .F. ) ;
#4558 = CARTESIAN_POINT ( 'NONE',  ( 2.664999999999999600, 2.980000000000000900, -2.160000000000000100 ) ) ;
#4559 = DIRECTION ( 'NONE',  ( -0.2352375733029894700, -0.9719379013633128200, -0.0000000000000000000 ) ) ;
#4560 = DIRECTION ( 'NONE',  ( 1.000000000000000000, 0.0000000000000000000, 0.0000000000000000000 ) ) ;
#4561 = CARTESIAN_POINT ( 'NONE',  ( -5.200000000000001100, 0.8000000000000003800, -16.17000000000000200 ) ) ;
#4562 = ORIENTED_EDGE ( 'NONE', *, *, #2581, .F. ) ;
#4563 = EDGE_CURVE ( 'NONE', #4460, #4622, #1010, .T. ) ;
#4564 = CARTESIAN_POINT ( 'NONE',  ( -0.1184476786248464700, 1.353863161822765200, -16.17000000000000200 ) ) ;
#4565 = ADVANCED_FACE ( 'NONE', ( #2200 ), #4264, .T. ) ;
#4566 = CARTESIAN_POINT ( 'NONE',  ( -2.665000000000000500, 2.762174940136285600, 0.0000000000000000000 ) ) ;
#4567 = AXIS2_PLACEMENT_3D ( 'NONE', #2909, #4967, #2493 ) ;
#4568 = DIRECTION ( 'NONE',  ( -3.488520879062148500E-015, -1.000000000000000000, 4.727827394800278100E-031 ) ) ;
#4569 = EDGE_CURVE ( 'NONE', #2907, #1214, #4503, .T. ) ;
#4570 = CARTESIAN_POINT ( 'NONE',  ( -1.221958999553026000, 0.8137479815936964300, -10.45592314019917300 ) ) ;
#4571 = LINE ( 'NONE', #2501, #2521 ) ;
#4572 = CARTESIAN_POINT ( 'NONE',  ( -1.605831094628819900, -0.1913703415843379900, -2.160000000000000100 ) ) ;
#4573 = CARTESIAN_POINT ( 'NONE',  ( 1.344813680594696000, -0.2554004858295248500, -2.815750876241088100 ) ) ;
#4574 = VERTEX_POINT ( 'NONE', #2189 ) ;
#4575 = VERTEX_POINT ( 'NONE', #2607 ) ;
#4576 = EDGE_LOOP ( 'NONE', ( #3535, #1970, #1330, #959 ) ) ;
#4577 = EDGE_CURVE ( 'NONE', #4777, #5131, #3304, .T. ) ;
#4578 = DIRECTION ( 'NONE',  ( 1.000000000000000000, -3.321745982590990000E-016, -0.0000000000000000000 ) ) ;
#4579 = CIRCLE ( 'NONE', #4189, 1.379999999999998800 ) ;
#4580 = FACE_OUTER_BOUND ( 'NONE', #2510, .T. ) ;
#4581 = DIRECTION ( 'NONE',  ( 0.9894526760102604300, 0.1448564873802154800, -0.0000000000000000000 ) ) ;
#4582 = B_SPLINE_CURVE_WITH_KNOTS ( 'NONE', 3,
 ( #2461, #1167, #3284, #2904 ),
 .UNSPECIFIED., .F., .F.,
 ( 4, 4 ),
 ( 0.0000000000000000000, 0.0009308559977382114600 ),
 .UNSPECIFIED. ) ;
#4583 = EDGE_LOOP ( 'NONE', ( #952, #4710, #4825, #717, #3558, #5234, #1253, #3419, #3530, #748, #2582, #1527, #4709, #2899, #5105, #4699, #4851, #2318, #4022, #3178, #4056, #1213, #4882, #1860, #822, #3499, #544, #2750, #2370, #4715, #2222 ) ) ;
#4584 = CARTESIAN_POINT ( 'NONE',  ( 1.636581280715015300, -0.07786503716479649400, -2.159999999994015200 ) ) ;
#4585 = EDGE_CURVE ( 'NONE', #203, #367, #3151, .T. ) ;
#4586 = CIRCLE ( 'NONE', #4504, 1.129999999999998600 ) ;
#4587 = DIRECTION ( 'NONE',  ( -1.000000000000000000, 8.881784197001252300E-015, 0.0000000000000000000 ) ) ;
#4588 = ORIENTED_EDGE ( 'NONE', *, *, #3773, .T. ) ;
#4589 = EDGE_CURVE ( 'NONE', #4172, #4106, #5356, .T. ) ;
#4590 = CARTESIAN_POINT ( 'NONE',  ( -1.129999999999999900, 0.0000000000000000000, -10.69000000000000000 ) ) ;
#4592 = ADVANCED_FACE ( 'NONE', ( #2076 ), #3216, .F. ) ;
#4591 = CARTESIAN_POINT ( 'NONE',  ( -1.167170644248761900, -0.2251329474437027400, -2.808579508108808700 ) ) ;
#4593 = DIRECTION ( 'NONE',  ( -0.0000000000000000000, -0.0000000000000000000, 1.000000000000000000 ) ) ;
#4594 = CARTESIAN_POINT ( 'NONE',  ( 0.0000000000000000000, 0.0000000000000000000, -2.160000000000000100 ) ) ;
#4595 = VECTOR ( 'NONE', #2043, 1000.000000000000000 ) ;
#4596 = ORIENTED_EDGE ( 'NONE', *, *, #5218, .F. ) ;
#4597 = CARTESIAN_POINT ( 'NONE',  ( 0.3281037880933589400, 1.540919224832991900, -11.16707577369845200 ) ) ;
#4598 = EDGE_CURVE ( 'NONE', #2277, #4613, #1926, .T. ) ;
#4599 = VECTOR ( 'NONE', #110, 1000.000000000000000 ) ;
#4600 = FACE_OUTER_BOUND ( 'NONE', #3074, .T. ) ;
#4601 = ORIENTED_EDGE ( 'NONE', *, *, #4357, .F. ) ;
#4602 = CARTESIAN_POINT ( 'NONE',  ( -1.213429652378854800, 0.7162570972845167000, -13.42999999999998400 ) ) ;
#4603 = CARTESIAN_POINT ( 'NONE',  ( -1.073681690390445800, -0.2598625642574752800, -4.500000000000000900 ) ) ;
#4604 = DIRECTION ( 'NONE',  ( 0.0000000000000000000, -1.000000000000000000, 0.0000000000000000000 ) ) ;
#4605 = DIRECTION ( 'NONE',  ( 1.000000000000000000, -0.0000000000000000000, -0.0000000000000000000 ) ) ;
#4606 = VERTEX_POINT ( 'NONE', #151 ) ;
#4607 = CARTESIAN_POINT ( 'NONE',  ( -0.7980601574949717200, 0.7999999906369366100, -16.17000000000000200 ) ) ;
#4608 = LINE ( 'NONE', #1504, #1422 ) ;
#4609 = LINE ( 'NONE', #2773, #2408 ) ;
#4610 = VERTEX_POINT ( 'NONE', #578 ) ;
#4611 = DIRECTION ( 'NONE',  ( 1.000000000000000000, -3.491481338843133400E-015, 0.0000000000000000000 ) ) ;
#4612 = FACE_OUTER_BOUND ( 'NONE', #4869, .T. ) ;
#4613 = VERTEX_POINT ( 'NONE', #3479 ) ;
#4614 = ORIENTED_EDGE ( 'NONE', *, *, #4970, .T. ) ;
#4615 = FACE_OUTER_BOUND ( 'NONE', #325, .T. ) ;
#4616 = ADVANCED_FACE ( 'NONE', ( #4148 ), #3053, .F. ) ;
#4617 = LINE ( 'NONE', #4564, #3517 ) ;
#4618 = AXIS2_PLACEMENT_3D ( 'NONE', #1937, #4808, #2333 ) ;
#4619 = EDGE_CURVE ( 'NONE', #3459, #343, #3996, .T. ) ;
#4620 = EDGE_CURVE ( 'NONE', #1980, #2980, #3058, .T. ) ;
#4621 = CARTESIAN_POINT ( 'NONE',  ( -1.579999999999999800, 5.516540515372150100E-015, -6.700000000000001100 ) ) ;
#4622 = VERTEX_POINT ( 'NONE', #4702 ) ;
#4623 = CARTESIAN_POINT ( 'NONE',  ( -0.7338529326524939600, 1.134984991849346000, -16.17000000000000200 ) ) ;
#4624 = VERTEX_POINT ( 'NONE', #3494 ) ;
#4625 = CARTESIAN_POINT ( 'NONE',  ( 0.9549550152064990600, 0.8000000000000000400, -14.32192508269210600 ) ) ;
#4626 = CARTESIAN_POINT ( 'NONE',  ( -0.9115495949992749000, 0.9000000000000000200, -13.57000000000000000 ) ) ;
#4627 = DIRECTION ( 'NONE',  ( -0.0000000000000000000, -0.0000000000000000000, 1.000000000000000000 ) ) ;
#4628 = CARTESIAN_POINT ( 'NONE',  ( -1.146116016378551300, -0.1677920978820825500, -3.049999999999999800 ) ) ;
#4629 = AXIS2_PLACEMENT_3D ( 'NONE', #2111, #4997, #2522 ) ;
#4630 = EDGE_LOOP ( 'NONE', ( #1789, #4812, #3615, #1316, #423 ) ) ;
#4631 = CARTESIAN_POINT ( 'NONE',  ( 1.379999999999999700, 4.818244247603522600E-015, -6.099999999999999600 ) ) ;
#4632 = LINE ( 'NONE', #1143, #3681 ) ;
#4633 = CYLINDRICAL_SURFACE ( 'NONE', #3168, 0.5000000000000004400 ) ;
#4634 = VERTEX_POINT ( 'NONE', #160 ) ;
#4635 = DIRECTION ( 'NONE',  ( 0.2352375733029890000, -0.9719379013633129300, 0.0000000000000000000 ) ) ;
#4636 = ORIENTED_EDGE ( 'NONE', *, *, #2453, .T. ) ;
#4637 = VERTEX_POINT ( 'NONE', #3927 ) ;
#4638 = DIRECTION ( 'NONE',  ( -0.0000000000000000000, 0.0000000000000000000, -1.000000000000000000 ) ) ;
#4639 = VECTOR ( 'NONE', #2539, 1000.000000000000000 ) ;
#4640 = DIRECTION ( 'NONE',  ( -0.0000000000000000000, -0.0000000000000000000, 1.000000000000000000 ) ) ;
#4641 = DIRECTION ( 'NONE',  ( -0.0000000000000000000, -0.0000000000000000000, 1.000000000000000000 ) ) ;
#4642 = DIRECTION ( 'NONE',  ( -0.0000000000000000000, -0.0000000000000000000, 1.000000000000000000 ) ) ;
#4643 = ORIENTED_EDGE ( 'NONE', *, *, #4251, .T. ) ;
#4644 = ORIENTED_EDGE ( 'NONE', *, *, #4317, .T. ) ;
#4645 = AXIS2_PLACEMENT_3D ( 'NONE', #5070, #2587, #86 ) ;
#4646 = AXIS2_PLACEMENT_3D ( 'NONE', #393, #1668, #4528 ) ;
#4647 = DIRECTION ( 'NONE',  ( -1.000000000000000000, 0.0000000000000000000, 0.0000000000000000000 ) ) ;
#4648 = CARTESIAN_POINT ( 'NONE',  ( 1.129999999999999000, -0.2300000000000039500, -10.10000000000000100 ) ) ;
#4649 = CARTESIAN_POINT ( 'NONE',  ( -1.383319937260666800, 0.7531032220877557100, -14.80000000000001300 ) ) ;
#4650 = FACE_OUTER_BOUND ( 'NONE', #2409, .T. ) ;
#4651 = CARTESIAN_POINT ( 'NONE',  ( 1.284275118319469400, 0.4882725919547156200, -3.200000000000000200 ) ) ;
#4652 = LINE ( 'NONE', #4477, #3546 ) ;
#4653 = FACE_OUTER_BOUND ( 'NONE', #568, .T. ) ;
#4654 = EDGE_CURVE ( 'NONE', #641, #1914, #126, .T. ) ;
#4655 = DIRECTION ( 'NONE',  ( 1.000000000000000000, 0.0000000000000000000, 0.0000000000000000000 ) ) ;
#4656 = VERTEX_POINT ( 'NONE', #1412 ) ;
#4657 = ORIENTED_EDGE ( 'NONE', *, *, #2737, .F. ) ;
#4658 = EDGE_CURVE ( 'NONE', #4311, #1725, #2935, .T. ) ;
#4659 = EDGE_LOOP ( 'NONE', ( #3833, #2129, #3453, #696 ) ) ;
#4660 = DIRECTION ( 'NONE',  ( 0.2740548739561974900, 8.040025356153330600E-009, 0.9617140562874460000 ) ) ;
#4661 = VERTEX_POINT ( 'NONE', #2681 ) ;
#4662 = EDGE_CURVE ( 'NONE', #3852, #1313, #320, .T. ) ;
#4663 = CARTESIAN_POINT ( 'NONE',  ( -0.8603043499905429500, 1.627826947218140600, -11.14666666666666700 ) ) ;
#4664 = ORIENTED_EDGE ( 'NONE', *, *, #2098, .T. ) ;
#4665 = VECTOR ( 'NONE', #2513, 1000.000000000000000 ) ;
#4666 = ORIENTED_EDGE ( 'NONE', *, *, #1822, .F. ) ;
#4667 = ORIENTED_EDGE ( 'NONE', *, *, #3551, .F. ) ;
#4668 = LINE ( 'NONE', #3514, #245 ) ;
#4669 = ORIENTED_EDGE ( 'NONE', *, *, #1406, .T. ) ;
#4670 = EDGE_CURVE ( 'NONE', #4106, #1793, #690, .T. ) ;
#4671 = CARTESIAN_POINT ( 'NONE',  ( 1.379999999986115400, 0.1469381314982896000, -16.17000000000000500 ) ) ;
#4672 = CARTESIAN_POINT ( 'NONE',  ( -1.436426353334338400, 1.527552567373270600, -3.049999999999999800 ) ) ;
#4673 = CYLINDRICAL_SURFACE ( 'NONE', #850, 1.129999999999999700 ) ;
#4674 = CARTESIAN_POINT ( 'NONE',  ( 0.1441379984261817500, 1.647504860826715500, -10.68999999999999800 ) ) ;
#4675 = LINE ( 'NONE', #1570, #3467 ) ;
#4676 = CARTESIAN_POINT ( 'NONE',  ( 1.096348501456461800, -0.3120444524976049300, -16.17000000000000200 ) ) ;
#4677 = EDGE_CURVE ( 'NONE', #2955, #104, #1030, .T. ) ;
#4678 = EDGE_LOOP ( 'NONE', ( #5061, #4805, #2736, #62, #2498, #1863, #4306, #1310, #5047, #5040, #3916, #3674, #5111 ) ) ;
#4679 = VERTEX_POINT ( 'NONE', #190 ) ;
#4680 = AXIS2_PLACEMENT_3D ( 'NONE', #3406, #931, #3829 ) ;
#4681 = AXIS2_PLACEMENT_3D ( 'NONE', #1523, #2352, #5253 ) ;
#4682 = AXIS2_PLACEMENT_3D ( 'NONE', #4863, #2381, #5274 ) ;
#4683 = EDGE_CURVE ( 'NONE', #5240, #4679, #1697, .T. ) ;
#4685 = EDGE_LOOP ( 'NONE', ( #510, #2711, #4669 ) ) ;
#4684 = CARTESIAN_POINT ( 'NONE',  ( -0.1669385274446192600, 1.908116100038104200, -10.53394882898244800 ) ) ;
#4686 = CARTESIAN_POINT ( 'NONE',  ( -0.4198291843877121600, 1.522408442009381300, -10.89166110039413300 ) ) ;
#4687 = ORIENTED_EDGE ( 'NONE', *, *, #2819, .F. ) ;
#4688 = CARTESIAN_POINT ( 'NONE',  ( 1.130000000000000800, 0.0000000000000000000, -14.80000000000002700 ) ) ;
#4689 = CIRCLE ( 'NONE', #3738, 1.599999999999999900 ) ;
#4690 = CARTESIAN_POINT ( 'NONE',  ( 1.613060140484152700, 0.8000000145468214600, -13.31000000000000000 ) ) ;
#4691 = ORIENTED_EDGE ( 'NONE', *, *, #4317, .F. ) ;
#4692 = EDGE_LOOP ( 'NONE', ( #5130, #4283, #3280, #2288, #609, #3934, #1901, #4596, #1658, #3880, #3490, #466, #3335 ) ) ;
#4693 = EDGE_LOOP ( 'NONE', ( #2447, #5041, #3672, #954, #2549, #653, #3980, #1405, #3794, #1248, #1838, #997, #5048, #3300, #3003, #1438, #3973, #4444, #2625, #4798, #4430, #2559, #4053, #3793, #2971, #3822 ) ) ;
#4694 = VECTOR ( 'NONE', #4342, 1000.000000000000000 ) ;
#4695 = LINE ( 'NONE', #200, #1396 ) ;
#4696 = EDGE_LOOP ( 'NONE', ( #3409, #2957, #2235 ) ) ;
#4697 = EDGE_CURVE ( 'NONE', #442, #2277, #5115, .T. ) ;
#4698 = CONICAL_SURFACE ( 'NONE', #3964, 1.379999999999999700, 0.1399874452130812600 ) ;
#4699 = ORIENTED_EDGE ( 'NONE', *, *, #3931, .F. ) ;
#4700 = CARTESIAN_POINT ( 'NONE',  ( 0.1202749249917591500, 1.374748683366609400, -20.87000000000000100 ) ) ;
#4701 = ADVANCED_FACE ( 'NONE', ( #3763 ), #3598, .T. ) ;
#4702 = CARTESIAN_POINT ( 'NONE',  ( 0.8275779926601031200, 1.460106257069151000, -10.69000000000000000 ) ) ;
#4703 = AXIS2_PLACEMENT_3D ( 'NONE', #3273, #803, #3691 ) ;
#4704 = AXIS2_PLACEMENT_3D ( 'NONE', #1633, #4937, #2457 ) ;
#4705 = EDGE_CURVE ( 'NONE', #2053, #4254, #1515, .T. ) ;
#4706 = EDGE_CURVE ( 'NONE', #4093, #4879, #4695, .T. ) ;
#4707 = VERTEX_POINT ( 'NONE', #3532 ) ;
#4708 = VECTOR ( 'NONE', #2840, 1000.000000000000000 ) ;
#4709 = ORIENTED_EDGE ( 'NONE', *, *, #3868, .T. ) ;
#4710 = ORIENTED_EDGE ( 'NONE', *, *, #524, .T. ) ;
#4711 = CARTESIAN_POINT ( 'NONE',  ( -1.257758094408550900, 0.9974845786978674400, -5.200000000000001100 ) ) ;
#4712 = LINE ( 'NONE', #1803, #1719 ) ;
#4713 = VECTOR ( 'NONE', #5367, 1000.000000000000100 ) ;
#4714 = CARTESIAN_POINT ( 'NONE',  ( -0.9376972083724541800, 0.9000000000000000200, -12.82000000000000000 ) ) ;
#4715 = ORIENTED_EDGE ( 'NONE', *, *, #1979, .F. ) ;
#4716 = ORIENTED_EDGE ( 'NONE', *, *, #463, .T. ) ;
#4717 = DIRECTION ( 'NONE',  ( 0.0000000000000000000, -1.000000000000000000, -0.0000000000000000000 ) ) ;
#4718 = EDGE_CURVE ( 'NONE', #918, #874, #570, .T. ) ;
#4719 = CARTESIAN_POINT ( 'NONE',  ( -1.167455025360933900, 0.8000000000000000400, -14.46766017520468100 ) ) ;
#4720 = ORIENTED_EDGE ( 'NONE', *, *, #3912, .F. ) ;
#4721 = LINE ( 'NONE', #2754, #2407 ) ;
#4722 = FACE_OUTER_BOUND ( 'NONE', #4659, .T. ) ;
#4723 = ORIENTED_EDGE ( 'NONE', *, *, #4294, .F. ) ;
#4724 = FACE_OUTER_BOUND ( 'NONE', #647, .T. ) ;
#4725 = ORIENTED_EDGE ( 'NONE', *, *, #1714, .F. ) ;
#4726 = ADVANCED_FACE ( 'NONE', ( #4580 ), #3141, .F. ) ;
#4727 = B_SPLINE_CURVE_WITH_KNOTS ( 'NONE', 3,
 ( #4774, #2295, #2731, #221, #3145, #662 ),
 .UNSPECIFIED., .F., .F.,
 ( 4, 2, 4 ),
 ( -3.139621808439100100E-006, 0.0001993545645054329600, 0.0004018487508193050100 ),
 .UNSPECIFIED. ) ;
#4728 = VERTEX_POINT ( 'NONE', #2290 ) ;
#4729 = FACE_OUTER_BOUND ( 'NONE', #2480, .T. ) ;
#4730 = B_SPLINE_CURVE_WITH_KNOTS ( 'NONE', 3,
 ( #2120, #3522, #212, #3134 ),
 .UNSPECIFIED., .F., .F.,
 ( 4, 4 ),
 ( 0.0000000000000000000, 0.0001999968785187673100 ),
 .UNSPECIFIED. ) ;
#4731 = CYLINDRICAL_SURFACE ( 'NONE', #93, 1.199999999999999700 ) ;
#4732 = EDGE_CURVE ( 'NONE', #4707, #3400, #2530, .T. ) ;
#4733 = DIRECTION ( 'NONE',  ( 1.000000000000000000, 0.0000000000000000000, -0.0000000000000000000 ) ) ;
#4734 = ORIENTED_EDGE ( 'NONE', *, *, #3040, .F. ) ;
#4735 = CARTESIAN_POINT ( 'NONE',  ( -1.379999999999999700, 4.818244247603522600E-015, -10.30000000000000200 ) ) ;
#4736 = CARTESIAN_POINT ( 'NONE',  ( 1.449999999999999700, 1.620268339096389000, -6.099999999999999600 ) ) ;
#4737 = ORIENTED_EDGE ( 'NONE', *, *, #1237, .T. ) ;
#4738 = CARTESIAN_POINT ( 'NONE',  ( 1.544330722560901100, -0.4183809500377922400, -2.160000000000000100 ) ) ;
#4739 = PLANE ( 'NONE',  #3081 ) ;
#4740 = VERTEX_POINT ( 'NONE', #4356 ) ;
#4741 = ORIENTED_EDGE ( 'NONE', *, *, #3093, .F. ) ;
#4742 = VERTEX_POINT ( 'NONE', #1913 ) ;
#4743 = DIRECTION ( 'NONE',  ( 0.0000000000000000000, 0.6441855083154284200, -0.7648692900596760800 ) ) ;
#4744 = PLANE ( 'NONE',  #2483 ) ;
#4745 = ORIENTED_EDGE ( 'NONE', *, *, #2364, .T. ) ;
#4746 = VERTEX_POINT ( 'NONE', #2744 ) ;
#4747 = CYLINDRICAL_SURFACE ( 'NONE', #3816, 0.9499999999999998400 ) ;
#4748 = VECTOR ( 'NONE', #1267, 1000.000000000000000 ) ;
#4749 = SURFACE_STYLE_USAGE ( .BOTH. , #1880 ) ;
#4750 = ORIENTED_EDGE ( 'NONE', *, *, #523, .T. ) ;
#4751 = CARTESIAN_POINT ( 'NONE',  ( 0.9206259334041864100, -1.995659371678692300, -3.049999999999999800 ) ) ;
#4752 = ORIENTED_EDGE ( 'NONE', *, *, #2729, .F. ) ;
#4753 = VERTEX_POINT ( 'NONE', #5201 ) ;
#4754 = ADVANCED_FACE ( 'NONE', ( #3485 ), #4417, .F. ) ;
#4755 = DIRECTION ( 'NONE',  ( 0.5435630326427193200, 0.2525267579981304000, -0.8004807718110432700 ) ) ;
#4756 = EDGE_CURVE ( 'NONE', #1793, #3068, #698, .T. ) ;
#4757 = LINE ( 'NONE', #2127, #4639 ) ;
#4758 = EDGE_CURVE ( 'NONE', #1084, #3913, #2359, .T. ) ;
#4759 = ORIENTED_EDGE ( 'NONE', *, *, #2338, .F. ) ;
#4760 = ORIENTED_EDGE ( 'NONE', *, *, #910, .F. ) ;
#4761 = CARTESIAN_POINT ( 'NONE',  ( -1.579999999999999800, 5.516540515372150100E-015, -6.900000000000000400 ) ) ;
#4762 = CARTESIAN_POINT ( 'NONE',  ( 0.0000000000000000000, 0.0000000000000000000, -6.900000000000000400 ) ) ;
#4763 = CARTESIAN_POINT ( 'NONE',  ( -1.308209824139145500, -0.3086846657188329600, -2.507724601672090900 ) ) ;
#4764 = CARTESIAN_POINT ( 'NONE',  ( 1.129999999999999900, 0.01999999999999605600, -10.10000000000000100 ) ) ;
#4765 = LINE ( 'NONE', #368, #386 ) ;
#4766 = DIRECTION ( 'NONE',  ( -0.0000000000000000000, -0.0000000000000000000, -1.000000000000000000 ) ) ;
#4767 = VECTOR ( 'NONE', #2010, 1000.000000000000000 ) ;
#4768 = AXIS2_PLACEMENT_3D ( 'NONE', #3179, #3595, #1114 ) ;
#4769 = AXIS2_PLACEMENT_3D ( 'NONE', #3557, #1078, #3989 ) ;
#4770 = LINE ( 'NONE', #4295, #2721 ) ;
#4771 = CARTESIAN_POINT ( 'NONE',  ( 1.805000000000000200, -0.2300000000000062800, -10.10000000000000100 ) ) ;
#4772 = EDGE_CURVE ( 'NONE', #3400, #918, #276, .T. ) ;
#4773 = EDGE_CURVE ( 'NONE', #4728, #1369, #2244, .T. ) ;
#4774 = CARTESIAN_POINT ( 'NONE',  ( 1.309528219689541700, -0.4353571428571474400, -6.700000000000002000 ) ) ;
#4775 = ADVANCED_FACE ( 'NONE', ( #2140 ), #2777, .F. ) ;
#4776 = CARTESIAN_POINT ( 'NONE',  ( 0.0000000000000000000, 0.0000000000000000000, -3.200000000000000200 ) ) ;
#4777 = VERTEX_POINT ( 'NONE', #1950 ) ;
#4778 = ORIENTED_EDGE ( 'NONE', *, *, #1055, .F. ) ;
#4779 = EDGE_LOOP ( 'NONE', ( #882, #16, #4337, #209 ) ) ;
#4780 = DIRECTION ( 'NONE',  ( -0.0000000000000000000, -0.0000000000000000000, -1.000000000000000000 ) ) ;
#4781 = CARTESIAN_POINT ( 'NONE',  ( 1.138682427666470900, 0.09537108900418242400, -10.66823678856903600 ) ) ;
#4782 = LINE ( 'NONE', #4553, #3720 ) ;
#4783 = VERTEX_POINT ( 'NONE', #1534 ) ;
#4784 = FACE_OUTER_BOUND ( 'NONE', #1264, .T. ) ;
#4785 = ORIENTED_EDGE ( 'NONE', *, *, #4236, .T. ) ;
#4786 = AXIS2_PLACEMENT_3D ( 'NONE', #4068, #788, #3673 ) ;
#4787 = LINE ( 'NONE', #890, #3730 ) ;
#4788 = DIRECTION ( 'NONE',  ( 0.0000000000000000000, 0.0000000000000000000, -1.000000000000000000 ) ) ;
#4789 = LINE ( 'NONE', #1680, #1487 ) ;
#4790 = EDGE_LOOP ( 'NONE', ( #3241, #1375, #764, #2149, #175, #3932, #3928 ) ) ;
#4791 = ORIENTED_EDGE ( 'NONE', *, *, #2470, .T. ) ;
#4792 = DIRECTION ( 'NONE',  ( -0.0000000000000000000, -0.0000000000000000000, -1.000000000000000000 ) ) ;
#4793 = CARTESIAN_POINT ( 'NONE',  ( 1.063571912241302800, -0.1950315747890816500, -2.867991825103643600 ) ) ;
#4794 = DIRECTION ( 'NONE',  ( -0.9719379013633128200, -0.2352375733029890300, 0.0000000000000000000 ) ) ;
#4795 = DIRECTION ( 'NONE',  ( 3.491998357141312700E-015, 1.000000000000000000, 0.0000000000000000000 ) ) ;
#4796 = DIRECTION ( 'NONE',  ( -1.000000000000000000, 0.0000000000000000000, 0.0000000000000000000 ) ) ;
#4797 = EDGE_LOOP ( 'NONE', ( #3687, #1620, #2500, #3019 ) ) ;
#4798 = ORIENTED_EDGE ( 'NONE', *, *, #1326, .F. ) ;
#4799 = CARTESIAN_POINT ( 'NONE',  ( 1.369217350152233800, -0.01883948122973703700, -2.159999999999999700 ) ) ;
#4800 = CARTESIAN_POINT ( 'NONE',  ( -1.803216512531301800, -0.5023135887122739400, -2.160000000000000600 ) ) ;
#4801 = AXIS2_PLACEMENT_3D ( 'NONE', #2767, #258, #3173 ) ;
#4802 = ADVANCED_FACE ( 'NONE', ( #3210 ), #4029, .F. ) ;
#4803 = ORIENTED_EDGE ( 'NONE', *, *, #1446, .F. ) ;
#4804 = CARTESIAN_POINT ( 'NONE',  ( 1.176799688912704800, 1.480000000000000000, -3.049999999999999800 ) ) ;
#4805 = ORIENTED_EDGE ( 'NONE', *, *, #2147, .T. ) ;
#4806 = DIRECTION ( 'NONE',  ( 0.0000000000000000000, 0.0000000000000000000, 1.000000000000000000 ) ) ;
#4807 = LINE ( 'NONE', #283, #1813 ) ;
#4808 = DIRECTION ( 'NONE',  ( -0.0000000000000000000, -0.0000000000000000000, -1.000000000000000000 ) ) ;
#4809 = DIRECTION ( 'NONE',  ( 1.000000000000000000, 0.0000000000000000000, -0.0000000000000000000 ) ) ;
#4810 = ORIENTED_EDGE ( 'NONE', *, *, #3112, .T. ) ;
#4811 = ORIENTED_EDGE ( 'NONE', *, *, #1049, .T. ) ;
#4812 = ORIENTED_EDGE ( 'NONE', *, *, #1033, .T. ) ;
#4813 = CARTESIAN_POINT ( 'NONE',  ( -1.171357150092621600, -0.2830217273562160000, -4.200000000000000200 ) ) ;
#4814 = CARTESIAN_POINT ( 'NONE',  ( 0.0000000000000000000, 0.0000000000000000000, -10.48999999999999800 ) ) ;
#4815 = DIRECTION ( 'NONE',  ( -0.9894526760102605500, 0.1448564873802154500, 0.0000000000000000000 ) ) ;
#4816 = LINE ( 'NONE', #659, #4694 ) ;
#4817 = VECTOR ( 'NONE', #4755, 1000.000000000000200 ) ;
#4818 = DIRECTION ( 'NONE',  ( 0.0000000000000000000, 0.0000000000000000000, -1.000000000000000000 ) ) ;
#4819 = CARTESIAN_POINT ( 'NONE',  ( -0.3281037880933588800, 1.782112582192533900, -11.16707577369845200 ) ) ;
#4820 = ORIENTED_EDGE ( 'NONE', *, *, #2098, .F. ) ;
#4821 = EDGE_CURVE ( 'NONE', #2416, #2975, #1019, .T. ) ;
#4822 = B_SPLINE_CURVE_WITH_KNOTS ( 'NONE', 3,
 ( #1640, #4118, #3699, #4509 ),
 .UNSPECIFIED., .F., .F.,
 ( 4, 4 ),
 ( 0.0000000000000000000, 0.001254132372401812100 ),
 .UNSPECIFIED. ) ;
#4823 = ORIENTED_EDGE ( 'NONE', *, *, #4953, .T. ) ;
#4824 = CARTESIAN_POINT ( 'NONE',  ( -1.222150451240082000, 0.06392557650760818900, -3.049999999999999800 ) ) ;
#4825 = ORIENTED_EDGE ( 'NONE', *, *, #1148, .T. ) ;
#4826 = CARTESIAN_POINT ( 'NONE',  ( 1.449999999999999700, 1.620268339096389000, -3.049999999999999800 ) ) ;
#4827 = DIRECTION ( 'NONE',  ( 0.2614880937736204800, -0.9652067016005631000, 0.0000000000000000000 ) ) ;
#4828 = EDGE_CURVE ( 'NONE', #2484, #3090, #96, .T. ) ;
#4829 = CARTESIAN_POINT ( 'NONE',  ( 0.7980601481091506000, -0.8000000000000000400, -13.57000000000000000 ) ) ;
#4830 = CARTESIAN_POINT ( 'NONE',  ( 1.187343211212313000, -0.1738277848562579900, -3.049999999999999800 ) ) ;
#4831 = CARTESIAN_POINT ( 'NONE',  ( -1.250000000000000200, 1.980000000000000000, -5.599999999999998800 ) ) ;
#4832 = PLANE ( 'NONE',  #4681 ) ;
#4833 = CARTESIAN_POINT ( 'NONE',  ( -1.185329850718443300, 0.5027582406927372200, -5.799999999999999800 ) ) ;
#4834 = ADVANCED_FACE ( 'NONE', ( #4207 ), #1123, .T. ) ;
#4835 = EDGE_CURVE ( 'NONE', #2674, #135, #827, .T. ) ;
#4836 = CARTESIAN_POINT ( 'NONE',  ( -0.6833008122342603100, -0.9000000000000000200, -13.57000000000000000 ) ) ;
#4837 = ORIENTED_EDGE ( 'NONE', *, *, #1819, .T. ) ;
#4839 = LINE ( 'NONE', #3240, #299 ) ;
#4838 = DIRECTION ( 'NONE',  ( -0.2740548814104436000, -3.645777856061657700E-017, 0.9617140541632465100 ) ) ;
#4840 = CARTESIAN_POINT ( 'NONE',  ( -2.195000001576094700, -0.1469381192604953500, -13.31000000000000400 ) ) ;
#4841 = ORIENTED_EDGE ( 'NONE', *, *, #1878, .F. ) ;
#4842 = ORIENTED_EDGE ( 'NONE', *, *, #5099, .T. ) ;
#4843 = EDGE_CURVE ( 'NONE', #1063, #4613, #5276, .T. ) ;
#4844 = FACE_OUTER_BOUND ( 'NONE', #2182, .T. ) ;
#4845 = VECTOR ( 'NONE', #4141, 1000.000000000000000 ) ;
#4846 = DIRECTION ( 'NONE',  ( -0.1112818360932101800, 0.7601186008656495300, -0.6401843996644806000 ) ) ;
#4847 = AXIS2_PLACEMENT_3D ( 'NONE', #272, #711, #3605 ) ;
#4848 = CARTESIAN_POINT ( 'NONE',  ( 1.385603218454734400, -0.3252617591223006000, -2.510963022285408500 ) ) ;
#4849 = ORIENTED_EDGE ( 'NONE', *, *, #349, .T. ) ;
#4850 = DIRECTION ( 'NONE',  ( -2.032879073410321300E-016, -0.0000000000000000000, -1.000000000000000000 ) ) ;
#4851 = ORIENTED_EDGE ( 'NONE', *, *, #5022, .F. ) ;
#4852 = VERTEX_POINT ( 'NONE', #3258 ) ;
#4853 = DIRECTION ( 'NONE',  ( 1.000000000000000000, 0.0000000000000000000, 0.0000000000000000000 ) ) ;
#4854 = EDGE_CURVE ( 'NONE', #4637, #2484, #3097, .T. ) ;
#4855 = DIRECTION ( 'NONE',  ( 0.1448564873802154800, -0.9894526760102604300, 0.0000000000000000000 ) ) ;
#4856 = CARTESIAN_POINT ( 'NONE',  ( 1.383319937260666800, 0.7531032220877557100, -14.80000000000001300 ) ) ;
#4857 = DIRECTION ( 'NONE',  ( -1.000000000000000000, 0.0000000000000000000, 0.0000000000000000000 ) ) ;
#4858 = VERTEX_POINT ( 'NONE', #791 ) ;
#4859 = CARTESIAN_POINT ( 'NONE',  ( -1.945000003489104800, 0.1562883589598992300, -13.31000000000000000 ) ) ;
#4860 = VECTOR ( 'NONE', #646, 1000.000000000000200 ) ;
#4861 = FACE_OUTER_BOUND ( 'NONE', #1835, .T. ) ;
#4862 = VERTEX_POINT ( 'NONE', #3677 ) ;
#4863 = CARTESIAN_POINT ( 'NONE',  ( 1.579999999999999800, 5.516540515372150100E-015, -10.30000000000000200 ) ) ;
#4864 = VECTOR ( 'NONE', #1799, 1000.000000000000100 ) ;
#4865 = CARTESIAN_POINT ( 'NONE',  ( 1.129999999999999900, 3.945373912892740100E-015, -16.17000000000000200 ) ) ;
#4866 = CARTESIAN_POINT ( 'NONE',  ( 1.124455423598472100, 0.8000000002124868500, -16.17000000000000200 ) ) ;
#4867 = ORIENTED_EDGE ( 'NONE', *, *, #3412, .T. ) ;
#4868 = CARTESIAN_POINT ( 'NONE',  ( 1.058788167546304000, 0.09332840547980420000, -3.049999999999999800 ) ) ;
#4869 = EDGE_LOOP ( 'NONE', ( #2603, #4547, #797, #147 ) ) ;
#4870 = VECTOR ( 'NONE', #1497, 1000.000000000000000 ) ;
#4871 = CARTESIAN_POINT ( 'NONE',  ( -1.716468420589659600, -0.09542292467826957200, -2.160000000000000100 ) ) ;
#4872 = EDGE_CURVE ( 'NONE', #3326, #2088, #3496, .T. ) ;
#4873 = CIRCLE ( 'NONE', #5171, 1.284999999999999300 ) ;
#4874 = ADVANCED_FACE ( 'NONE', ( #4065 ), #3282, .F. ) ;
#4875 = DIRECTION ( 'NONE',  ( -0.2352375733029894700, -0.9719379013633128200, -0.0000000000000000000 ) ) ;
#4876 = CARTESIAN_POINT ( 'NONE',  ( 0.0000000000000000000, 0.0000000000000000000, -16.17000000000000200 ) ) ;
#4877 = CARTESIAN_POINT ( 'NONE',  ( 0.09848598930484628300, 1.108659117096004500, -16.17000000000000500 ) ) ;
#4878 = B_SPLINE_CURVE_WITH_KNOTS ( 'NONE', 3,
 ( #5002, #5067, #1044, #3955 ),
 .UNSPECIFIED., .F., .F.,
 ( 4, 4 ),
 ( 0.0000000000000000000, 0.0003452197042942121100 ),
 .UNSPECIFIED. ) ;
#4879 = VERTEX_POINT ( 'NONE', #2856 ) ;
#4880 = PLANE ( 'NONE',  #1855 ) ;
#4881 = CARTESIAN_POINT ( 'NONE',  ( -0.1337840651176451500, 1.529158861570830300, -21.96999999999999900 ) ) ;
#4882 = ORIENTED_EDGE ( 'NONE', *, *, #2147, .F. ) ;
#4883 = CARTESIAN_POINT ( 'NONE',  ( -1.562928387984999800, -0.2316351744243724300, -10.10000000000000100 ) ) ;
#4884 = CARTESIAN_POINT ( 'NONE',  ( 0.8603043499905429500, 1.627826947218140600, -11.14666666666666700 ) ) ;
#4885 = CARTESIAN_POINT ( 'NONE',  ( -1.072411882491595800, -0.2685360786181944500, -4.800000000000000700 ) ) ;
#4886 = CARTESIAN_POINT ( 'NONE',  ( 1.579999999999999800, 5.516540515372150100E-015, -6.700000000000002000 ) ) ;
#4887 = CARTESIAN_POINT ( 'NONE',  ( -1.344813680594695700, -0.2554004858295242900, -2.815750876241089000 ) ) ;
#4888 = ORIENTED_EDGE ( 'NONE', *, *, #3112, .F. ) ;
#4889 = CARTESIAN_POINT ( 'NONE',  ( 0.3519650521608531600, 1.544739452542746900, -11.01948547012353300 ) ) ;
#4890 = ORIENTED_EDGE ( 'NONE', *, *, #4482, .T. ) ;
#4891 = CARTESIAN_POINT ( 'NONE',  ( 1.790377221632847100, -0.2990764051673630000, -2.217763197652547800 ) ) ;
#4892 = ORIENTED_EDGE ( 'NONE', *, *, #2130, .F. ) ;
#4893 = CARTESIAN_POINT ( 'NONE',  ( -1.379849168932227200, 0.09548140052412119900, -10.66832223260568600 ) ) ;
#4894 = AXIS2_PLACEMENT_3D ( 'NONE', #5265, #2804, #297 ) ;
#4895 = ORIENTED_EDGE ( 'NONE', *, *, #3619, .T. ) ;
#4896 = EDGE_CURVE ( 'NONE', #2113, #2121, #1995, .T. ) ;
#4897 = CARTESIAN_POINT ( 'NONE',  ( -0.3281037880933654900, 1.540919224833002400, -11.16707577369831300 ) ) ;
#4898 = ORIENTED_EDGE ( 'NONE', *, *, #462, .F. ) ;
#4899 = EDGE_CURVE ( 'NONE', #1474, #1301, #2342, .T. ) ;
#4900 = LINE ( 'NONE', #2492, #3830 ) ;
#4901 = VECTOR ( 'NONE', #1246, 1000.000000000000000 ) ;
#4902 = CARTESIAN_POINT ( 'NONE',  ( -1.939455406587653000, 0.8000000241223718100, -13.31000000000000000 ) ) ;
#4903 = DIRECTION ( 'NONE',  ( -0.2740548792467021900, 0.0000000000000000000, 0.9617140547798370700 ) ) ;
#4904 = ORIENTED_EDGE ( 'NONE', *, *, #4025, .F. ) ;
#4905 = PLANE ( 'NONE',  #1294 ) ;
#4906 = CARTESIAN_POINT ( 'NONE',  ( 1.188075341996936300, 0.8000000000000000400, -13.57000000000000000 ) ) ;
#4907 = EDGE_LOOP ( 'NONE', ( #5137, #3137, #622, #141, #2454, #896, #2276, #4121, #810, #4716 ) ) ;
#4908 = ORIENTED_EDGE ( 'NONE', *, *, #4158, .T. ) ;
#4909 = CARTESIAN_POINT ( 'NONE',  ( 1.449999999999999700, 1.980000000000000000, -3.049999999999999800 ) ) ;
#4910 = CARTESIAN_POINT ( 'NONE',  ( 0.1669385274446890700, 1.908116100038902600, -10.53394882897433300 ) ) ;
#4911 = CARTESIAN_POINT ( 'NONE',  ( 0.0000000000000000000, 0.0000000000000000000, -20.87000000000000100 ) ) ;
#4912 = CIRCLE ( 'NONE', #2746, 1.379999999999999700 ) ;
#4913 = CARTESIAN_POINT ( 'NONE',  ( -0.3281037880933591100, 3.000000000000000000, -11.16707577369845300 ) ) ;
#4914 = CARTESIAN_POINT ( 'NONE',  ( -1.222859142790977400, -0.08503666083407741800, -3.020191948501754500 ) ) ;
#4915 = ORIENTED_EDGE ( 'NONE', *, *, #4872, .T. ) ;
#4916 = ORIENTED_EDGE ( 'NONE', *, *, #2670, .T. ) ;
#4917 = CARTESIAN_POINT ( 'NONE',  ( 1.222150226097197500, 0.06392403865290705000, -3.050000000004023700 ) ) ;
#4918 = DIRECTION ( 'NONE',  ( -0.0000000000000000000, -0.0000000000000000000, 1.000000000000000000 ) ) ;
#4919 = AXIS2_PLACEMENT_3D ( 'NONE', #2871, #1630, #4497 ) ;
#4920 = CARTESIAN_POINT ( 'NONE',  ( -1.435608696264750300, -0.2693832588869211100, -6.867652166138008800 ) ) ;
#4921 = CARTESIAN_POINT ( 'NONE',  ( 1.088397943611286300, -0.1593421361182369400, -1.307046315598956900E-016 ) ) ;
#4922 = DIRECTION ( 'NONE',  ( 1.000000000000000000, 0.0000000000000000000, -0.0000000000000000000 ) ) ;
#4923 = VECTOR ( 'NONE', #2869, 1000.000000000000200 ) ;
#4924 = CARTESIAN_POINT ( 'NONE',  ( 1.069730513626811600, -0.1625192884009304900, -3.050000000000836500 ) ) ;
#4925 = FILL_AREA_STYLE_COLOUR ( '', #146 ) ;
#4926 = CARTESIAN_POINT ( 'NONE',  ( 0.1184476786248464700, 1.353863161822765200, -16.17000000000000200 ) ) ;
#4928 = ORIENTED_EDGE ( 'NONE', *, *, #4563, .F. ) ;
#4927 = DIRECTION ( 'NONE',  ( -0.0000000000000000000, -0.0000000000000000000, 1.000000000000000000 ) ) ;
#4929 = CARTESIAN_POINT ( 'NONE',  ( -2.464999999999999900, 2.980000000000000000, -2.160000000000000100 ) ) ;
#4930 = ORIENTED_EDGE ( 'NONE', *, *, #2987, .T. ) ;
#4931 = CARTESIAN_POINT ( 'NONE',  ( 2.664999999999999600, 2.762174940136286500, 0.0000000000000000000 ) ) ;
#4932 = LINE ( 'NONE', #4866, #1636 ) ;
#4933 = CIRCLE ( 'NONE', #4205, 1.099999999999999600 ) ;
#4934 = CARTESIAN_POINT ( 'NONE',  ( 1.222150226097197500, 0.06392403865290705000, -3.050000000004023700 ) ) ;
#4935 = AXIS2_PLACEMENT_3D ( 'NONE', #5053, #65, #3007 ) ;
#4936 = CARTESIAN_POINT ( 'NONE',  ( -1.222150451240082000, 0.06392557650760818900, -3.049999999999999800 ) ) ;
#4937 = DIRECTION ( 'NONE',  ( 0.0000000000000000000, 0.0000000000000000000, -1.000000000000000000 ) ) ;
#4938 = DIRECTION ( 'NONE',  ( 0.0000000000000000000, -1.000000000000000000, 0.0000000000000000000 ) ) ;
#4939 = ORIENTED_EDGE ( 'NONE', *, *, #2581, .T. ) ;
#4940 = VERTEX_POINT ( 'NONE', #1223 ) ;
#4941 = CARTESIAN_POINT ( 'NONE',  ( 1.624764614360945300, -0.4401716245189262200, -2.159999999999999700 ) ) ;
#4942 = LINE ( 'NONE', #2079, #814 ) ;
#4943 = DIRECTION ( 'NONE',  ( 1.000000000000000000, 0.0000000000000000000, -0.0000000000000000000 ) ) ;
#4944 = CARTESIAN_POINT ( 'NONE',  ( -0.9343038399878821300, 0.8679352159056856800, -13.57000000000000200 ) ) ;
#4945 = CARTESIAN_POINT ( 'NONE',  ( -1.166325481635974900, -0.2822850879635877000, -5.200000000000001100 ) ) ;
#4946 = DIRECTION ( 'NONE',  ( -0.9999999999999995600, -2.933728240325675600E-008, 0.0000000000000000000 ) ) ;
#4947 = ORIENTED_EDGE ( 'NONE', *, *, #3385, .F. ) ;
#4948 = LINE ( 'NONE', #2317, #654 ) ;
#4949 = ORIENTED_EDGE ( 'NONE', *, *, #4772, .T. ) ;
#4950 = DIRECTION ( 'NONE',  ( 1.000000000000000000, 0.0000000000000000000, 0.0000000000000000000 ) ) ;
#4951 = LINE ( 'NONE', #5028, #1661 ) ;
#4952 = CARTESIAN_POINT ( 'NONE',  ( 1.486487804586676700, -0.3287903791687273300, -2.604999999999999500 ) ) ;
#4953 = EDGE_CURVE ( 'NONE', #2602, #4575, #1865, .T. ) ;
#4954 = DIRECTION ( 'NONE',  ( -1.000000000000000000, 0.0000000000000000000, 0.0000000000000000000 ) ) ;
#4955 = EDGE_LOOP ( 'NONE', ( #3366, #4016, #4326, #2785, #2123, #995 ) ) ;
#4956 = ADVANCED_FACE ( 'NONE', ( #2846 ), #1664, .T. ) ;
#4957 = ORIENTED_EDGE ( 'NONE', *, *, #424, .T. ) ;
#4958 = DIRECTION ( 'NONE',  ( 0.0000000000000000000, -0.0000000000000000000, 1.000000000000000000 ) ) ;
#4959 = CARTESIAN_POINT ( 'NONE',  ( 1.073681690390445800, -0.2598625642574751100, -4.200000000000000200 ) ) ;
#4960 = EDGE_CURVE ( 'NONE', #567, #1313, #3000, .T. ) ;
#4961 = DIRECTION ( 'NONE',  ( -0.9652067016005632100, 0.2614880937736198100, 0.0000000000000000000 ) ) ;
#4962 = EDGE_CURVE ( 'NONE', #4234, #558, #1765, .T. ) ;
#4963 = ORIENTED_EDGE ( 'NONE', *, *, #2460, .F. ) ;
#4964 = CARTESIAN_POINT ( 'NONE',  ( 1.219679438377712100, 1.772893218813452300, -6.099999999999999600 ) ) ;
#4965 = ORIENTED_EDGE ( 'NONE', *, *, #4216, .T. ) ;
#4966 = CARTESIAN_POINT ( 'NONE',  ( 1.187343211212311900, -0.1738277848562584700, -5.200000000000001100 ) ) ;
#4967 = DIRECTION ( 'NONE',  ( 0.0000000000000000000, 0.0000000000000000000, 1.000000000000000000 ) ) ;
#4968 = CARTESIAN_POINT ( 'NONE',  ( 1.180827403420239300, -0.2274718184261889900, -2.809135065109401400 ) ) ;
#4969 = CARTESIAN_POINT ( 'NONE',  ( 1.379999999999999700, 4.818244247603522600E-015, -10.48999999999999800 ) ) ;
#4970 = EDGE_CURVE ( 'NONE', #4013, #1998, #3962, .T. ) ;
#4971 = CARTESIAN_POINT ( 'NONE',  ( -1.562928387984999800, -0.2316351744243724300, -6.900000000000000400 ) ) ;
#4972 = ORIENTED_EDGE ( 'NONE', *, *, #761, .T. ) ;
#4973 = DIRECTION ( 'NONE',  ( 0.0000000000000000000, 0.0000000000000000000, 1.000000000000000000 ) ) ;
#4974 = CARTESIAN_POINT ( 'NONE',  ( -1.072411882491595600, -0.2685360786181955100, -3.799999999999999800 ) ) ;
#4975 = LINE ( 'NONE', #3050, #2756 ) ;
#4976 = LINE ( 'NONE', #2514, #1815 ) ;
#4977 = EDGE_CURVE ( 'NONE', #5004, #4322, #3831, .T. ) ;
#4978 = ORIENTED_EDGE ( 'NONE', *, *, #2239, .T. ) ;
#4979 = VERTEX_POINT ( 'NONE', #2944 ) ;
#4980 = LINE ( 'NONE', #3521, #1925 ) ;
#4981 = VECTOR ( 'NONE', #610, 1000.000000000000100 ) ;
#4982 = AXIS2_PLACEMENT_3D ( 'NONE', #552, #3450, #981 ) ;
#4983 = AXIS2_PLACEMENT_3D ( 'NONE', #5213, #4815, #2339 ) ;
#4984 = CARTESIAN_POINT ( 'NONE',  ( 0.1184476786248464800, 1.353863161822765400, -16.17000000000000200 ) ) ;
#4985 = VERTEX_POINT ( 'NONE', #3346 ) ;
#4986 = EDGE_CURVE ( 'NONE', #216, #3772, #506, .T. ) ;
#4987 = DIRECTION ( 'NONE',  ( -0.0000000000000000000, -0.0000000000000000000, 1.000000000000000000 ) ) ;
#4988 = CARTESIAN_POINT ( 'NONE',  ( -1.636581776783945900, -0.07786320607164852500, -2.160000000000000100 ) ) ;
#4989 = ADVANCED_FACE ( 'NONE', ( #620 ), #3764, .F. ) ;
#4990 = CARTESIAN_POINT ( 'NONE',  ( 1.805000000000001700, 0.01999999999999370000, -6.900000000000001200 ) ) ;
#4991 = CARTESIAN_POINT ( 'NONE',  ( 0.3281037880933589400, 1.540919224832991900, -11.16707577369845200 ) ) ;
#4992 = EDGE_LOOP ( 'NONE', ( #871, #2219, #406, #2578 ) ) ;
#4993 = DIRECTION ( 'NONE',  ( 0.0000000000000000000, 0.0000000000000000000, 1.000000000000000000 ) ) ;
#4994 = ORIENTED_EDGE ( 'NONE', *, *, #4014, .F. ) ;
#4995 = CARTESIAN_POINT ( 'NONE',  ( -1.450000000000000200, 1.620268339096388300, -3.049999999999999800 ) ) ;
#4996 =( BOUNDED_SURFACE ( )  B_SPLINE_SURFACE ( 3, 2, ( 
 ( #2740, #227, #671 ),
 ( #3556, #1077, #3988 ),
 ( #1488, #4367, #1929 ),
 ( #4799, #2316, #5216 ) ),
 .UNSPECIFIED., .F., .F., .F. ) 
 B_SPLINE_SURFACE_WITH_KNOTS ( ( 4, 4 ),
 ( 3, 3 ),
 ( 0.0006874780299381709100, 0.001214702214913590800 ),
 ( 0.0000000000000000000, 1.000000000000000000 ),
 .UNSPECIFIED. ) 
 GEOMETRIC_REPRESENTATION_ITEM ( )  RATIONAL_B_SPLINE_SURFACE ( (
 ( 1.000000000000000000, 0.6207401683266657900, 1.000000000000000000),
 ( 1.000000000000000000, 0.6300069765699264400, 1.000000000000000000),
 ( 1.000000000000000000, 0.6393127489781491600, 1.000000000000000000),
 ( 1.000000000000000000, 0.6485931647897911200, 1.000000000000000000) ) ) 
 REPRESENTATION_ITEM ( '' )  SURFACE ( )  );
#4997 = DIRECTION ( 'NONE',  ( -0.0000000000000000000, -0.0000000000000000000, -1.000000000000000000 ) ) ;
#4998 = CARTESIAN_POINT ( 'NONE',  ( 0.6581280284679177400, 7.522437787302080500, -3.976490914214797700 ) ) ;
#4999 = AXIS2_PLACEMENT_3D ( 'NONE', #623, #3519, #1036 ) ;
#5000 = ORIENTED_EDGE ( 'NONE', *, *, #4960, .T. ) ;
#5001 = LINE ( 'NONE', #2374, #1833 ) ;
#5002 = CARTESIAN_POINT ( 'NONE',  ( -0.8798276833061962100, 0.7999999930357736300, -16.17000000000000500 ) ) ;
#5003 = B_SPLINE_SURFACE_WITH_KNOTS ( 'NONE', 3, 3, ( 
 ( #1705, #4570, #2533, #35 ),
 ( #2968, #448, #3360, #895 ),
 ( #3784, #1284, #4194, #1729 ),
 ( #4590, #2131, #5031, #2548 ),
 ( #48, #2985, #468, #3380 ),
 ( #911, #3805, #1300, #4210 ),
 ( #1751, #4602, #2150, #5049 ),
 ( #2569, #61, #3004, #490 ),
 ( #3395, #925, #3823, #1320 ),
 ( #4222, #1769, #4623, #2163 ) ),
 .UNSPECIFIED., .F., .F., .F.,
 ( 4, 3, 1, 1, 1, 4 ),
 ( 4, 4 ),
 ( 0.4795655452766082700, 0.5000000000000000000, 0.6195983361826860000, 0.7391966723653720100, 0.8587950085480580100, 0.9783933447307440200 ),
 ( 0.0000000000000000000, 1.000000000000000000 ),
 .UNSPECIFIED. ) ;
#5004 = VERTEX_POINT ( 'NONE', #32 ) ;
#5005 = VERTEX_POINT ( 'NONE', #2967 ) ;
#5006 = CARTESIAN_POINT ( 'NONE',  ( 1.449999999999999700, 1.620268339096389000, -6.079921653030095500 ) ) ;
#5007 = EDGE_CURVE ( 'NONE', #1920, #718, #770, .T. ) ;
#5008 = CARTESIAN_POINT ( 'NONE',  ( 1.073681690390445400, -0.2598625642574757300, -5.799999999999999800 ) ) ;
#5009 = VECTOR ( 'NONE', #857, 1000.000000000000000 ) ;
#5010 = CARTESIAN_POINT ( 'NONE',  ( 0.0000000000000000000, 0.0000000000000000000, -16.17000000000000200 ) ) ;
#5011 = CARTESIAN_POINT ( 'NONE',  ( -0.1913422257335979100, 1.547135363186102200, -14.14684361907651100 ) ) ;
#5012 = DIRECTION ( 'NONE',  ( -1.000000000000000000, 0.0000000000000000000, 0.0000000000000000000 ) ) ;
#5013 = ORIENTED_EDGE ( 'NONE', *, *, #2725, .T. ) ;
#5014 = ORIENTED_EDGE ( 'NONE', *, *, #3232, .F. ) ;
#5015 = DIRECTION ( 'NONE',  ( 0.2740548739561974900, 8.040025356153330600E-009, 0.9617140562874460000 ) ) ;
#5016 = ORIENTED_EDGE ( 'NONE', *, *, #3465, .F. ) ;
#5017 = B_SPLINE_SURFACE_WITH_KNOTS ( 'NONE', 3, 1, ( 
 ( #1526, #4402 ),
 ( #288, #3201 ),
 ( #726, #3613 ),
 ( #1132, #4043 ),
 ( #1551, #4428 ),
 ( #1986, #4859 ),
 ( #2380, #5273 ),
 ( #2818, #311 ),
 ( #3224, #753 ),
 ( #3641, #1154 ) ),
 .UNSPECIFIED., .F., .F., .F.,
 ( 4, 2, 2, 2, 4 ),
 ( 2, 2 ),
 ( 0.0000000000000000000, 0.2500000000000000600, 0.5000000000000001100, 0.7500000000000002200, 1.000000000000000000 ),
 ( 0.0000000000000000000, 1.000000000000000000 ),
 .UNSPECIFIED. ) ;
#5018 = AXIS2_PLACEMENT_3D ( 'NONE', #3279, #807, #3695 ) ;
#5019 = ADVANCED_FACE ( 'NONE', ( #3682 ), #4633, .T. ) ;
#5020 = AXIS2_PLACEMENT_3D ( 'NONE', #1083, #5224, #2766 ) ;
#5021 = AXIS2_PLACEMENT_3D ( 'NONE', #3739, #1241, #4154 ) ;
#5022 = EDGE_CURVE ( 'NONE', #2113, #909, #364, .T. ) ;
#5023 = ORIENTED_EDGE ( 'NONE', *, *, #4411, .F. ) ;
#5024 = FACE_OUTER_BOUND ( 'NONE', #2779, .T. ) ;
#5025 = FACE_OUTER_BOUND ( 'NONE', #4955, .T. ) ;
#5026 = ORIENTED_EDGE ( 'NONE', *, *, #3115, .T. ) ;
#5027 = EDGE_CURVE ( 'NONE', #3099, #5052, #2592, .T. ) ;
#5028 = CARTESIAN_POINT ( 'NONE',  ( 0.0000000000000000000, 0.0000000000000000000, -6.900000000000001200 ) ) ;
#5029 = LINE ( 'NONE', #2588, #1569 ) ;
#5030 = CARTESIAN_POINT ( 'NONE',  ( -0.1202749249917591100, 1.374748683366609400, -20.87000000000000100 ) ) ;
#5031 = CARTESIAN_POINT ( 'NONE',  ( -0.7652850877162884500, 1.494256168217047400, -10.68999999999999800 ) ) ;
#5032 = ORIENTED_EDGE ( 'NONE', *, *, #2982, .F. ) ;
#5033 = CIRCLE ( 'NONE', #4313, 1.099999999999999600 ) ;
#5034 = CARTESIAN_POINT ( 'NONE',  ( -1.208207096797702300, -0.2321570871216563900, -2.810247586864703400 ) ) ;
#5035 = DIRECTION ( 'NONE',  ( 1.000000000000000000, 0.0000000000000000000, 0.0000000000000000000 ) ) ;
#5036 = B_SPLINE_CURVE_WITH_KNOTS ( 'NONE', 3,
 ( #4149, #2936, #3332, #864 ),
 .UNSPECIFIED., .F., .F.,
 ( 4, 4 ),
 ( 0.4205989254822230000, 1.000000000000000000 ),
 .UNSPECIFIED. ) ;
#5037 = CARTESIAN_POINT ( 'NONE',  ( 1.073681690390444900, -0.2598625642574756700, -5.500000000000000000 ) ) ;
#5038 = CARTESIAN_POINT ( 'NONE',  ( 1.594208267448138400, -0.2300000000000055900, -6.900000000000001200 ) ) ;
#5039 = DIRECTION ( 'NONE',  ( -0.0000000000000000000, -0.0000000000000000000, -1.000000000000000000 ) ) ;
#5040 = ORIENTED_EDGE ( 'NONE', *, *, #4654, .F. ) ;
#5041 = ORIENTED_EDGE ( 'NONE', *, *, #4132, .T. ) ;
#5042 = EDGE_CURVE ( 'NONE', #1898, #2728, #1442, .T. ) ;
#5043 = CARTESIAN_POINT ( 'NONE',  ( 1.939455423749647700, -0.7999999999999997100, -13.31000000000000000 ) ) ;
#5044 = AXIS2_PLACEMENT_3D ( 'NONE', #2378, #751, #3638 ) ;
#5045 = DIRECTION ( 'NONE',  ( 1.000000000000000000, 0.0000000000000000000, 0.0000000000000000000 ) ) ;
#5046 =( GEOMETRIC_REPRESENTATION_CONTEXT ( 3 ) GLOBAL_UNCERTAINTY_ASSIGNED_CONTEXT ( ( #1824 ) ) GLOBAL_UNIT_ASSIGNED_CONTEXT ( ( #2691, #3107, #621 ) ) REPRESENTATION_CONTEXT ( 'NONE', 'WORKASPACE' ) );
#5047 = ORIENTED_EDGE ( 'NONE', *, *, #3044, .F. ) ;
#5048 = ORIENTED_EDGE ( 'NONE', *, *, #119, .T. ) ;
#5049 = CARTESIAN_POINT ( 'NONE',  ( -0.1205638821283358100, 1.378051478550937000, -13.42999999999998900 ) ) ;
#5050 = DIRECTION ( 'NONE',  ( -1.000000000000000000, 0.0000000000000000000, 0.0000000000000000000 ) ) ;
#5051 = ADVANCED_FACE ( 'NONE', ( #1448 ), #4496, .T. ) ;
#5052 = VERTEX_POINT ( 'NONE', #4881 ) ;
#5053 = CARTESIAN_POINT ( 'NONE',  ( 1.379999999999999400, 0.0000000000000000000, -10.69000000000000000 ) ) ;
#5054 = CARTESIAN_POINT ( 'NONE',  ( 0.1913422033238224600, 1.547135317035790200, -14.14684410734183300 ) ) ;
#5055 = EDGE_CURVE ( 'NONE', #1825, #5131, #206, .T. ) ;
#5056 = CYLINDRICAL_SURFACE ( 'NONE', #2683, 0.5000000000000000000 ) ;
#5057 = AXIS2_PLACEMENT_3D ( 'NONE', #1208, #2881, #5325 ) ;
#5058 = VECTOR ( 'NONE', #1209, 1000.000000000000000 ) ;
#5059 = ORIENTED_EDGE ( 'NONE', *, *, #920, .F. ) ;
#5060 = VERTEX_POINT ( 'NONE', #2836 ) ;
#5061 = ORIENTED_EDGE ( 'NONE', *, *, #3430, .F. ) ;
#5062 = CARTESIAN_POINT ( 'NONE',  ( 1.046135746449761600, -0.9000000000000000200, -13.57000000000000000 ) ) ;
#5063 = LINE ( 'NONE', #2979, #1873 ) ;
#5064 = DIRECTION ( 'NONE',  ( 1.000000000000000000, -3.491481338843132600E-015, 0.0000000000000000000 ) ) ;
#5065 = ORIENTED_EDGE ( 'NONE', *, *, #884, .F. ) ;
#5066 = CARTESIAN_POINT ( 'NONE',  ( 0.0000000000000000000, 0.0000000000000000000, -3.049999999999999800 ) ) ;
#5067 = CARTESIAN_POINT ( 'NONE',  ( -0.8856026994332060200, 0.7999999952472732800, -16.05506526503360800 ) ) ;
#5068 = CARTESIAN_POINT ( 'NONE',  ( 0.9305708957669742700, 0.7999999999999825000, -15.07374054336427700 ) ) ;
#5069 = DIRECTION ( 'NONE',  ( -0.9894526760102604300, -0.1448564873802154800, -0.0000000000000000000 ) ) ;
#5070 = CARTESIAN_POINT ( 'NONE',  ( 0.0000000000000000000, 0.0000000000000000000, -5.200000000000001100 ) ) ;
#5071 = DIRECTION ( 'NONE',  ( -1.000000000000000000, 0.0000000000000000000, 0.0000000000000000000 ) ) ;
#5072 = EDGE_CURVE ( 'NONE', #2636, #1112, #1342, .T. ) ;
#5073 = CARTESIAN_POINT ( 'NONE',  ( 0.3281037880933626600, 1.782112582192539200, -11.16707577369837700 ) ) ;
#5074 = LINE ( 'NONE', #4107, #3701 ) ;
#5075 = B_SPLINE_CURVE_WITH_KNOTS ( 'NONE', 3,
 ( #1102, #1513, #274, #3192 ),
 .UNSPECIFIED., .F., .F.,
 ( 4, 4 ),
 ( 0.6113138686131390800, 1.000000000000000000 ),
 .UNSPECIFIED. ) ;
#5076 = ORIENTED_EDGE ( 'NONE', *, *, #5263, .F. ) ;
#5077 = ORIENTED_EDGE ( 'NONE', *, *, #4370, .F. ) ;
#5078 = CARTESIAN_POINT ( 'NONE',  ( -1.104888821544790500, -0.1617564109079068500, -3.049999999999999800 ) ) ;
#5079 = EDGE_CURVE ( 'NONE', #2586, #2162, #3272, .T. ) ;
#5080 = CIRCLE ( 'NONE', #4645, 1.199999999999999700 ) ;
#5081 = VECTOR ( 'NONE', #2618, 1000.000000000000000 ) ;
#5082 = EDGE_CURVE ( 'NONE', #602, #195, #1605, .T. ) ;
#5083 = CARTESIAN_POINT ( 'NONE',  ( 1.374143825337653400, 0.2000000000000611000, -10.69000000000000000 ) ) ;
#5084 = CARTESIAN_POINT ( 'NONE',  ( 1.449999999999999700, 1.620268339096389000, -3.049999999999999800 ) ) ;
#5085 = CARTESIAN_POINT ( 'NONE',  ( -1.166325481635974900, -0.2822850879635867000, -3.500000000000000000 ) ) ;
#5086 = CARTESIAN_POINT ( 'NONE',  ( -1.088397943611286500, -0.1593421361182369400, 0.0000000000000000000 ) ) ;
#5087 = VERTEX_POINT ( 'NONE', #3661 ) ;
#5088 = ORIENTED_EDGE ( 'NONE', *, *, #3969, .T. ) ;
#5089 = CARTESIAN_POINT ( 'NONE',  ( -1.374143825337888600, 0.1999999999969577200, -10.69000000000000000 ) ) ;
#5090 = LINE ( 'NONE', #5348, #1792 ) ;
#5091 = ORIENTED_EDGE ( 'NONE', *, *, #1296, .T. ) ;
#5092 = CYLINDRICAL_SURFACE ( 'NONE', #5096, 0.5000000000000000000 ) ;
#5093 = ORIENTED_EDGE ( 'NONE', *, *, #1053, .T. ) ;
#5094 = FACE_OUTER_BOUND ( 'NONE', #3750, .T. ) ;
#5095 = AXIS2_PLACEMENT_3D ( 'NONE', #2406, #5293, #2844 ) ;
#5096 = AXIS2_PLACEMENT_3D ( 'NONE', #1991, #4434, #1895 ) ;
#5097 = DIRECTION ( 'NONE',  ( -3.491998357141312700E-015, -1.000000000000000000, 0.0000000000000000000 ) ) ;
#5098 = EDGE_CURVE ( 'NONE', #2955, #1381, #2287, .T. ) ;
#5099 = EDGE_CURVE ( 'NONE', #2636, #934, #3296, .T. ) ;
#5100 = CARTESIAN_POINT ( 'NONE',  ( -0.1302347367737692300, 1.488589852960654300, -14.80000000000001000 ) ) ;
#5101 = VERTEX_POINT ( 'NONE', #4101 ) ;
#5102 = CARTESIAN_POINT ( 'NONE',  ( 1.939455406587652800, 0.8000000241223719200, -13.31000000000000000 ) ) ;
#5103 = CARTESIAN_POINT ( 'NONE',  ( 1.129999999999999900, 0.0000000000000000000, -10.53394876014005500 ) ) ;
#5104 = VERTEX_POINT ( 'NONE', #1624 ) ;
#5105 = ORIENTED_EDGE ( 'NONE', *, *, #3474, .T. ) ;
#5106 = CARTESIAN_POINT ( 'NONE',  ( 0.7980601481091491600, -0.7999999999999998200, -16.17000000000000200 ) ) ;
#5107 = ORIENTED_EDGE ( 'NONE', *, *, #587, .T. ) ;
#5108 = CARTESIAN_POINT ( 'NONE',  ( -1.379999999999999400, 0.0000000000000000000, -10.69000000000000000 ) ) ;
#5109 = FACE_OUTER_BOUND ( 'NONE', #1278, .T. ) ;
#5110 = FACE_OUTER_BOUND ( 'NONE', #2334, .T. ) ;
#5111 = ORIENTED_EDGE ( 'NONE', *, *, #679, .F. ) ;
#5112 = ORIENTED_EDGE ( 'NONE', *, *, #920, .T. ) ;
#5113 = CARTESIAN_POINT ( 'NONE',  ( 1.380000000013882300, -0.1469381312375129500, -16.17000000000000200 ) ) ;
#5114 = VECTOR ( 'NONE', #4641, 1000.000000000000000 ) ;
#5115 = LINE ( 'NONE', #4328, #2649 ) ;
#5116 = CARTESIAN_POINT ( 'NONE',  ( 1.219978018017146400, 0.7911052590277885000, -11.14666666666666700 ) ) ;
#5117 = CARTESIAN_POINT ( 'NONE',  ( 1.129999999083189300, -0.1562883522656855200, -16.17000000000000200 ) ) ;
#5118 = AXIS2_PLACEMENT_3D ( 'NONE', #3315, #4146, #1674 ) ;
#5119 = ORIENTED_EDGE ( 'NONE', *, *, #4896, .F. ) ;
#5120 = VERTEX_POINT ( 'NONE', #5332 ) ;
#5121 = CARTESIAN_POINT ( 'NONE',  ( -1.395778303521630000, 0.8955030000575368000, -10.45592324347367200 ) ) ;
#5122 = CARTESIAN_POINT ( 'NONE',  ( -0.5730397898019171700, 1.435920873106477000, -10.75447863171169700 ) ) ;
#5123 = VECTOR ( 'NONE', #4806, 1000.000000000000000 ) ;
#5124 = CARTESIAN_POINT ( 'NONE',  ( 0.7417109714184431100, 1.224802785941272700, -14.80000000000001700 ) ) ;
#5125 = ORIENTED_EDGE ( 'NONE', *, *, #1495, .T. ) ;
#5126 = EDGE_CURVE ( 'NONE', #4500, #5164, #2195, .T. ) ;
#5127 = CARTESIAN_POINT ( 'NONE',  ( 1.449999999999999700, 1.980000000000000000, -3.549999999999999800 ) ) ;
#5128 = EDGE_LOOP ( 'NONE', ( #2197, #5363, #4837, #4723 ) ) ;
#5129 = ORIENTED_EDGE ( 'NONE', *, *, #3559, .F. ) ;
#5130 = ORIENTED_EDGE ( 'NONE', *, *, #4835, .T. ) ;
#5131 = VERTEX_POINT ( 'NONE', #3704 ) ;
#5132 = EDGE_CURVE ( 'NONE', #1394, #4606, #4344, .T. ) ;
#5133 = ADVANCED_FACE ( 'NONE', ( #1062 ), #710, .F. ) ;
#5134 = ORIENTED_EDGE ( 'NONE', *, *, #1353, .F. ) ;
#5135 = CIRCLE ( 'NONE', #3061, 1.129999999999999700 ) ;
#5136 = LINE ( 'NONE', #1152, #728 ) ;
#5137 = ORIENTED_EDGE ( 'NONE', *, *, #4025, .T. ) ;
#5138 = EDGE_CURVE ( 'NONE', #5087, #1724, #1836, .T. ) ;
#5139 = CARTESIAN_POINT ( 'NONE',  ( -5.200000000000001100, -0.9000000000000000200, -12.82000000000000000 ) ) ;
#5140 = LINE ( 'NONE', #4228, #2806 ) ;
#5141 = ORIENTED_EDGE ( 'NONE', *, *, #1059, .F. ) ;
#5142 = ORIENTED_EDGE ( 'NONE', *, *, #2377, .T. ) ;
#5143 = CARTESIAN_POINT ( 'NONE',  ( 1.171357150092621400, -0.2830217273562170600, -3.799999999999999800 ) ) ;
#5144 = EDGE_CURVE ( 'NONE', #3686, #1920, #2789, .T. ) ;
#5145 = EDGE_CURVE ( 'NONE', #1377, #3531, #3911, .T. ) ;
#5146 = ORIENTED_EDGE ( 'NONE', *, *, #4821, .T. ) ;
#5147 = B_SPLINE_CURVE_WITH_KNOTS ( 'NONE', 3,
 ( #1939, #1500, #222, #2336, #5230, #2769 ),
 .UNSPECIFIED., .F., .F.,
 ( 4, 2, 4 ),
 ( 1.301042606982605300E-018, 0.0001563440301961402300, 0.0003126880603922791600 ),
 .UNSPECIFIED. ) ;
#5148 = CARTESIAN_POINT ( 'NONE',  ( 0.0000000000000000000, 0.0000000000000000000, -16.17000000000000200 ) ) ;
#5149 = VERTEX_POINT ( 'NONE', #1230 ) ;
#5150 = CARTESIAN_POINT ( 'NONE',  ( -1.092680976481119600, 0.6519031452044971000, -12.81999999999999900 ) ) ;
#5151 = ADVANCED_FACE ( 'NONE', ( #2666 ), #2081, .F. ) ;
#5152 = EDGE_CURVE ( 'NONE', #106, #993, #1549, .T. ) ;
#5153 = VECTOR ( 'NONE', #353, 1000.000000000000000 ) ;
#5154 = VECTOR ( 'NONE', #5304, 1000.000000000000000 ) ;
#5155 = CARTESIAN_POINT ( 'NONE',  ( 0.7980601574949717200, 0.7999999906369366100, -16.17000000000000200 ) ) ;
#5156 = ORIENTED_EDGE ( 'NONE', *, *, #170, .F. ) ;
#5157 = CONICAL_SURFACE ( 'NONE', #1069, 1.379999999999999700, 0.1399874452130812600 ) ;
#5158 = ORIENTED_EDGE ( 'NONE', *, *, #1059, .T. ) ;
#5159 = AXIS2_PLACEMENT_3D ( 'NONE', #4423, #1982, #4857 ) ;
#5160 = CARTESIAN_POINT ( 'NONE',  ( 1.131283753600889500, 0.9000000000000000200, -13.57000000000000000 ) ) ;
#5161 = EDGE_CURVE ( 'NONE', #1566, #3873, #3789, .T. ) ;
#5162 = EDGE_CURVE ( 'NONE', #4399, #3267, #586, .T. ) ;
#5163 = VECTOR ( 'NONE', #1524, 1000.000000000000000 ) ;
#5164 = VERTEX_POINT ( 'NONE', #3745 ) ;
#5165 = DIRECTION ( 'NONE',  ( 1.000000000000000000, -0.0000000000000000000, -0.0000000000000000000 ) ) ;
#5166 = ADVANCED_FACE ( 'NONE', ( #461 ), #1165, .T. ) ;
#5167 = ORIENTED_EDGE ( 'NONE', *, *, #1407, .T. ) ;
#5168 = CYLINDRICAL_SURFACE ( 'NONE', #4340, 1.379999999999999700 ) ;
#5169 =( NAMED_UNIT ( * ) PLANE_ANGLE_UNIT ( ) SI_UNIT ( $, .RADIAN. ) );
#5170 = CARTESIAN_POINT ( 'NONE',  ( 1.249999999999999600, 1.480000000000000000, -5.599999999999998800 ) ) ;
#5171 = AXIS2_PLACEMENT_3D ( 'NONE', #425, #3336, #867 ) ;
#5172 = EDGE_LOOP ( 'NONE', ( #1529, #2795, #4540 ) ) ;
#5173 = CARTESIAN_POINT ( 'NONE',  ( 1.309528219689541700, -0.4353571428571474400, -10.30000000000000200 ) ) ;
#5174 = VERTEX_POINT ( 'NONE', #2124 ) ;
#5175 = CARTESIAN_POINT ( 'NONE',  ( 1.449999999999999700, 1.480000000000000000, -5.599999999999998800 ) ) ;
#5176 = CARTESIAN_POINT ( 'NONE',  ( -1.129999999999999700, 1.383850883036508800E-016, 0.0000000000000000000 ) ) ;
#5177 = VERTEX_POINT ( 'NONE', #5008 ) ;
#5178 = LINE ( 'NONE', #3139, #3033 ) ;
#5179 = ORIENTED_EDGE ( 'NONE', *, *, #4134, .F. ) ;
#5180 = DIRECTION ( 'NONE',  ( 1.000000000000000000, 9.769962616701377600E-015, 0.0000000000000000000 ) ) ;
#5181 = LINE ( 'NONE', #3600, #4116 ) ;
#5182 = CARTESIAN_POINT ( 'NONE',  ( -1.518053422911801900, -0.2707171159238090900, -2.245368947910869800 ) ) ;
#5183 = AXIS2_PLACEMENT_3D ( 'NONE', #756, #2822, #314 ) ;
#5184 = ORIENTED_EDGE ( 'NONE', *, *, #2036, .F. ) ;
#5185 = AXIS2_PLACEMENT_3D ( 'NONE', #469, #3381, #912 ) ;
#5186 = ORIENTED_EDGE ( 'NONE', *, *, #1502, .T. ) ;
#5187 = ADVANCED_FACE ( 'NONE', ( #3501 ), #2515, .T. ) ;
#5188 = DIRECTION ( 'NONE',  ( -0.0000000000000000000, 0.0000000000000000000, -1.000000000000000000 ) ) ;
#5189 = ORIENTED_EDGE ( 'NONE', *, *, #2036, .T. ) ;
#5190 = VERTEX_POINT ( 'NONE', #4573 ) ;
#5191 = DIRECTION ( 'NONE',  ( -0.1395306826824032600, 0.0000000000000000000, -0.9902177480686672500 ) ) ;
#5192 = DIRECTION ( 'NONE',  ( -1.000000000000000000, 0.0000000000000000000, 0.0000000000000000000 ) ) ;
#5193 = DIRECTION ( 'NONE',  ( 0.9999999999999995600, 2.933728273543135700E-008, 0.0000000000000000000 ) ) ;
#5194 = EDGE_CURVE ( 'NONE', #4679, #3873, #1416, .T. ) ;
#5195 = LINE ( 'NONE', #3438, #4137 ) ;
#5196 = CARTESIAN_POINT ( 'NONE',  ( -1.166325481635975200, -0.2822850879635867600, -4.200000000000000200 ) ) ;
#5197 = CARTESIAN_POINT ( 'NONE',  ( 1.141644903989800200, 0.2000000000000040900, -10.68999999999999600 ) ) ;
#5198 = LINE ( 'NONE', #3742, #1918 ) ;
#5199 = VERTEX_POINT ( 'NONE', #2536 ) ;
#5200 = ORIENTED_EDGE ( 'NONE', *, *, #2599, .F. ) ;
#5201 = CARTESIAN_POINT ( 'NONE',  ( 1.222150226097197500, 0.06392403865290705000, -3.050000000004023700 ) ) ;
#5202 = EDGE_CURVE ( 'NONE', #3487, #2674, #310, .T. ) ;
#5203 = VECTOR ( 'NONE', #1774, 1000.000000000000000 ) ;
#5204 = VECTOR ( 'NONE', #967, 1000.000000000000000 ) ;
#5205 = CARTESIAN_POINT ( 'NONE',  ( -1.379999999999999700, 1.690012582823347100E-016, -20.87000000000000100 ) ) ;
#5206 = EDGE_CURVE ( 'NONE', #3133, #4634, #2390, .T. ) ;
#5207 = ORIENTED_EDGE ( 'NONE', *, *, #982, .F. ) ;
#5208 = CARTESIAN_POINT ( 'NONE',  ( -1.544330722560900400, -0.4183809500377925800, 0.0000000000000000000 ) ) ;
#5209 = CARTESIAN_POINT ( 'NONE',  ( 0.9775154152775928900, -0.04451975317740886800, -3.018605024817342800 ) ) ;
#5210 = ADVANCED_FACE ( 'NONE', ( #4600 ), #927, .F. ) ;
#5211 = CARTESIAN_POINT ( 'NONE',  ( -1.166325481635975200, -0.2822850879635867600, -4.800000000000000700 ) ) ;
#5212 = EDGE_CURVE ( 'NONE', #1795, #5174, #2260, .T. ) ;
#5213 = CARTESIAN_POINT ( 'NONE',  ( 1.088397943611286500, -0.1593421361182369400, 0.0000000000000000000 ) ) ;
#5214 = CARTESIAN_POINT ( 'NONE',  ( 0.0000000000000000000, 0.0000000000000000000, -21.96999999999999900 ) ) ;
#5215 = ORIENTED_EDGE ( 'NONE', *, *, #631, .F. ) ;
#5216 = CARTESIAN_POINT ( 'NONE',  ( 1.305148529108281200, -0.3080276435926947400, -2.507596143952777200 ) ) ;
#5217 = CARTESIAN_POINT ( 'NONE',  ( -1.884123298228453900, -0.1321417632804070300, -2.160000000000000600 ) ) ;
#5218 = EDGE_CURVE ( 'NONE', #4030, #2405, #4232, .T. ) ;
#5219 = MANIFOLD_SOLID_BREP ( 'Fillet10', #4208 ) ;
#5220 = CARTESIAN_POINT ( 'NONE',  ( 1.594208267448138400, -0.2300000000000055600, -9.455654789600558100E-033 ) ) ;
#5221 = CARTESIAN_POINT ( 'NONE',  ( -1.187343211212311700, -0.1738277848562581300, -3.049999999999999800 ) ) ;
#5222 = LINE ( 'NONE', #5344, #989 ) ;
#5223 = AXIS2_PLACEMENT_3D ( 'NONE', #496, #3010, #4229 ) ;
#5224 = DIRECTION ( 'NONE',  ( 0.0000000000000000000, 0.0000000000000000000, 1.000000000000000000 ) ) ;
#5225 = ORIENTED_EDGE ( 'NONE', *, *, #3511, .T. ) ;
#5226 = EDGE_CURVE ( 'NONE', #1051, #2282, #1887, .T. ) ;
#5227 = CARTESIAN_POINT ( 'NONE',  ( -1.325349107341955900, -0.3877688600385690300, -10.25482167275273300 ) ) ;
#5228 = EDGE_LOOP ( 'NONE', ( #573, #2662, #820, #3048 ) ) ;
#5229 = DIRECTION ( 'NONE',  ( 0.0000000000000000000, -0.0000000000000000000, -1.000000000000000000 ) ) ;
#5230 = CARTESIAN_POINT ( 'NONE',  ( -1.130000093274090600, 8.251047566948340900E-007, -10.54287109885609100 ) ) ;
#5231 = DIRECTION ( 'NONE',  ( 0.9719379013633129300, 0.2352375733029890000, -0.0000000000000000000 ) ) ;
#5232 = CARTESIAN_POINT ( 'NONE',  ( -1.176799688912705300, 1.480000000000000000, -3.049999999999999800 ) ) ;
#5233 = DIRECTION ( 'NONE',  ( 0.0000000000000000000, 0.0000000000000000000, 1.000000000000000000 ) ) ;
#5234 = ORIENTED_EDGE ( 'NONE', *, *, #804, .F. ) ;
#5235 = EDGE_LOOP ( 'NONE', ( #5215, #3085, #4338, #2444, #2413 ) ) ;
#5236 = PLANE ( 'NONE',  #3442 ) ;
#5237 = DIRECTION ( 'NONE',  ( 0.0000000000000000000, 0.0000000000000000000, -1.000000000000000000 ) ) ;
#5238 = ADVANCED_FACE ( 'NONE', ( #4448 ), #530, .F. ) ;
#5239 = VERTEX_POINT ( 'NONE', #1355 ) ;
#5240 = VERTEX_POINT ( 'NONE', #4256 ) ;
#5241 = FACE_OUTER_BOUND ( 'NONE', #3473, .T. ) ;
#5242 = VERTEX_POINT ( 'NONE', #2604 ) ;
#5243 = DIRECTION ( 'NONE',  ( 1.355252715606880300E-016, 0.0000000000000000000, 1.000000000000000000 ) ) ;
#5244 = CARTESIAN_POINT ( 'NONE',  ( -0.9759815436271610500, 0.1082971868380553800, -3.050000000001067000 ) ) ;
#5245 = AXIS2_PLACEMENT_3D ( 'NONE', #2238, #4717, #2253 ) ;
#5246 = VECTOR ( 'NONE', #3368, 1000.000000000000000 ) ;
#5247 = EDGE_LOOP ( 'NONE', ( #2112, #2992, #4346, #4071 ) ) ;
#5248 = DIRECTION ( 'NONE',  ( 1.000000000000000000, -0.0000000000000000000, -0.0000000000000000000 ) ) ;
#5249 = CARTESIAN_POINT ( 'NONE',  ( 1.073681690390445100, -0.2598625642574757300, -3.500000000000000400 ) ) ;
#5250 = CARTESIAN_POINT ( 'NONE',  ( 1.443317834428720100, 1.574625325617178500, -3.056738107679467300 ) ) ;
#5251 = ORIENTED_EDGE ( 'NONE', *, *, #1009, .T. ) ;
#5252 = EDGE_CURVE ( 'NONE', #3900, #1254, #1164, .T. ) ;
#5253 = DIRECTION ( 'NONE',  ( 1.000000000000000000, 0.0000000000000000000, 0.0000000000000000000 ) ) ;
#5254 = DIRECTION ( 'NONE',  ( -0.0000000000000000000, -0.0000000000000000000, 1.000000000000000000 ) ) ;
#5255 = DIRECTION ( 'NONE',  ( -0.0000000000000000000, -0.0000000000000000000, -1.000000000000000000 ) ) ;
#5256 = CARTESIAN_POINT ( 'NONE',  ( -2.665000000000000500, 2.980000000000000000, -2.160000000000000100 ) ) ;
#5257 = ORIENTED_EDGE ( 'NONE', *, *, #2459, .T. ) ;
#5258 = CARTESIAN_POINT ( 'NONE',  ( -2.170977006148287400, -0.2936944207337418000, -13.31000000000000200 ) ) ;
#5259 = AXIS2_PLACEMENT_3D ( 'NONE', #4455, #4480, #2030 ) ;
#5260 = AXIS2_PLACEMENT_3D ( 'NONE', #2897, #4958, #2478 ) ;
#5261 = EDGE_CURVE ( 'NONE', #1203, #589, #3959, .T. ) ;
#5262 = CARTESIAN_POINT ( 'NONE',  ( -1.185329850718443300, 0.5027582406927372200, -3.200000000000000200 ) ) ;
#5263 = EDGE_CURVE ( 'NONE', #4511, #4985, #643, .T. ) ;
#5264 = CARTESIAN_POINT ( 'NONE',  ( 0.9376972083717507500, 0.9000000000000000200, -12.82000000000000000 ) ) ;
#5265 = CARTESIAN_POINT ( 'NONE',  ( 0.3499999999999999800, 3.000000000000000000, -10.68999999999999800 ) ) ;
#5266 = CARTESIAN_POINT ( 'NONE',  ( 1.429593492951035900, -0.3346490941155120800, -2.512793708703822100 ) ) ;
#5267 = CARTESIAN_POINT ( 'NONE',  ( 1.881069649684759400, -0.1314743147602323900, -2.160000000000000100 ) ) ;
#5268 = CARTESIAN_POINT ( 'NONE',  ( 1.124455423749646200, -0.8000000000000018200, -1.000802005371237100E-016 ) ) ;
#5269 = CARTESIAN_POINT ( 'NONE',  ( 0.1302347367737692300, 1.488589852960654300, -14.80000000000001000 ) ) ;
#5270 = CARTESIAN_POINT ( 'NONE',  ( -1.849256894760482800, -0.2489017807919017800, -2.160000000000000100 ) ) ;
#5271 = CARTESIAN_POINT ( 'NONE',  ( -1.129999999999999900, 3.945373912892740100E-015, -10.48999999999999800 ) ) ;
#5272 = ADVANCED_FACE ( 'NONE', ( #1637 ), #3447, .F. ) ;
#5273 = CARTESIAN_POINT ( 'NONE',  ( -1.911348504168353800, 0.3120444620658925400, -13.30999999999999900 ) ) ;
#5274 = DIRECTION ( 'NONE',  ( -1.000000000000000000, -3.491481338843132600E-015, 0.0000000000000000000 ) ) ;
#5275 = VECTOR ( 'NONE', #4441, 1000.000000000000000 ) ;
#5276 = LINE ( 'NONE', #1993, #1281 ) ;
#5277 = CARTESIAN_POINT ( 'NONE',  ( 1.124455423749647600, -0.8000000000000000400, -13.57000000000000000 ) ) ;
#5278 = CARTESIAN_POINT ( 'NONE',  ( 1.122292637255825500, 0.08188208837420761500, -3.049999999999999800 ) ) ;
#5279 = EDGE_CURVE ( 'NONE', #4233, #3418, #1698, .T. ) ;
#5280 = CARTESIAN_POINT ( 'NONE',  ( -1.797964171800012300, -0.1132942572597265700, -2.160000000000000100 ) ) ;
#5281 = FACE_OUTER_BOUND ( 'NONE', #4696, .T. ) ;
#5282 = CARTESIAN_POINT ( 'NONE',  ( -0.1278529493454578500, 1.172490808159355000, -15.53015123714434300 ) ) ;
#5283 = DIRECTION ( 'NONE',  ( 1.000000000000000000, 0.0000000000000000000, 0.0000000000000000000 ) ) ;
#5284 = DIRECTION ( 'NONE',  ( -3.488520879062148500E-015, -1.000000000000000000, 4.727827394800278100E-031 ) ) ;
#5285 = AXIS2_PLACEMENT_3D ( 'NONE', #1425, #1866, #4733 ) ;
#5286 = ORIENTED_EDGE ( 'NONE', *, *, #3049, .T. ) ;
#5287 = DIRECTION ( 'NONE',  ( -0.9894526760102606600, 0.1448564873802145000, 0.0000000000000000000 ) ) ;
#5288 = CARTESIAN_POINT ( 'NONE',  ( -1.512150571982481700, -0.3522138164218320300, -2.516213385874560800 ) ) ;
#5289 = CARTESIAN_POINT ( 'NONE',  ( -0.9280677379337385300, -0.1420742447318447700, -3.050000000000001200 ) ) ;
#5290 = CARTESIAN_POINT ( 'NONE',  ( 1.379999999999999400, 0.0000000000000000000, -10.69000000000000000 ) ) ;
#5291 = DIRECTION ( 'NONE',  ( 0.1448564873802154200, -0.9894526760102604300, -0.0000000000000000000 ) ) ;
#5292 = DIRECTION ( 'NONE',  ( -1.000000000000000000, -3.491481338843132600E-015, 0.0000000000000000000 ) ) ;
#5293 = DIRECTION ( 'NONE',  ( -0.0000000000000000000, -0.0000000000000000000, 1.000000000000000000 ) ) ;
#5294 = EDGE_CURVE ( 'NONE', #135, #709, #1559, .T. ) ;
#5296 = VECTOR ( 'NONE', #3982, 1000.000000000000000 ) ;
#5295 = CARTESIAN_POINT ( 'NONE',  ( 0.3281037880933589400, 1.540919224832991900, -11.16707577369845200 ) ) ;
#5297 = CARTESIAN_POINT ( 'NONE',  ( -0.9759815436271610500, 0.1082971868380553800, -3.050000000001067000 ) ) ;
#5298 = CARTESIAN_POINT ( 'NONE',  ( 1.867656888683668000, -0.1809826181551263700, -2.160000330395195300 ) ) ;
#5299 = CARTESIAN_POINT ( 'NONE',  ( -1.374143825337888600, 0.1999999999969577200, -10.69000000000000000 ) ) ;
#5300 = B_SPLINE_CURVE_WITH_KNOTS ( 'NONE', 3,
 ( #5089, #3383, #1336, #3493 ),
 .UNSPECIFIED., .F., .F.,
 ( 4, 4 ),
 ( 0.07592342492034877300, 0.6457130057293961600 ),
 .UNSPECIFIED. ) ;
#5301 = ORIENTED_EDGE ( 'NONE', *, *, #3062, .F. ) ;
#5302 = FACE_OUTER_BOUND ( 'NONE', #3167, .T. ) ;
#5303 = ADVANCED_FACE ( 'NONE', ( #532 ), #1001, .T. ) ;
#5304 = DIRECTION ( 'NONE',  ( 1.000000000000000000, -0.0000000000000000000, -0.0000000000000000000 ) ) ;
#5305 = CARTESIAN_POINT ( 'NONE',  ( 1.449999999999999700, 1.980000000000000000, -3.549999999999999800 ) ) ;
#5306 = CARTESIAN_POINT ( 'NONE',  ( -1.142711595536619800, 0.5781906312671920600, -10.68999999999999600 ) ) ;
#5307 = DIRECTION ( 'NONE',  ( 0.9989484067727931700, 0.0000000000000000000, 0.04584845260309469700 ) ) ;
#5308 = CARTESIAN_POINT ( 'NONE',  ( -1.250000000000000200, 1.980000000000000000, -3.049999999999999800 ) ) ;
#5309 = DIRECTION ( 'NONE',  ( 0.0000000000000000000, 0.0000000000000000000, 1.000000000000000000 ) ) ;
#5310 = CARTESIAN_POINT ( 'NONE',  ( 1.395778303521665100, 0.8955030000579359300, -10.45592324346150000 ) ) ;
#5311 = DIRECTION ( 'NONE',  ( 1.000000000000000000, 0.0000000000000000000, 0.0000000000000000000 ) ) ;
#5312 = DIRECTION ( 'NONE',  ( 0.0000000000000000000, 0.0000000000000000000, 1.000000000000000000 ) ) ;
#5313 = VERTEX_POINT ( 'NONE', #1837 ) ;
#5314 = ORIENTED_EDGE ( 'NONE', *, *, #204, .T. ) ;
#5315 = CARTESIAN_POINT ( 'NONE',  ( -1.222150451240082000, 0.06392557650760818900, -3.049999999999999800 ) ) ;
#5316 = LINE ( 'NONE', #4483, #3256 ) ;
#5317 = EDGE_CURVE ( 'NONE', #5120, #2405, #4770, .T. ) ;
#5318 = FACE_OUTER_BOUND ( 'NONE', #2663, .T. ) ;
#5319 = CARTESIAN_POINT ( 'NONE',  ( 1.124455423749646200, -0.8000000000000018200, -1.000802005371237100E-016 ) ) ;
#5320 = PLANE ( 'NONE',  #4704 ) ;
#5321 = ORIENTED_EDGE ( 'NONE', *, *, #1148, .F. ) ;
#5322 = VECTOR ( 'NONE', #4352, 1000.000000000000000 ) ;
#5323 = EDGE_CURVE ( 'NONE', #3772, #3840, #4933, .T. ) ;
#5324 = FACE_OUTER_BOUND ( 'NONE', #3925, .T. ) ;
#5325 = DIRECTION ( 'NONE',  ( 0.2614880937736200900, 0.9652067016005632100, 0.0000000000000000000 ) ) ;
#5326 = CARTESIAN_POINT ( 'NONE',  ( -1.325354620630180300, -0.3877522763976849500, -6.745194071063286500 ) ) ;
#5327 = EDGE_CURVE ( 'NONE', #4575, #2506, #2612, .T. ) ;
#5328 = DIRECTION ( 'NONE',  ( -0.9894526760102604300, 0.1448564873802154500, 1.089205262999131000E-016 ) ) ;
#5329 = CARTESIAN_POINT ( 'NONE',  ( 1.256985690160948900, 0.05761819926762750500, -3.050000000000034500 ) ) ;
#5330 = FILL_AREA_STYLE ('',( #4925 ) ) ;
#5331 = ORIENTED_EDGE ( 'NONE', *, *, #1414, .T. ) ;
#5332 = CARTESIAN_POINT ( 'NONE',  ( -1.151620312390816200, 0.9000000000000000200, -12.82000000000000000 ) ) ;
#5333 = VERTEX_POINT ( 'NONE', #1409 ) ;
#5334 = DIRECTION ( 'NONE',  ( -0.0000000000000000000, -0.0000000000000000000, -1.000000000000000000 ) ) ;
#5335 = DIRECTION ( 'NONE',  ( 3.488520879062148900E-015, 1.000000000000000000, -4.727827394800279900E-031 ) ) ;
#5336 = DIRECTION ( 'NONE',  ( 0.0000000000000000000, 0.0000000000000000000, -1.000000000000000000 ) ) ;
#5337 = CARTESIAN_POINT ( 'NONE',  ( 0.0000000000000000000, 0.0000000000000000000, -3.200000000000000200 ) ) ;
#5338 = CARTESIAN_POINT ( 'NONE',  ( -1.579999999999999800, 5.516540515372150100E-015, -10.10000000000000100 ) ) ;
#5339 = VERTEX_POINT ( 'NONE', #1851 ) ;
#5340 = CARTESIAN_POINT ( 'NONE',  ( -1.379999999999999400, 0.0000000000000000000, -10.69000000000000000 ) ) ;
#5341 = CARTESIAN_POINT ( 'NONE',  ( -1.594208267448141300, -0.5299999999999944800, 2.505748519244147500E-031 ) ) ;
#5342 = EDGE_CURVE ( 'NONE', #2405, #1806, #1731, .T. ) ;
#5343 = EDGE_CURVE ( 'NONE', #660, #5199, #1904, .T. ) ;
#5344 = CARTESIAN_POINT ( 'NONE',  ( 1.166325481635974900, -0.2822850879635868100, -4.800000000000000700 ) ) ;
#5345 = CARTESIAN_POINT ( 'NONE',  ( 1.705198506160992200, -0.4619622990000609200, -2.159999999999999700 ) ) ;
#5346 = FACE_OUTER_BOUND ( 'NONE', #3665, .T. ) ;
#5347 = VECTOR ( 'NONE', #354, 1000.000000000000000 ) ;
#5348 = CARTESIAN_POINT ( 'NONE',  ( -5.200000000000001100, 0.9000000000000000200, -12.82000000000000000 ) ) ;
#5349 = CARTESIAN_POINT ( 'NONE',  ( 0.9759816596205895800, 0.1082979791395277400, -3.049999999999999800 ) ) ;
#5350 = DIRECTION ( 'NONE',  ( 1.000000000000000000, 0.0000000000000000000, -0.0000000000000000000 ) ) ;
#5352 = ADVANCED_FACE ( 'NONE', ( #4653 ), #3098, .T. ) ;
#5351 = CARTESIAN_POINT ( 'NONE',  ( -1.785632397961040900, -0.4837529734811967200, -2.160000000000000100 ) ) ;
#5353 = ORIENTED_EDGE ( 'NONE', *, *, #2198, .F. ) ;
#5354 = ORIENTED_EDGE ( 'NONE', *, *, #2996, .T. ) ;
#5355 = LINE ( 'NONE', #4217, #3150 ) ;
#5356 = CIRCLE ( 'NONE', #4982, 1.199999999999999700 ) ;
#5357 = DIRECTION ( 'NONE',  ( 0.5359621034618318200, -0.2776385729347787800, 0.7972837929316688400 ) ) ;
#5358 = ORIENTED_EDGE ( 'NONE', *, *, #133, .T. ) ;
#5359 = CARTESIAN_POINT ( 'NONE',  ( -1.379999999999999400, -2.599233761913835600E-011, -10.49000322412891800 ) ) ;
#5360 = DIRECTION ( 'NONE',  ( -0.0000000000000000000, 1.000000000000000000, -0.0000000000000000000 ) ) ;
#5361 = CARTESIAN_POINT ( 'NONE',  ( 1.311348578803790900, 0.4298503685884287300, -16.17000000000000200 ) ) ;
#5362 = AXIS2_PLACEMENT_3D ( 'NONE', #3014, #503, #3415 ) ;
#5363 = ORIENTED_EDGE ( 'NONE', *, *, #3474, .F. ) ;
#5364 = CARTESIAN_POINT ( 'NONE',  ( 1.249999999999999600, 1.980000000000000000, -3.049999999999999800 ) ) ;
#5365 = CARTESIAN_POINT ( 'NONE',  ( -0.8150000000000010600, 0.0000000000000000000, -13.31000000000000000 ) ) ;
#5366 = CARTESIAN_POINT ( 'NONE',  ( 0.0000000000000000000, 0.0000000000000000000, 0.0000000000000000000 ) ) ;
#5367 = DIRECTION ( 'NONE',  ( 0.5359621034618310400, 0.2776385729347807800, -0.7972837929316686200 ) ) ;
#5368 = CARTESIAN_POINT ( 'NONE',  ( 1.136493973694627800, -0.2198745394186144600, -2.807329975286015700 ) ) ;
#5369 = CARTESIAN_POINT ( 'NONE',  ( -1.257758094408550900, 0.9974845786978674400, -4.800000000000000700 ) ) ;
ENDSEC;
END-ISO-10303-21;
